process_name,lifecycle_stage,category_path,location,unit,ref_flow,description,material_tags,semantic_text,Agricultural land occupation,Climate change,Fossil depletion,Freshwater ecotoxicity,Freshwater eutrophication,Human toxicity,Ionising radiation,Marine ecotoxicity,Marine eutrophication,Metal depletion,Natural land transformation,Ozone depletion,Particulate matter formation,Photochemical oxidant formation,Terrestrial acidification,Terrestrial ecotoxicity,Urban land occupation,Water depletion
"Electricity Mix, consumption mix, at consumer, AC, 230-240V",Product-as-a-Service,Energy carriers and technologies > Electricity,GB,MJ,electricity mix,,other,"Process: Electricity Mix, consumption mix, at consumer, AC, 230-240V | Category: Energy carriers and technologies > Electricity | Lifecycle Stage: Product-as-a-Service | Location: GB | Materials: other | Unit: 1 MJ | Reference Flow: electricity mix | Description:  | Water depletion: 0.0016 | Freshwater ecotoxicity: 0.0001 | Marine ecotoxicity: 0.0001 | Ozone depletion: 0.0 | Marine eutrophication: 0.0001 | Human toxicity: 0.0144 | Particulate matter formation: 0.001 | Terrestrial acidification: 0.0035 | Climate change: 0.67 | Terrestrial ecotoxicity: 0.0 | Photochemical oxidant formation: 0.0016 | Ionising radiation: 0.1259 | Metal depletion: 0.0001 | Freshwater eutrophication: 0.0",0.0,0.6699812,0.0,0.00013134,9e-08,0.01435928,0.12590559,8.114e-05,5.547e-05,8.414e-05,0.0,1e-07,0.00095384,0.00160231,0.00347382,1.023e-05,0.0,0.0016407
"Process steam from natural gas, consumption mix, at plant, heat plant, MJ",Product-as-a-Service,Energy carriers and technologies > Heat and steam,SK,MJ,process steam from natural gas,,natural gas,"Process: Process steam from natural gas, consumption mix, at plant, heat plant, MJ | Category: Energy carriers and technologies > Heat and steam | Lifecycle Stage: Product-as-a-Service | Location: SK | Materials: natural gas | Unit: 1 MJ | Reference Flow: process steam from natural gas | Description:  | Water depletion: 0.0 | Freshwater ecotoxicity: 0.0 | Marine ecotoxicity: 0.0 | Marine eutrophication: 0.0 | Human toxicity: 0.0002 | Particulate matter formation: 0.0001 | Terrestrial acidification: 0.0002 | Climate change: 0.0839 | Terrestrial ecotoxicity: 0.0 | Photochemical oxidant formation: 0.0002 | Ionising radiation: 0.0005 | Metal depletion: 0.0001 | Freshwater eutrophication: 0.0",0.0,0.08386352,0.0,2.55e-06,1.06e-06,0.00021583,0.00049231,2.3e-06,6.74e-06,6.716e-05,0.0,0.0,5.059e-05,0.00019416,0.00015558,1.3e-07,0.0,2.76e-06
"Electricity Mix, consumption mix, at consumer, AC, < 1kV",Product-as-a-Service,Energy carriers and technologies > Electricity,EU-27,MJ,electricity mix,,other,"Process: Electricity Mix, consumption mix, at consumer, AC, < 1kV | Category: Energy carriers and technologies > Electricity | Lifecycle Stage: Product-as-a-Service | Location: EU-27 | Materials: other | Unit: 1 MJ | Reference Flow: electricity mix | Description:  | Water depletion: 0.0015 | Freshwater ecotoxicity: 0.0002 | Marine ecotoxicity: 0.0001 | Ozone depletion: 0.0 | Marine eutrophication: 0.0 | Human toxicity: 0.0189 | Particulate matter formation: 0.001 | Terrestrial acidification: 0.0039 | Climate change: 0.5958 | Terrestrial ecotoxicity: 0.0 | Photochemical oxidant formation: 0.0014 | Ionising radiation: 0.1736 | Metal depletion: 0.0002 | Freshwater eutrophication: 0.0",0.0,0.5958123,0.0,0.00018028,5.8e-07,0.01885173,0.17364564,0.00012052,4.643e-05,0.00018564,0.0,1.4e-07,0.00104279,0.0013775,0.00387421,1.314e-05,0.0,0.00153998
"Process steam from Light fuel oil 90%, consumption mix, at power plant, heat plant, MJ, 90 % efficiency",Product-as-a-Service,Energy carriers and technologies > Heat and steam,EU-27,MJ,process steam,,other,"Process: Process steam from Light fuel oil 90%, consumption mix, at power plant, heat plant, MJ, 90 % efficiency | Category: Energy carriers and technologies > Heat and steam | Lifecycle Stage: Product-as-a-Service | Location: EU-27 | Materials: other | Unit: 1 MJ | Reference Flow: process steam | Description:  | Water depletion: 0.0 | Freshwater ecotoxicity: 0.0 | Marine ecotoxicity: 0.0 | Marine eutrophication: 0.0 | Human toxicity: 0.0006 | Particulate matter formation: 0.0001 | Urban land occupation: 0.0 | Agricultural land occupation: 0.0 | Terrestrial acidification: 0.0002 | Climate change: 0.1032 | Terrestrial ecotoxicity: 0.0 | Photochemical oxidant formation: 0.0002 | Ionising radiation: 0.0001 | Metal depletion: 0.0001 | Freshwater eutrophication: 0.0 | Natural land transformation: -0.0",5.59e-06,0.10318796,0.0,4.68e-06,2e-08,0.00061228,0.00013751,4.021e-05,7.64e-06,6.924e-05,-4e-08,0.0,6.599e-05,0.00021295,0.0002012,1.5e-07,8.39e-06,3.138e-05
"Polyethylene terephthalate (PET) granulate, production mix, at plant, amorphous",Raw Materials,Materials production > Plastics,RER,kg,polyethylene terephthalate (PET) granulate,,polyethylene,"Process: Polyethylene terephthalate (PET) granulate, production mix, at plant, amorphous | Category: Materials production > Plastics | Lifecycle Stage: Raw Materials | Location: RER | Materials: polyethylene | Unit: 1 kg | Reference Flow: polyethylene terephthalate (PET) granulate | Description:  | Water depletion: 0.0543 | Freshwater ecotoxicity: 0.0001 | Marine ecotoxicity: 0.0006 | Marine eutrophication: 0.0003 | Human toxicity: 0.0056 | Particulate matter formation: 0.0055 | Terrestrial acidification: 0.0142 | Climate change: 3.3716 | Terrestrial ecotoxicity: 0.0 | Photochemical oxidant formation: 0.018 | Metal depletion: 0.0003 | Freshwater eutrophication: 0.0",0.0,3.37156258,0.0,0.0001288,2.1e-07,0.0056312,0.0,0.00059957,0.00029317,0.00034652,0.0,0.0,0.00553908,0.01796787,0.01419199,3.544e-05,0.0,0.05431214
"Electricity grid mix, consumption mix, at consumer, AC, 230V",Product-as-a-Service,Energy carriers and technologies > Electricity,FI,MJ,Electricity,,other,"Process: Electricity grid mix, consumption mix, at consumer, AC, 230V | Category: Energy carriers and technologies > Electricity | Lifecycle Stage: Product-as-a-Service | Location: FI | Materials: other | Unit: 1 MJ | Reference Flow: Electricity | Description:  | Water depletion: 0.0038 | Freshwater ecotoxicity: 0.0001 | Marine ecotoxicity: 0.0001 | Marine eutrophication: 0.0 | Human toxicity: 0.0089 | Particulate matter formation: 0.0004 | Urban land occupation: 0.0001 | Agricultural land occupation: 0.0001 | Terrestrial acidification: 0.0012 | Climate change: 0.3084 | Terrestrial ecotoxicity: 0.0 | Photochemical oxidant formation: 0.0009 | Ionising radiation: 0.1145 | Metal depletion: 0.0022 | Freshwater eutrophication: 0.0 | Natural land transformation: -0.0",9.634e-05,0.30838511,0.0,0.00012103,2e-08,0.00894484,0.11447778,5.47e-05,3.227e-05,0.00221761,-1.04e-06,0.0,0.0003786,0.00086874,0.00118121,5.08e-06,0.00014451,0.00375969
"Electricity grid mix, consumption mix, at consumer, AC, 230V",Product-as-a-Service,Energy carriers and technologies > Electricity,LU,MJ,Electricity,,other,"Process: Electricity grid mix, consumption mix, at consumer, AC, 230V | Category: Energy carriers and technologies > Electricity | Lifecycle Stage: Product-as-a-Service | Location: LU | Materials: other | Unit: 1 MJ | Reference Flow: Electricity | Description:  | Water depletion: 0.0039 | Freshwater ecotoxicity: 0.0012 | Marine ecotoxicity: 0.0011 | Ozone depletion: 0.0 | Marine eutrophication: 0.0 | Human toxicity: 0.1964 | Particulate matter formation: 0.0002 | Urban land occupation: 0.0001 | Agricultural land occupation: 0.0001 | Terrestrial acidification: 0.0007 | Climate change: 0.5341 | Terrestrial ecotoxicity: 0.0 | Photochemical oxidant formation: 0.0006 | Ionising radiation: 0.0744 | Metal depletion: 0.001 | Freshwater eutrophication: 0.0 | Natural land transformation: -0.0",7.708e-05,0.53413468,0.0,0.00124408,2e-08,0.19639902,0.07440002,0.00113031,2.806e-05,0.00102767,-9.71e-06,2e-08,0.00021878,0.00063868,0.00070171,6.4e-06,0.00011562,0.00391357
"Process steam from natural gas 90%, consumption mix, at power plant, heat plant, MJ, 90 % efficiency",Product-as-a-Service,Energy carriers and technologies > Heat and steam,PT,MJ,process steam,,natural gas,"Process: Process steam from natural gas 90%, consumption mix, at power plant, heat plant, MJ, 90 % efficiency | Category: Energy carriers and technologies > Heat and steam | Lifecycle Stage: Product-as-a-Service | Location: PT | Materials: natural gas | Unit: 1 MJ | Reference Flow: process steam | Description:  | Water depletion: 0.0 | Freshwater ecotoxicity: 0.0 | Marine ecotoxicity: 0.0 | Marine eutrophication: 0.0 | Human toxicity: 0.0002 | Particulate matter formation: 0.0 | Urban land occupation: 0.0 | Agricultural land occupation: 0.0 | Terrestrial acidification: 0.0001 | Climate change: 0.096 | Terrestrial ecotoxicity: 0.0 | Photochemical oxidant formation: 0.0001 | Ionising radiation: 0.0 | Metal depletion: 0.0 | Natural land transformation: -0.0",2.35e-06,0.09595353,0.0,6.1e-07,0.0,0.00023995,2.262e-05,1.98e-06,2.62e-06,3.889e-05,-2e-08,0.0,3.657e-05,0.0001296,0.00013188,1.6e-07,3.52e-06,3.356e-05
"Electricity Mix, consumption mix, at consumer, AC, 1kV - 60kV",Product-as-a-Service,Energy carriers and technologies > Electricity,SK,MJ,electricity mix,,other,"Process: Electricity Mix, consumption mix, at consumer, AC, 1kV - 60kV | Category: Energy carriers and technologies > Electricity | Lifecycle Stage: Product-as-a-Service | Location: SK | Materials: other | Unit: 1 MJ | Reference Flow: electricity mix | Description:  | Water depletion: 0.0014 | Freshwater ecotoxicity: 0.0003 | Marine ecotoxicity: 0.0001 | Ozone depletion: 0.0 | Marine eutrophication: 0.0 | Human toxicity: 0.0159 | Particulate matter formation: 0.0008 | Terrestrial acidification: 0.0032 | Climate change: 0.3528 | Terrestrial ecotoxicity: 0.0 | Photochemical oxidant formation: 0.001 | Ionising radiation: 0.2787 | Metal depletion: 0.0002 | Freshwater eutrophication: 0.0",0.0,0.35275339,0.0,0.00027833,1.02e-06,0.01594969,0.27873318,0.00012005,3.284e-05,0.0001644,0.0,2.3e-07,0.0008107,0.00100463,0.00324568,1.263e-05,0.0,0.00139536
"Compressed air, production mix, 7 bar, high efficiency, low power consumption",Raw Materials,Energy carriers and technologies > Mechanical energy,GLO,m3,compressed air,,other,"Process: Compressed air, production mix, 7 bar, high efficiency, low power consumption | Category: Energy carriers and technologies > Mechanical energy | Lifecycle Stage: Raw Materials | Location: GLO | Materials: other | Unit: 1 m3 | Reference Flow: compressed air | Description: ",0.0,0.0,0.0,0.0,0.0,0.0,0.0,0.0,0.0,0.0,0.0,0.0,0.0,0.0,0.0,0.0,0.0,0.0
"Polyethylene high density granulate (PE-HD), production mix, at plant",Raw Materials,Materials production > Plastics,RER,kg,polyethylene high density granulate (PE-HD),,polyethylene,"Process: Polyethylene high density granulate (PE-HD), production mix, at plant | Category: Materials production > Plastics | Lifecycle Stage: Raw Materials | Location: RER | Materials: polyethylene | Unit: 1 kg | Reference Flow: polyethylene high density granulate (PE-HD) | Description:  | Water depletion: 0.019 | Freshwater ecotoxicity: 0.0 | Marine ecotoxicity: 0.0 | Marine eutrophication: 0.0001 | Human toxicity: 0.0018 | Particulate matter formation: 0.0022 | Terrestrial acidification: 0.0059 | Climate change: 1.9999 | Terrestrial ecotoxicity: 0.0 | Photochemical oxidant formation: 0.0085 | Metal depletion: 0.0002 | Freshwater eutrophication: 0.0",0.0,1.99987771,0.0,4.915e-05,7.4e-07,0.00175456,0.0,1.806e-05,0.00013015,0.00021943,0.0,0.0,0.00217064,0.00851519,0.0058853,2.5e-07,0.0,0.01902941
"Titanium Dioxide, production mix, at plant, Chloride and sulphate processes, > 80% TiO2",Raw Materials,Materials production > Inorganic chemicals,GLO,kg,"Titanium dioxide, chloride and sulphate processes, >80% TiO2, production mix, at plant",,titanium,"Process: Titanium Dioxide, production mix, at plant, Chloride and sulphate processes, > 80% TiO2 | Category: Materials production > Inorganic chemicals | Lifecycle Stage: Raw Materials | Location: GLO | Materials: titanium | Unit: 1 kg | Reference Flow: Titanium dioxide, chloride and sulphate processes, >80% TiO2, production mix, at plant | Description:  | Water depletion: 7.3876 | Freshwater ecotoxicity: 0.0307 | Marine ecotoxicity: 0.0759 | Ozone depletion: 0.0 | Marine eutrophication: 0.001 | Human toxicity: 2.8831 | Particulate matter formation: 0.0118 | Urban land occupation: 0.0637 | Agricultural land occupation: 0.0336 | Terrestrial acidification: 0.038 | Climate change: 5.7323 | Terrestrial ecotoxicity: 0.004 | Photochemical oxidant formation: 0.0229 | Ionising radiation: 0.5672 | Metal depletion: 0.0845 | Freshwater eutrophication: 0.0012 | Natural land transformation: -0.0006",0.03355351,5.73234593,0.0,0.0307189,0.00115549,2.88310377,0.56717492,0.07589727,0.00102727,0.08454933,-0.00060111,5.3e-07,0.01176608,0.02293807,0.03803773,0.0040358,0.0637276,7.38755544
"Process steam from natural gas 90%, consumption mix, at power plant, heat plant, MJ, 90 % efficiency",Product-as-a-Service,Energy carriers and technologies > Heat and steam,HU,MJ,process steam,,natural gas,"Process: Process steam from natural gas 90%, consumption mix, at power plant, heat plant, MJ, 90 % efficiency | Category: Energy carriers and technologies > Heat and steam | Lifecycle Stage: Product-as-a-Service | Location: HU | Materials: natural gas | Unit: 1 MJ | Reference Flow: process steam | Description:  | Water depletion: 0.0 | Freshwater ecotoxicity: 0.0 | Marine ecotoxicity: 0.0 | Marine eutrophication: 0.0 | Human toxicity: 0.0002 | Particulate matter formation: 0.0 | Urban land occupation: 0.0 | Agricultural land occupation: 0.0 | Terrestrial acidification: 0.0001 | Climate change: 0.0865 | Terrestrial ecotoxicity: 0.0 | Photochemical oxidant formation: 0.0001 | Ionising radiation: 0.0001 | Metal depletion: 0.0002 | Natural land transformation: -0.0",1.208e-05,0.08651194,0.0,3.36e-06,0.0,0.0001795,0.00014512,3.34e-06,4.03e-06,0.00015426,-8e-08,0.0,2.738e-05,0.00012197,7.749e-05,4e-08,1.811e-05,4.175e-05
"Process steam from Light fuel oil 90 %, consumption mix, at power plant, heat plant, MJ, 90 % efficiency",Product-as-a-Service,Energy carriers and technologies > Heat and steam,GB,MJ,process steam,,other,"Process: Process steam from Light fuel oil 90 %, consumption mix, at power plant, heat plant, MJ, 90 % efficiency | Category: Energy carriers and technologies > Heat and steam | Lifecycle Stage: Product-as-a-Service | Location: GB | Materials: other | Unit: 1 MJ | Reference Flow: process steam | Description:  | Water depletion: 0.0 | Freshwater ecotoxicity: 0.0 | Marine ecotoxicity: 0.0001 | Marine eutrophication: 0.0 | Human toxicity: 0.0003 | Particulate matter formation: 0.0001 | Urban land occupation: 0.0 | Agricultural land occupation: 0.0 | Terrestrial acidification: 0.0002 | Climate change: 0.095 | Terrestrial ecotoxicity: 0.0 | Photochemical oxidant formation: 0.0003 | Ionising radiation: 0.0001 | Metal depletion: 0.0 | Freshwater eutrophication: 0.0 | Natural land transformation: -0.0",4.31e-06,0.09501314,0.0,1.38e-06,2e-08,0.00031552,9.337e-05,8.658e-05,1.164e-05,4.492e-05,-2e-08,0.0,7.755e-05,0.00030645,0.00020235,1.3e-07,6.46e-06,1.097e-05
"Aluminium extrusion profile, production mix, at plant, primary production, aluminium semi-finished extrusion product, including primary production, transformation and   recycling",End-of-Life,Materials production > Metals and semimetals,RER,kg,aluminium extrusion profile,,aluminium,"Process: Aluminium extrusion profile, production mix, at plant, primary production, aluminium semi-finished extrusion product, including primary production, transformation and   recycling | Category: Materials production > Metals and semimetals | Lifecycle Stage: End-of-Life | Location: RER | Materials: aluminium | Unit: 1 kg | Reference Flow: aluminium extrusion profile | Description:  | Water depletion: 5.0727 | Freshwater ecotoxicity: 0.5022 | Marine ecotoxicity: 0.5023 | Ozone depletion: 0.0003 | Marine eutrophication: 0.1693 | Human toxicity: 147.8468 | Particulate matter formation: 3.7743 | Terrestrial acidification: 9.5814 | Climate change: 2460.9803 | Terrestrial ecotoxicity: 0.0485 | Photochemical oxidant formation: 4.7389 | Ionising radiation: 345.1239 | Metal depletion: 5.0322 | Freshwater eutrophication: 0.0056",0.0,2460.9802734,0.0,0.50218251,0.00555422,147.84680195,345.12386144,0.50227396,0.16930239,5.0321734,0.0,0.00028505,3.77428278,4.738898,9.58144022,0.04854365,0.0,5.07274925
"Aluminium sheet, production mix, at plant, primary production, aluminium semi-finished sheet product, including primary production, transformation and recycling",End-of-Life,Materials production > Metals and semimetals,RER,kg,aluminium sheet,,aluminium,"Process: Aluminium sheet, production mix, at plant, primary production, aluminium semi-finished sheet product, including primary production, transformation and recycling | Category: Materials production > Metals and semimetals | Lifecycle Stage: End-of-Life | Location: RER | Materials: aluminium | Unit: 1 kg | Reference Flow: aluminium sheet | Description:  | Water depletion: 6.49 | Freshwater ecotoxicity: 0.6884 | Marine ecotoxicity: 0.7475 | Ozone depletion: 0.0004 | Marine eutrophication: 0.2052 | Human toxicity: 238.8 | Particulate matter formation: 5.3764 | Terrestrial acidification: 12.6316 | Climate change: 3228.613 | Terrestrial ecotoxicity: 0.0718 | Photochemical oxidant formation: 6.2816 | Ionising radiation: 431.5166 | Metal depletion: 6.1844 | Freshwater eutrophication: 0.0065",0.0,3228.61296264,0.0,0.68839301,0.00649722,238.80000845,431.51655302,0.74751114,0.2051563,6.18444344,0.0,0.00035642,5.37638531,6.28164442,12.63160988,0.0718249,0.0,6.48999542
"Electricity Mix, consumption mix, at consumer, AC, 1kV - 60kV",Product-as-a-Service,Energy carriers and technologies > Electricity,HU,MJ,electricity mix,,other,"Process: Electricity Mix, consumption mix, at consumer, AC, 1kV - 60kV | Category: Energy carriers and technologies > Electricity | Lifecycle Stage: Product-as-a-Service | Location: HU | Materials: other | Unit: 1 MJ | Reference Flow: electricity mix | Description:  | Water depletion: 0.0016 | Freshwater ecotoxicity: 0.0002 | Marine ecotoxicity: 0.0002 | Ozone depletion: 0.0 | Marine eutrophication: 0.0001 | Human toxicity: 0.0325 | Particulate matter formation: 0.0015 | Terrestrial acidification: 0.0062 | Climate change: 0.6334 | Terrestrial ecotoxicity: 0.0 | Photochemical oxidant formation: 0.0017 | Ionising radiation: 0.2029 | Metal depletion: 0.0003 | Freshwater eutrophication: 0.0",0.0,0.63336829,0.0,0.00021757,2.76e-06,0.03248903,0.20292004,0.00020453,5.059e-05,0.0003278,0.0,1.7e-07,0.00153456,0.00171155,0.00617699,2.334e-05,0.0,0.00162875
"Electricity Mix, consumption mix, at consumer, AC, 230V",Product-as-a-Service,Energy carriers and technologies > Electricity,SE,MJ,electricity mix,,other,"Process: Electricity Mix, consumption mix, at consumer, AC, 230V | Category: Energy carriers and technologies > Electricity | Lifecycle Stage: Product-as-a-Service | Location: SE | Materials: other | Unit: 1 MJ | Reference Flow: electricity mix | Description:  | Water depletion: 0.001 | Freshwater ecotoxicity: 0.0002 | Marine ecotoxicity: 0.0001 | Ozone depletion: 0.0 | Marine eutrophication: 0.0 | Human toxicity: 0.0042 | Particulate matter formation: 0.0001 | Terrestrial acidification: 0.0002 | Climate change: 0.1121 | Terrestrial ecotoxicity: 0.0 | Photochemical oxidant formation: 0.0002 | Ionising radiation: 0.2281 | Metal depletion: 0.0002 | Freshwater eutrophication: 0.0",0.0,0.11207461,0.0,0.00022483,8e-08,0.00424746,0.22814374,6.175e-05,9.05e-06,0.0002078,0.0,1.9e-07,7.127e-05,0.00015738,0.00018709,4.87e-06,0.0,0.00098187
"Barge, technology mix, 1.228 t pay load capacity",Raw Materials,Transport services > Water,RER,t*km,transport in t*km,,other,"Process: Barge, technology mix, 1.228 t pay load capacity | Category: Transport services > Water | Lifecycle Stage: Raw Materials | Location: RER | Materials: other | Unit: 1 t*km | Reference Flow: transport in t*km | Description:  | Water depletion: 0.0 | Freshwater ecotoxicity: 0.0 | Marine ecotoxicity: 0.0 | Marine eutrophication: 0.0 | Human toxicity: 0.0001 | Particulate matter formation: 0.0001 | Terrestrial acidification: 0.0003 | Climate change: 0.0274 | Terrestrial ecotoxicity: 0.0 | Photochemical oxidant formation: 0.0005 | Ionising radiation: 0.0001 | Metal depletion: 0.0 | Freshwater eutrophication: 0.0",0.0,0.02743777,0.0,5.9e-07,8e-08,9.043e-05,6.135e-05,7.02e-06,1.665e-05,5.84e-06,0.0,0.0,0.0001142,0.00046792,0.0002707,8e-08,0.0,2.23e-06
"Steel sections (ILCD), production mix, at plant, blast furnace route / electric arc furnace route, 1 kg",Raw Materials,Materials production > Metals and semimetals,GLO,kg,Steel sections,,steel,"Process: Steel sections (ILCD), production mix, at plant, blast furnace route / electric arc furnace route, 1 kg | Category: Materials production > Metals and semimetals | Lifecycle Stage: Raw Materials | Location: GLO | Materials: steel | Unit: 1 kg | Reference Flow: Steel sections | Description:  | Water depletion: 0.001 | Freshwater ecotoxicity: 0.0 | Marine ecotoxicity: 0.0002 | Ozone depletion: 0.0 | Marine eutrophication: 0.0002 | Human toxicity: 0.0824 | Particulate matter formation: 0.0023 | Terrestrial acidification: 0.004 | Climate change: 1.5999 | Terrestrial ecotoxicity: 0.0 | Photochemical oxidant formation: 0.0037 | Ionising radiation: 0.0441 | Metal depletion: 0.8276 | Freshwater eutrophication: 0.0",0.0,1.59991216,0.0,3.013e-05,5e-07,0.08240282,0.04405506,0.00015012,0.00019892,0.82760302,0.0,4e-08,0.00229826,0.00371857,0.003963,2.066e-05,0.0,0.00099655
"Electricity Mix, consumption mix, at consumer, AC, 1kV - 60kV",Product-as-a-Service,Energy carriers and technologies > Electricity,EU-27,MJ,electricity mix,,other,"Process: Electricity Mix, consumption mix, at consumer, AC, 1kV - 60kV | Category: Energy carriers and technologies > Electricity | Lifecycle Stage: Product-as-a-Service | Location: EU-27 | Materials: other | Unit: 1 MJ | Reference Flow: electricity mix | Description:  | Water depletion: 0.0015 | Freshwater ecotoxicity: 0.0002 | Marine ecotoxicity: 0.0001 | Ozone depletion: 0.0 | Marine eutrophication: 0.0 | Human toxicity: 0.0177 | Particulate matter formation: 0.001 | Terrestrial acidification: 0.0036 | Climate change: 0.5638 | Terrestrial ecotoxicity: 0.0 | Photochemical oxidant formation: 0.0013 | Ionising radiation: 0.1648 | Metal depletion: 0.0002 | Freshwater eutrophication: 0.0",0.0,0.56379837,0.0,0.00017102,5.5e-07,0.01766309,0.16479314,0.00011344,4.37e-05,0.00017628,0.0,1.4e-07,0.00096848,0.0012908,0.00359471,1.232e-05,0.0,0.00146068
"Process steam from Heavy fuel oil 90 %, consumption mix, at power plant, heat plant, MJ, 90 % efficiency",Product-as-a-Service,Energy carriers and technologies > Heat and steam,SI,MJ,process steam,,other,"Process: Process steam from Heavy fuel oil 90 %, consumption mix, at power plant, heat plant, MJ, 90 % efficiency | Category: Energy carriers and technologies > Heat and steam | Lifecycle Stage: Product-as-a-Service | Location: SI | Materials: other | Unit: 1 MJ | Reference Flow: process steam | Description:  | Water depletion: 0.0001 | Freshwater ecotoxicity: 0.0 | Marine ecotoxicity: 0.0002 | Marine eutrophication: 0.0 | Human toxicity: 0.0098 | Particulate matter formation: 0.0002 | Urban land occupation: 0.0 | Agricultural land occupation: 0.0 | Terrestrial acidification: 0.0008 | Climate change: 0.1017 | Terrestrial ecotoxicity: 0.0 | Photochemical oxidant formation: 0.0003 | Ionising radiation: 0.0002 | Metal depletion: 0.0001 | Freshwater eutrophication: 0.0 | Natural land transformation: -0.0",1.117e-05,0.10172115,0.0,1.117e-05,2e-08,0.00976797,0.00017209,0.00015625,9.19e-06,0.00012776,-7e-08,0.0,0.00020186,0.00029119,0.00076796,1.371e-05,1.675e-05,5.369e-05
"Electricity grid mix 1kV-60kV, consumption mix, at consumer, AC, 1kV - 60kV",Product-as-a-Service,Energy carriers and technologies > Electricity,CY,MJ,Electricity,,other,"Process: Electricity grid mix 1kV-60kV, consumption mix, at consumer, AC, 1kV - 60kV | Category: Energy carriers and technologies > Electricity | Lifecycle Stage: Product-as-a-Service | Location: CY | Materials: other | Unit: 1 MJ | Reference Flow: Electricity | Description:  | Water depletion: 0.0018 | Freshwater ecotoxicity: 0.0 | Marine ecotoxicity: 0.0003 | Marine eutrophication: 0.0001 | Human toxicity: 0.0155 | Particulate matter formation: 0.0016 | Urban land occupation: 0.0001 | Agricultural land occupation: 0.0 | Terrestrial acidification: 0.0065 | Climate change: 0.9037 | Terrestrial ecotoxicity: 0.0 | Photochemical oxidant formation: 0.0024 | Ionising radiation: 0.0003 | Metal depletion: 0.0005 | Freshwater eutrophication: 0.0 | Natural land transformation: -0.0",4.882e-05,0.90371333,0.0,3.992e-05,1.6e-07,0.01546837,0.00026848,0.00033097,7.288e-05,0.00048156,-2e-07,0.0,0.00164771,0.00236503,0.00649797,1.764e-05,7.323e-05,0.0017852
"Electricity grid mix 1kV-60kV, consumption mix, at consumer, AC, 1kV - 60kV",Product-as-a-Service,Energy carriers and technologies > Electricity,EE,MJ,Electricity,,other,"Process: Electricity grid mix 1kV-60kV, consumption mix, at consumer, AC, 1kV - 60kV | Category: Energy carriers and technologies > Electricity | Lifecycle Stage: Product-as-a-Service | Location: EE | Materials: other | Unit: 1 MJ | Reference Flow: Electricity | Description:  | Water depletion: 0.003 | Freshwater ecotoxicity: 0.0001 | Marine ecotoxicity: 0.0002 | Marine eutrophication: 0.0001 | Human toxicity: 0.0408 | Particulate matter formation: 0.002 | Urban land occupation: 0.0003 | Agricultural land occupation: 0.0002 | Terrestrial acidification: 0.0065 | Climate change: 1.2141 | Terrestrial ecotoxicity: 0.0 | Photochemical oxidant formation: 0.0018 | Ionising radiation: 0.027 | Metal depletion: 0.0007 | Freshwater eutrophication: 0.0 | Natural land transformation: 0.0",0.00020783,1.21413646,0.0,0.00012095,3e-08,0.04083671,0.02702578,0.00021143,7.48e-05,0.00069169,-4.378e-05,0.0,0.00197273,0.00177946,0.00650157,1.953e-05,0.00031174,0.00304019
"Process steam from natural gas, consumption mix, at plant, heat plant, MJ",Product-as-a-Service,Energy carriers and technologies > Heat and steam,SI,MJ,process steam from natural gas,,natural gas,"Process: Process steam from natural gas, consumption mix, at plant, heat plant, MJ | Category: Energy carriers and technologies > Heat and steam | Lifecycle Stage: Product-as-a-Service | Location: SI | Materials: natural gas | Unit: 1 MJ | Reference Flow: process steam from natural gas | Description:  | Water depletion: 0.0 | Freshwater ecotoxicity: 0.0 | Marine ecotoxicity: 0.0 | Marine eutrophication: 0.0 | Human toxicity: 0.0002 | Particulate matter formation: 0.0 | Terrestrial acidification: 0.0001 | Climate change: 0.0798 | Terrestrial ecotoxicity: 0.0 | Photochemical oxidant formation: 0.0002 | Ionising radiation: 0.0 | Metal depletion: 0.0 | Freshwater eutrophication: 0.0",0.0,0.07983503,0.0,1.5e-06,6.9e-07,0.0001591,2.815e-05,1.51e-06,6.58e-06,4.901e-05,0.0,0.0,4.708e-05,0.00018686,0.0001404,9e-08,0.0,5.7e-07
"Process steam from Light fuel oil 90 %, consumption mix, at power plant, heat plant, MJ, 90 % efficiency",Product-as-a-Service,Energy carriers and technologies > Heat and steam,CH,MJ,process steam,,other,"Process: Process steam from Light fuel oil 90 %, consumption mix, at power plant, heat plant, MJ, 90 % efficiency | Category: Energy carriers and technologies > Heat and steam | Lifecycle Stage: Product-as-a-Service | Location: CH | Materials: other | Unit: 1 MJ | Reference Flow: process steam | Description:  | Water depletion: 0.0 | Freshwater ecotoxicity: 0.0 | Marine ecotoxicity: 0.0 | Marine eutrophication: 0.0 | Human toxicity: 0.0005 | Particulate matter formation: 0.0 | Urban land occupation: 0.0 | Agricultural land occupation: 0.0 | Terrestrial acidification: 0.0001 | Climate change: 0.1028 | Terrestrial ecotoxicity: 0.0 | Photochemical oxidant formation: 0.0001 | Ionising radiation: 0.0002 | Metal depletion: 0.0001 | Freshwater eutrophication: 0.0 | Natural land transformation: -0.0",3.72e-06,0.10282604,0.0,6.56e-06,2e-08,0.00053295,0.00015553,8.4e-06,2.96e-06,5.73e-05,-2e-08,0.0,2.972e-05,9.305e-05,0.00010305,1.3e-07,5.58e-06,3.769e-05
"Process steam from Heavy fuel oil 90 %, consumption mix, at power plant, heat plant, MJ, 90 % efficiency",Product-as-a-Service,Energy carriers and technologies > Heat and steam,GR,MJ,process steam,,other,"Process: Process steam from Heavy fuel oil 90 %, consumption mix, at power plant, heat plant, MJ, 90 % efficiency | Category: Energy carriers and technologies > Heat and steam | Lifecycle Stage: Product-as-a-Service | Location: GR | Materials: other | Unit: 1 MJ | Reference Flow: process steam | Description:  | Water depletion: 0.0 | Freshwater ecotoxicity: 0.0 | Marine ecotoxicity: 0.0002 | Marine eutrophication: 0.0 | Human toxicity: 0.0098 | Particulate matter formation: 0.0002 | Urban land occupation: 0.0 | Agricultural land occupation: 0.0 | Terrestrial acidification: 0.0008 | Climate change: 0.1066 | Terrestrial ecotoxicity: 0.0 | Photochemical oxidant formation: 0.0003 | Ionising radiation: 0.0 | Metal depletion: 0.0001 | Freshwater eutrophication: 0.0 | Natural land transformation: -0.0",5.57e-06,0.10663707,0.0,1.058e-05,2e-08,0.00978898,4.515e-05,0.00015687,8.76e-06,7.127e-05,-1.2e-07,0.0,0.00022187,0.00028964,0.00079226,1.375e-05,8.36e-06,3.933e-05
"Electricity Mix, consumption mix, at consumer, AC, 220V",Product-as-a-Service,Energy carriers and technologies > Electricity,EE,MJ,electricity mix,,other,"Process: Electricity Mix, consumption mix, at consumer, AC, 220V | Category: Energy carriers and technologies > Electricity | Lifecycle Stage: Product-as-a-Service | Location: EE | Materials: other | Unit: 1 MJ | Reference Flow: electricity mix | Description:  | Water depletion: 0.0022 | Freshwater ecotoxicity: 0.0 | Marine ecotoxicity: 0.0002 | Ozone depletion: 0.0 | Marine eutrophication: 0.0001 | Human toxicity: 0.0731 | Particulate matter formation: 0.0084 | Terrestrial acidification: 0.0364 | Climate change: 1.6109 | Terrestrial ecotoxicity: 0.0 | Photochemical oxidant formation: 0.0066 | Ionising radiation: 0.0157 | Metal depletion: 0.0002 | Freshwater eutrophication: 0.0",0.0,1.61088938,0.0,3.727e-05,1.86e-06,0.07309402,0.01574367,0.00020465,0.00014858,0.00020997,0.0,1e-08,0.00835902,0.00663838,0.03637863,3.655e-05,0.0,0.00220678
"Polypropylene granulate (PP), production mix, at plant",Raw Materials,Materials production > Plastics,RER,kg,polypropylene granulate (PP),,other,"Process: Polypropylene granulate (PP), production mix, at plant | Category: Materials production > Plastics | Lifecycle Stage: Raw Materials | Location: RER | Materials: other | Unit: 1 kg | Reference Flow: polypropylene granulate (PP) | Description:  | Water depletion: 0.0344 | Freshwater ecotoxicity: 0.0001 | Marine ecotoxicity: 0.0 | Marine eutrophication: 0.0002 | Human toxicity: 0.0014 | Particulate matter formation: 0.0021 | Terrestrial acidification: 0.0056 | Climate change: 2.0309 | Terrestrial ecotoxicity: 0.0 | Photochemical oxidant formation: 0.0075 | Metal depletion: 0.0003 | Freshwater eutrophication: 0.0002",0.0,2.03089736,0.0,7.087e-05,0.00017733,0.00138166,0.0,3.05e-06,0.00015941,0.00031337,0.0,0.0,0.00207545,0.00750991,0.00562495,2e-07,0.0,0.03437724
"Process steam from light fuel oil, consumption mix, at plant, heat plant, MJ",Product-as-a-Service,Energy carriers and technologies > Heat and steam,HU,MJ,process steam from light fuel oil,,other,"Process: Process steam from light fuel oil, consumption mix, at plant, heat plant, MJ | Category: Energy carriers and technologies > Heat and steam | Lifecycle Stage: Product-as-a-Service | Location: HU | Materials: other | Unit: 1 MJ | Reference Flow: process steam from light fuel oil | Description:  | Water depletion: 0.0 | Freshwater ecotoxicity: 0.0 | Marine ecotoxicity: 0.0 | Marine eutrophication: 0.0 | Human toxicity: 0.0004 | Particulate matter formation: 0.0001 | Terrestrial acidification: 0.0003 | Climate change: 0.0935 | Terrestrial ecotoxicity: 0.0 | Photochemical oxidant formation: 0.0002 | Ionising radiation: 0.0002 | Metal depletion: 0.0 | Freshwater eutrophication: 0.0",0.0,0.09346183,0.0,2.21e-06,3e-07,0.00040148,0.00023445,2.609e-05,7.52e-06,2.704e-05,0.0,0.0,7.774e-05,0.00020873,0.00025143,3.7e-07,0.0,8.43e-06
"Process steam from natural gas, consumption mix, at plant, heat plant, MJ",Product-as-a-Service,Energy carriers and technologies > Heat and steam,AT,MJ,process steam from natural gas,,natural gas,"Process: Process steam from natural gas, consumption mix, at plant, heat plant, MJ | Category: Energy carriers and technologies > Heat and steam | Lifecycle Stage: Product-as-a-Service | Location: AT | Materials: natural gas | Unit: 1 MJ | Reference Flow: process steam from natural gas | Description:  | Water depletion: 0.0 | Freshwater ecotoxicity: 0.0 | Marine ecotoxicity: 0.0 | Marine eutrophication: 0.0 | Human toxicity: 0.0002 | Particulate matter formation: 0.0 | Terrestrial acidification: 0.0001 | Climate change: 0.0778 | Terrestrial ecotoxicity: 0.0 | Photochemical oxidant formation: 0.0001 | Ionising radiation: 0.0 | Metal depletion: 0.0001 | Freshwater eutrophication: 0.0",0.0,0.07780676,0.0,2.33e-06,6.8e-07,0.00017634,1.577e-05,2.35e-06,2.22e-06,7.487e-05,0.0,0.0,2.043e-05,6.899e-05,6.964e-05,9e-08,0.0,6.6e-07
"Electricity grid mix 1kV-60kV, consumption mix, at consumer, AC, 1kV - 60kV",Product-as-a-Service,Energy carriers and technologies > Electricity,SE,MJ,Electricity,,other,"Process: Electricity grid mix 1kV-60kV, consumption mix, at consumer, AC, 1kV - 60kV | Category: Energy carriers and technologies > Electricity | Lifecycle Stage: Product-as-a-Service | Location: SE | Materials: other | Unit: 1 MJ | Reference Flow: Electricity | Description:  | Water depletion: 0.0059 | Freshwater ecotoxicity: 0.0002 | Marine ecotoxicity: 0.0001 | Marine eutrophication: 0.0 | Human toxicity: 0.0055 | Particulate matter formation: 0.0 | Urban land occupation: 0.0 | Agricultural land occupation: 0.0 | Terrestrial acidification: 0.0001 | Climate change: 0.0526 | Terrestrial ecotoxicity: 0.0 | Photochemical oxidant formation: 0.0001 | Ionising radiation: 0.1649 | Metal depletion: 0.0039 | Freshwater eutrophication: 0.0 | Natural land transformation: -0.0",1.453e-05,0.05261515,0.0,0.00015919,2e-08,0.00550302,0.16487481,5.1e-05,6.69e-06,0.00392187,-2.5e-07,0.0,4.701e-05,0.00014042,0.00014126,3.24e-06,2.179e-05,0.00589013
"Process steam from light fuel oil, consumption mix, at plant, heat plant, MJ",Product-as-a-Service,Energy carriers and technologies > Heat and steam,ES,MJ,process steam from light fuel oil,,other,"Process: Process steam from light fuel oil, consumption mix, at plant, heat plant, MJ | Category: Energy carriers and technologies > Heat and steam | Lifecycle Stage: Product-as-a-Service | Location: ES | Materials: other | Unit: 1 MJ | Reference Flow: process steam from light fuel oil | Description:  | Water depletion: 0.0 | Freshwater ecotoxicity: 0.0 | Marine ecotoxicity: 0.0 | Marine eutrophication: 0.0 | Human toxicity: 0.0006 | Particulate matter formation: 0.0001 | Terrestrial acidification: 0.0002 | Climate change: 0.0994 | Terrestrial ecotoxicity: 0.0 | Photochemical oxidant formation: 0.0002 | Ionising radiation: 0.0003 | Metal depletion: 0.0 | Freshwater eutrophication: 0.0",0.0,0.09943139,0.0,3.29e-06,3.2e-07,0.00057759,0.00026902,2.244e-05,6.57e-06,3.077e-05,0.0,0.0,6.983e-05,0.00019711,0.00023873,6.1e-07,0.0,9.45e-06
"Process steam from natural gas 90%, consumption mix, at power plant, heat plant, MJ, 90 % efficiency",Product-as-a-Service,Energy carriers and technologies > Heat and steam,PL,MJ,process steam,,natural gas,"Process: Process steam from natural gas 90%, consumption mix, at power plant, heat plant, MJ, 90 % efficiency | Category: Energy carriers and technologies > Heat and steam | Lifecycle Stage: Product-as-a-Service | Location: PL | Materials: natural gas | Unit: 1 MJ | Reference Flow: process steam | Description:  | Water depletion: 0.0 | Freshwater ecotoxicity: 0.0 | Marine ecotoxicity: 0.0 | Marine eutrophication: 0.0 | Human toxicity: 0.0002 | Particulate matter formation: 0.0 | Urban land occupation: 0.0 | Agricultural land occupation: 0.0 | Terrestrial acidification: 0.0001 | Climate change: 0.0849 | Terrestrial ecotoxicity: 0.0 | Photochemical oxidant formation: 0.0001 | Ionising radiation: 0.0 | Metal depletion: 0.0001 | Natural land transformation: -0.0",8.49e-06,0.08494781,0.0,1.82e-06,0.0,0.0001738,2.927e-05,2.63e-06,2.86e-06,9.967e-05,-1e-07,0.0,2.358e-05,8.922e-05,7.366e-05,8e-08,1.273e-05,3.708e-05
"Steel hot rolled coil, production mix, at plant, blast furnace route, thickness 2 to 7 mm, width 600 to 2100 mm",Raw Materials,Materials production > Metals and semimetals,RER,kg,steel hot rolled coil,,steel,"Process: Steel hot rolled coil, production mix, at plant, blast furnace route, thickness 2 to 7 mm, width 600 to 2100 mm | Category: Materials production > Metals and semimetals | Lifecycle Stage: Raw Materials | Location: RER | Materials: steel | Unit: 1 kg | Reference Flow: steel hot rolled coil | Description:  | Water depletion: 0.0088 | Freshwater ecotoxicity: 0.0 | Marine ecotoxicity: 0.0003 | Marine eutrophication: 0.0001 | Human toxicity: 0.0991 | Particulate matter formation: 0.0008 | Terrestrial acidification: 0.0018 | Climate change: 0.9317 | Terrestrial ecotoxicity: 0.0 | Photochemical oxidant formation: 0.002 | Metal depletion: 0.2827 | Freshwater eutrophication: 0.0",0.0,0.93169482,0.0,2.783e-05,5.09e-06,0.09913621,0.0,0.00032264,8.081e-05,0.28268828,0.0,0.0,0.00083941,0.00204326,0.0018289,4.69e-05,0.0,0.00883167
"Electricity Mix, consumption mix, at consumer, AC, 1kV - 60kV",Product-as-a-Service,Energy carriers and technologies > Electricity,NL,MJ,electricity mix,,other,"Process: Electricity Mix, consumption mix, at consumer, AC, 1kV - 60kV | Category: Energy carriers and technologies > Electricity | Lifecycle Stage: Product-as-a-Service | Location: NL | Materials: other | Unit: 1 MJ | Reference Flow: electricity mix | Description:  | Water depletion: 0.0013 | Freshwater ecotoxicity: 0.0001 | Marine ecotoxicity: 0.0 | Ozone depletion: 0.0 | Marine eutrophication: 0.0 | Human toxicity: 0.0057 | Particulate matter formation: 0.0003 | Terrestrial acidification: 0.0008 | Climate change: 0.7153 | Terrestrial ecotoxicity: 0.0 | Photochemical oxidant formation: 0.0008 | Ionising radiation: 0.0515 | Metal depletion: 0.0003 | Freshwater eutrophication: 0.0",0.0,0.7153241,0.0,6.036e-05,3.3e-07,0.00572683,0.05150603,4.94e-05,3.199e-05,0.00025826,0.0,4e-08,0.00030065,0.00078737,0.00082678,4.02e-06,0.0,0.00129369
"Copper wire, consumption mix, at plant, technology mix, cross section 1 mmy",Raw Materials,Materials production > Metals and semimetals,EU-15,kg,copper wire,,copper,"Process: Copper wire, consumption mix, at plant, technology mix, cross section 1 mmy | Category: Materials production > Metals and semimetals | Lifecycle Stage: Raw Materials | Location: EU-15 | Materials: copper | Unit: 1 kg | Reference Flow: copper wire | Description:  | Water depletion: -6.8778 | Freshwater ecotoxicity: 0.0759 | Marine ecotoxicity: 0.0674 | Ozone depletion: 0.0001 | Marine eutrophication: 0.1067 | Human toxicity: 17.1655 | Particulate matter formation: 1.4787 | Terrestrial acidification: 3.1813 | Climate change: 796.8609 | Terrestrial ecotoxicity: 0.0059 | Photochemical oxidant formation: 2.789 | Ionising radiation: 57.713 | Metal depletion: 1446.2858 | Freshwater eutrophication: 0.0005",0.0,796.86085612,0.0,0.0758549,0.00048542,17.16550607,57.71298203,0.06743144,0.10672918,1446.28584245,0.0,9.436e-05,1.47866429,2.78901253,3.18125758,0.00587339,0.0,-6.87778248
"Lead sheet mix, production mix, at producer, technology mix, secondary",Raw Materials,Materials production > Metals and semimetals,EU-27,kg,Lead sheet,,lead,"Process: Lead sheet mix, production mix, at producer, technology mix, secondary | Category: Materials production > Metals and semimetals | Lifecycle Stage: Raw Materials | Location: EU-27 | Materials: lead | Unit: 1 kg | Reference Flow: Lead sheet | Description:  | Water depletion: 0.0027 | Freshwater ecotoxicity: 0.0061 | Marine ecotoxicity: 0.0046 | Marine eutrophication: 0.0001 | Human toxicity: 3.9854 | Particulate matter formation: 0.0013 | Terrestrial acidification: 0.0038 | Climate change: 0.9772 | Terrestrial ecotoxicity: 0.0 | Photochemical oxidant formation: 0.0024 | Ionising radiation: 0.4216 | Metal depletion: 0.0024 | Freshwater eutrophication: 0.0",0.0,0.97719287,0.0,0.00608561,8.1e-07,3.98535747,0.42155207,0.00457866,0.00011979,0.00240308,0.0,0.0,0.00126486,0.00236154,0.00381265,3.735e-05,0.0,0.00268536
"Electricity Mix, consumption mix, at consumer, AC, 1kV - 60kV",Product-as-a-Service,Energy carriers and technologies > Electricity,MT,MJ,electricity mix,,other,"Process: Electricity Mix, consumption mix, at consumer, AC, 1kV - 60kV | Category: Energy carriers and technologies > Electricity | Lifecycle Stage: Product-as-a-Service | Location: MT | Materials: other | Unit: 1 MJ | Reference Flow: electricity mix | Description:  | Water depletion: 0.0017 | Freshwater ecotoxicity: 0.0 | Marine ecotoxicity: 0.0006 | Marine eutrophication: 0.0001 | Human toxicity: 0.0482 | Particulate matter formation: 0.0017 | Terrestrial acidification: 0.0069 | Climate change: 0.9738 | Terrestrial ecotoxicity: 0.0 | Photochemical oxidant formation: 0.0025 | Ionising radiation: 0.0019 | Metal depletion: 0.0002 | Freshwater eutrophication: 0.0",0.0,0.97377683,0.0,3.59e-05,2.69e-06,0.04823787,0.00194515,0.00062618,7.738e-05,0.00021914,0.0,0.0,0.0016517,0.00248447,0.006864,3.15e-05,0.0,0.00168975
"Electricity grid mix 1kV-60kV, consumption mix, at consumer, AC, 1kV - 60kV",Product-as-a-Service,Energy carriers and technologies > Electricity,CZ,MJ,Electricity,,other,"Process: Electricity grid mix 1kV-60kV, consumption mix, at consumer, AC, 1kV - 60kV | Category: Energy carriers and technologies > Electricity | Lifecycle Stage: Product-as-a-Service | Location: CZ | Materials: other | Unit: 1 MJ | Reference Flow: Electricity | Description:  | Water depletion: 0.0029 | Freshwater ecotoxicity: 0.0001 | Marine ecotoxicity: 0.0001 | Marine eutrophication: 0.0001 | Human toxicity: 0.0172 | Particulate matter formation: 0.0013 | Urban land occupation: 0.0001 | Agricultural land occupation: 0.0001 | Terrestrial acidification: 0.0048 | Climate change: 0.7851 | Terrestrial ecotoxicity: 0.0 | Photochemical oxidant formation: 0.0022 | Ionising radiation: 0.078 | Metal depletion: 0.0006 | Freshwater eutrophication: 0.0 | Natural land transformation: 0.0",5.315e-05,0.78512123,0.0,0.00012136,2e-08,0.01716906,0.07800507,8.321e-05,7.851e-05,0.00064088,-3.165e-05,0.0,0.00132745,0.00215383,0.00483019,1.128e-05,7.972e-05,0.00289188
"Polyvinylchloride resin (S-PVC), production mix, at plant, suspension polymerisation",Raw Materials,Materials production > Plastics,RER,kg,polyvinylchloride resin (S-PVC),,other,"Process: Polyvinylchloride resin (S-PVC), production mix, at plant, suspension polymerisation | Category: Materials production > Plastics | Lifecycle Stage: Raw Materials | Location: RER | Materials: other | Unit: 1 kg | Reference Flow: polyvinylchloride resin (S-PVC) | Description:  | Water depletion: 0.0572 | Freshwater ecotoxicity: 0.0004 | Marine ecotoxicity: 0.0009 | Marine eutrophication: 0.0002 | Human toxicity: 0.2264 | Particulate matter formation: 0.0038 | Terrestrial acidification: 0.0104 | Climate change: 2.8365 | Terrestrial ecotoxicity: 0.0001 | Photochemical oxidant formation: 0.0076 | Metal depletion: 0.0043 | Freshwater eutrophication: 0.0001",0.0,2.83647178,0.0,0.00039887,5.808e-05,0.22638675,0.0,0.00092932,0.00021744,0.00433304,0.0,0.0,0.00379927,0.00758554,0.01035137,9.084e-05,0.0,0.05717252
"Process steam from Heavy fuel oil 90 %, consumption mix, at power plant, heat plant, MJ, 90 % efficiency",Product-as-a-Service,Energy carriers and technologies > Heat and steam,DE,MJ,process steam,,other,"Process: Process steam from Heavy fuel oil 90 %, consumption mix, at power plant, heat plant, MJ, 90 % efficiency | Category: Energy carriers and technologies > Heat and steam | Lifecycle Stage: Product-as-a-Service | Location: DE | Materials: other | Unit: 1 MJ | Reference Flow: process steam | Description:  | Water depletion: 0.0 | Freshwater ecotoxicity: 0.0 | Marine ecotoxicity: 0.0 | Marine eutrophication: 0.0 | Human toxicity: 0.0012 | Particulate matter formation: 0.0001 | Urban land occupation: 0.0 | Agricultural land occupation: 0.0 | Terrestrial acidification: 0.0003 | Climate change: 0.1083 | Terrestrial ecotoxicity: 0.0 | Photochemical oxidant formation: 0.0001 | Ionising radiation: 0.0001 | Metal depletion: 0.0001 | Freshwater eutrophication: 0.0 | Natural land transformation: -0.0",6.12e-06,0.10831079,0.0,5.83e-06,2e-08,0.00116296,0.00012986,4.248e-05,4.79e-06,7.316e-05,-5e-08,0.0,7.184e-05,0.00013293,0.000283,3.3e-07,9.19e-06,3.213e-05
"Copper sheet; technology mix; market mix, at plant; 0,6 mm thickness, Technology and Market Mix for Sheet fabrication representing main European production countries, Market Mix for Copper cathode in Europe (primary and secondary Cu cathode production...",Manufacturing,Materials production > Metals and semimetals,EU-25,kg,Copper sheet,,"copper, tin","Process: Copper sheet; technology mix; market mix, at plant; 0,6 mm thickness, Technology and Market Mix for Sheet fabrication representing main European production countries, Market Mix for Copper cathode in Europe (primary and secondary Cu cathode production... | Category: Materials production > Metals and semimetals | Lifecycle Stage: Manufacturing | Location: EU-25 | Materials: copper, tin | Unit: 1 kg | Reference Flow: Copper sheet | Description:  | Water depletion: 21.276 | Freshwater ecotoxicity: 0.5041 | Marine ecotoxicity: 0.4937 | Ozone depletion: 0.0001 | Marine eutrophication: 0.0814 | Human toxicity: 40.8104 | Particulate matter formation: 2.1543 | Terrestrial acidification: 3.5182 | Climate change: 863.3519 | Terrestrial ecotoxicity: 0.0402 | Photochemical oxidant formation: 1.9893 | Ionising radiation: 73.9984 | Metal depletion: 1570.4875 | Freshwater eutrophication: 0.0025",0.0,863.35185039,0.0,0.50405436,0.00248443,40.81041222,73.99835425,0.49368189,0.08142055,1570.48748146,0.0,6.497e-05,2.15428126,1.98925489,3.51821656,0.04022747,0.0,21.27598816
"Process steam from Light fuel oil 90 %, consumption mix, at power plant, heat plant, MJ, 90 % efficiency",Product-as-a-Service,Energy carriers and technologies > Heat and steam,AT,MJ,process steam,,other,"Process: Process steam from Light fuel oil 90 %, consumption mix, at power plant, heat plant, MJ, 90 % efficiency | Category: Energy carriers and technologies > Heat and steam | Lifecycle Stage: Product-as-a-Service | Location: AT | Materials: other | Unit: 1 MJ | Reference Flow: process steam | Description:  | Water depletion: 0.0 | Freshwater ecotoxicity: 0.0 | Marine ecotoxicity: 0.0 | Marine eutrophication: 0.0 | Human toxicity: 0.0006 | Particulate matter formation: 0.0 | Urban land occupation: 0.0 | Agricultural land occupation: 0.0 | Terrestrial acidification: 0.0001 | Climate change: 0.1066 | Terrestrial ecotoxicity: 0.0 | Photochemical oxidant formation: 0.0001 | Ionising radiation: 0.0 | Metal depletion: 0.0001 | Freshwater eutrophication: 0.0 | Natural land transformation: -0.0",5.55e-06,0.10661557,0.0,5.6e-06,2e-08,0.00061549,4.53e-05,7.95e-06,4.64e-06,8.175e-05,-3e-08,0.0,4.228e-05,0.00013932,0.00013799,2.2e-07,8.33e-06,3.262e-05
"Lead primary and secondary mix , production mix, at producer, technology mix, primary 46% /  secondary 54%",Raw Materials,Materials production > Metals and semimetals,EU-27,kg,Lead (99.995%),,lead,"Process: Lead primary and secondary mix , production mix, at producer, technology mix, primary 46% /  secondary 54% | Category: Materials production > Metals and semimetals | Lifecycle Stage: Raw Materials | Location: EU-27 | Materials: lead | Unit: 1 kg | Reference Flow: Lead (99.995%) | Description:  | Water depletion: 0.0042 | Freshwater ecotoxicity: 0.0002 | Marine ecotoxicity: 0.0007 | Marine eutrophication: 0.0002 | Human toxicity: 0.5645 | Particulate matter formation: 0.0017 | Terrestrial acidification: 0.0056 | Climate change: 1.3181 | Terrestrial ecotoxicity: 0.0001 | Photochemical oxidant formation: 0.0044 | Ionising radiation: 0.4718 | Metal depletion: 0.0147 | Freshwater eutrophication: 0.0",0.0,1.31810348,0.0,0.00018009,1.98e-06,0.56451528,0.47184806,0.0007288,0.00023608,0.01471648,0.0,0.0,0.00168457,0.00442698,0.00559096,0.00010126,0.0,0.0041705
"Process steam from natural gas 90%, consumption mix, at power plant, heat plant, MJ, 90 % efficiency",Product-as-a-Service,Energy carriers and technologies > Heat and steam,GR,MJ,process steam,,natural gas,"Process: Process steam from natural gas 90%, consumption mix, at power plant, heat plant, MJ, 90 % efficiency | Category: Energy carriers and technologies > Heat and steam | Lifecycle Stage: Product-as-a-Service | Location: GR | Materials: natural gas | Unit: 1 MJ | Reference Flow: process steam | Description:  | Water depletion: 0.0 | Freshwater ecotoxicity: 0.0 | Marine ecotoxicity: 0.0 | Marine eutrophication: 0.0 | Human toxicity: 0.0002 | Particulate matter formation: 0.0 | Urban land occupation: 0.0 | Agricultural land occupation: 0.0 | Terrestrial acidification: 0.0001 | Climate change: 0.0773 | Terrestrial ecotoxicity: 0.0 | Photochemical oxidant formation: 0.0001 | Ionising radiation: 0.0 | Metal depletion: 0.0001 | Natural land transformation: -0.0",8.1e-06,0.07727914,0.0,1.75e-06,0.0,0.00019898,2.587e-05,2.51e-06,1.91e-06,9.258e-05,-1e-07,0.0,2.004e-05,7.025e-05,6.06e-05,1e-07,1.215e-05,4.742e-05
"Copper sheet, consumption mix, at plant, technology mix, 0,6 mm thickness",Raw Materials,Materials production > Metals and semimetals,EU-15,kg,copper sheet,,copper,"Process: Copper sheet, consumption mix, at plant, technology mix, 0,6 mm thickness | Category: Materials production > Metals and semimetals | Lifecycle Stage: Raw Materials | Location: EU-15 | Materials: copper | Unit: 1 kg | Reference Flow: copper sheet | Description:  | Water depletion: 11.0006 | Freshwater ecotoxicity: 0.1263 | Marine ecotoxicity: 0.076 | Ozone depletion: 0.0028 | Marine eutrophication: 0.1167 | Human toxicity: 16.574 | Particulate matter formation: 1.4457 | Terrestrial acidification: 3.4299 | Climate change: 985.3897 | Terrestrial ecotoxicity: 0.0082 | Photochemical oxidant formation: 3.2632 | Ionising radiation: 147.3007 | Metal depletion: 1959.1616 | Freshwater eutrophication: 0.0002",0.0,985.38969881,0.0,0.12633823,0.00020687,16.5740238,147.30068093,0.07599686,0.11672294,1959.16163689,0.0,0.00278157,1.44572484,3.26321273,3.42991702,0.00820181,0.0,11.00058919
"Waste incineration of plastics (Nylon 6, Nylon 66, PAN), at plant, average European waste-to-energy plant, without collection, transport and pre-treatment",Transport & Packaging,End-of-life treatment > Energy recycling,EU-27,kg,"waste incineration of plastics (Nylon 6, Nylon 66, PAN)",,plastic,"Process: Waste incineration of plastics (Nylon 6, Nylon 66, PAN), at plant, average European waste-to-energy plant, without collection, transport and pre-treatment | Category: End-of-life treatment > Energy recycling | Lifecycle Stage: Transport & Packaging | Location: EU-27 | Materials: plastic | Unit: 1 kg | Reference Flow: waste incineration of plastics (Nylon 6, Nylon 66, PAN) | Description:  | Water depletion: 5.5744 | Freshwater ecotoxicity: 0.008 | Marine ecotoxicity: 0.0073 | Ozone depletion: 0.0 | Marine eutrophication: 0.3706 | Human toxicity: 0.7502 | Particulate matter formation: 1.8563 | Terrestrial acidification: 4.8435 | Climate change: 2384.0209 | Terrestrial ecotoxicity: 0.0004 | Photochemical oxidant formation: 8.2948 | Ionising radiation: 5.5628 | Metal depletion: 0.0686 | Freshwater eutrophication: 0.0005",-0.0,2384.02094389,-0.0,0.00795122,0.00046785,0.75015538,5.56277229,0.00731452,0.37056845,0.06862032,-0.0,4.61e-06,1.85626041,8.29483428,4.84347131,0.00044634,-0.0,5.57444537
"Electricity Mix, consumption mix, at consumer, AC, 220V",Product-as-a-Service,Energy carriers and technologies > Electricity,SI,MJ,electricity mix,,other,"Process: Electricity Mix, consumption mix, at consumer, AC, 220V | Category: Energy carriers and technologies > Electricity | Lifecycle Stage: Product-as-a-Service | Location: SI | Materials: other | Unit: 1 MJ | Reference Flow: electricity mix | Description:  | Water depletion: 0.0014 | Freshwater ecotoxicity: 0.0002 | Marine ecotoxicity: 0.0001 | Ozone depletion: 0.0 | Marine eutrophication: 0.0001 | Human toxicity: 0.0351 | Particulate matter formation: 0.003 | Terrestrial acidification: 0.013 | Climate change: 0.6192 | Terrestrial ecotoxicity: 0.0 | Photochemical oxidant formation: 0.0024 | Ionising radiation: 0.1923 | Metal depletion: 0.0001 | Freshwater eutrophication: 0.0",0.0,0.61920228,0.0,0.00019715,1.5e-07,0.03510033,0.19233635,0.00012629,5.457e-05,0.00014645,0.0,1.6e-07,0.00300504,0.00236681,0.01304322,2.059e-05,0.0,0.00139904
"Electricity Mix, consumption mix, at consumer, AC, 220V",Product-as-a-Service,Energy carriers and technologies > Electricity,PL,MJ,electricity mix,,other,"Process: Electricity Mix, consumption mix, at consumer, AC, 220V | Category: Energy carriers and technologies > Electricity | Lifecycle Stage: Product-as-a-Service | Location: PL | Materials: other | Unit: 1 MJ | Reference Flow: electricity mix | Description:  | Water depletion: 0.0014 | Freshwater ecotoxicity: 0.0 | Marine ecotoxicity: 0.0002 | Marine eutrophication: 0.0001 | Human toxicity: 0.0686 | Particulate matter formation: 0.0035 | Terrestrial acidification: 0.014 | Climate change: 1.1969 | Terrestrial ecotoxicity: 0.0 | Photochemical oxidant formation: 0.0041 | Ionising radiation: 0.0003 | Metal depletion: 0.0001 | Freshwater eutrophication: 0.0",0.0,1.19688573,0.0,2.774e-05,2.9e-07,0.06862065,0.00027489,0.00016919,0.00011904,0.00013437,0.0,0.0,0.00352145,0.00409455,0.01397617,3.875e-05,0.0,0.00135588
"Process steam from light fuel oil, consumption mix, at plant, heat plant, MJ",Product-as-a-Service,Energy carriers and technologies > Heat and steam,FR,MJ,process steam from light fuel oil,,other,"Process: Process steam from light fuel oil, consumption mix, at plant, heat plant, MJ | Category: Energy carriers and technologies > Heat and steam | Lifecycle Stage: Product-as-a-Service | Location: FR | Materials: other | Unit: 1 MJ | Reference Flow: process steam from light fuel oil | Description:  | Water depletion: 0.0 | Freshwater ecotoxicity: 0.0 | Marine ecotoxicity: 0.0 | Marine eutrophication: 0.0 | Human toxicity: 0.0004 | Particulate matter formation: 0.0001 | Terrestrial acidification: 0.0002 | Climate change: 0.0938 | Terrestrial ecotoxicity: 0.0 | Photochemical oxidant formation: 0.0002 | Ionising radiation: 0.0002 | Metal depletion: 0.0 | Freshwater eutrophication: 0.0",0.0,0.09381227,0.0,2.25e-06,3e-07,0.00040303,0.00023512,2.613e-05,6.96e-06,2.705e-05,0.0,0.0,5.934e-05,0.00018818,0.00018628,3.7e-07,0.0,8.43e-06
"Barge, technology mix, 1.228 t pay load capacity",Raw Materials,Transport services > Water,GLO,kg,cargo,,other,"Process: Barge, technology mix, 1.228 t pay load capacity | Category: Transport services > Water | Lifecycle Stage: Raw Materials | Location: GLO | Materials: other | Unit: 1 kg | Reference Flow: cargo | Description: ",0.0,0.0,0.0,0.0,0.0,0.0,0.0,0.0,0.0,0.0,0.0,0.0,0.0,0.0,0.0,0.0,0.0,0.0
"Process steam from light fuel oil, consumption mix, at plant, heat plant, MJ",Product-as-a-Service,Energy carriers and technologies > Heat and steam,DE,MJ,process steam from light fuel oil,,other,"Process: Process steam from light fuel oil, consumption mix, at plant, heat plant, MJ | Category: Energy carriers and technologies > Heat and steam | Lifecycle Stage: Product-as-a-Service | Location: DE | Materials: other | Unit: 1 MJ | Reference Flow: process steam from light fuel oil | Description:  | Water depletion: 0.0 | Freshwater ecotoxicity: 0.0 | Marine ecotoxicity: 0.0 | Marine eutrophication: 0.0 | Human toxicity: 0.0004 | Particulate matter formation: 0.0 | Terrestrial acidification: 0.0001 | Climate change: 0.0939 | Terrestrial ecotoxicity: 0.0 | Photochemical oxidant formation: 0.0001 | Ionising radiation: 0.0002 | Metal depletion: 0.0 | Freshwater eutrophication: 0.0",0.0,0.0939457,0.0,3.17e-06,4.8e-07,0.00044553,0.00021606,1.723e-05,3.54e-06,3.951e-05,0.0,0.0,3.525e-05,9.601e-05,0.00011923,3.6e-07,0.0,5.08e-06
"Process steam from Heavy fuel oil 90 %, consumption mix, at power plant, heat plant, MJ, 90 % efficiency",Product-as-a-Service,Energy carriers and technologies > Heat and steam,EE,MJ,process steam,,other,"Process: Process steam from Heavy fuel oil 90 %, consumption mix, at power plant, heat plant, MJ, 90 % efficiency | Category: Energy carriers and technologies > Heat and steam | Lifecycle Stage: Product-as-a-Service | Location: EE | Materials: other | Unit: 1 MJ | Reference Flow: process steam | Description:  | Water depletion: 0.0001 | Freshwater ecotoxicity: 0.0 | Marine ecotoxicity: 0.0002 | Marine eutrophication: 0.0 | Human toxicity: 0.01 | Particulate matter formation: 0.0002 | Urban land occupation: 0.0 | Agricultural land occupation: 0.0 | Terrestrial acidification: 0.0007 | Climate change: 0.1072 | Terrestrial ecotoxicity: 0.0 | Photochemical oxidant formation: 0.0002 | Ionising radiation: 0.0001 | Metal depletion: 0.0001 | Freshwater eutrophication: 0.0 | Natural land transformation: -0.0",1.163e-05,0.10720413,0.0,1.091e-05,2e-08,0.00998357,8.045e-05,0.00016028,4.96e-06,0.00012627,-1e-07,0.0,0.00017955,0.00019109,0.00072896,1.41e-05,1.745e-05,5.499e-05
"Waste water treatment, at waste water treatment plant, domestic waste water according to the Directive 91/271/EEC concerning urban waste water treatment",Raw Materials,End-of-life treatment > Waste water treatment,EU-27,kg,waste water - untreated,,water,"Process: Waste water treatment, at waste water treatment plant, domestic waste water according to the Directive 91/271/EEC concerning urban waste water treatment | Category: End-of-life treatment > Waste water treatment | Lifecycle Stage: Raw Materials | Location: EU-27 | Materials: water | Unit: 1 kg | Reference Flow: waste water - untreated | Description:  | Water depletion: -0.0009 | Freshwater ecotoxicity: 0.0 | Marine ecotoxicity: 0.0 | Marine eutrophication: 0.0 | Human toxicity: 0.0001 | Particulate matter formation: 0.0 | Terrestrial acidification: 0.0001 | Climate change: 0.0286 | Terrestrial ecotoxicity: 0.0 | Photochemical oxidant formation: 0.0001 | Ionising radiation: 0.0001 | Metal depletion: 0.0 | Freshwater eutrophication: 0.0",-0.0,0.02859773,-0.0,3.4e-07,2e-08,0.000144,0.00010996,1.55e-06,4.58e-06,4.02e-06,-0.0,0.0,1.891e-05,6.112e-05,5.978e-05,1.6e-07,-0.0,-0.00089783
"Plane, technology mix, cargo, 68 t payload",Raw Materials,Transport services > Air,GLO,kg,cargo,,other,"Process: Plane, technology mix, cargo, 68 t payload | Category: Transport services > Air | Lifecycle Stage: Raw Materials | Location: GLO | Materials: other | Unit: 1 kg | Reference Flow: cargo | Description: ",0.0,0.0,0.0,0.0,0.0,0.0,0.0,0.0,0.0,0.0,0.0,0.0,0.0,0.0,0.0,0.0,0.0,0.0
"Process steam from heavy fuel oil, consumption mix, at plant, heat plant, MJ",Product-as-a-Service,Energy carriers and technologies > Heat and steam,RO,MJ,process steam from heavy fuel oil,,other,"Process: Process steam from heavy fuel oil, consumption mix, at plant, heat plant, MJ | Category: Energy carriers and technologies > Heat and steam | Lifecycle Stage: Product-as-a-Service | Location: RO | Materials: other | Unit: 1 MJ | Reference Flow: process steam from heavy fuel oil | Description:  | Water depletion: 0.0 | Freshwater ecotoxicity: 0.0 | Marine ecotoxicity: 0.0004 | Marine eutrophication: 0.0 | Human toxicity: 0.02 | Particulate matter formation: 0.0004 | Terrestrial acidification: 0.0017 | Climate change: 0.098 | Terrestrial ecotoxicity: 0.0 | Photochemical oxidant formation: 0.0005 | Ionising radiation: 0.0001 | Metal depletion: 0.0001 | Freshwater eutrophication: 0.0",0.0,0.09803937,0.0,2.161e-05,5.8e-07,0.019984,0.00012066,0.00036797,1.532e-05,6.949e-05,0.0,0.0,0.00043467,0.000513,0.00166151,3.065e-05,0.0,6.76e-06
"Process steam from light fuel oil, consumption mix, at plant, heat plant, MJ",Product-as-a-Service,Energy carriers and technologies > Heat and steam,BE,MJ,process steam from light fuel oil,,other,"Process: Process steam from light fuel oil, consumption mix, at plant, heat plant, MJ | Category: Energy carriers and technologies > Heat and steam | Lifecycle Stage: Product-as-a-Service | Location: BE | Materials: other | Unit: 1 MJ | Reference Flow: process steam from light fuel oil | Description:  | Water depletion: 0.0 | Freshwater ecotoxicity: 0.0 | Marine ecotoxicity: 0.0 | Marine eutrophication: 0.0 | Human toxicity: 0.0004 | Particulate matter formation: 0.0001 | Terrestrial acidification: 0.0002 | Climate change: 0.0935 | Terrestrial ecotoxicity: 0.0 | Photochemical oxidant formation: 0.0002 | Ionising radiation: 0.0002 | Metal depletion: 0.0 | Freshwater eutrophication: 0.0",0.0,0.09350463,0.0,2.25e-06,3e-07,0.00040303,0.00023512,2.613e-05,6.96e-06,2.705e-05,0.0,0.0,5.934e-05,0.0001882,0.0001863,3.7e-07,0.0,8.43e-06
"Process steam from light fuel oil, consumption mix, at plant, heat plant, MJ",Product-as-a-Service,Energy carriers and technologies > Heat and steam,PT,MJ,process steam from light fuel oil,,other,"Process: Process steam from light fuel oil, consumption mix, at plant, heat plant, MJ | Category: Energy carriers and technologies > Heat and steam | Lifecycle Stage: Product-as-a-Service | Location: PT | Materials: other | Unit: 1 MJ | Reference Flow: process steam from light fuel oil | Description:  | Water depletion: 0.0 | Freshwater ecotoxicity: 0.0 | Marine ecotoxicity: 0.0 | Marine eutrophication: 0.0 | Human toxicity: 0.0006 | Particulate matter formation: 0.0001 | Terrestrial acidification: 0.0004 | Climate change: 0.1002 | Terrestrial ecotoxicity: 0.0 | Photochemical oxidant formation: 0.0004 | Ionising radiation: 0.0 | Metal depletion: 0.0 | Freshwater eutrophication: 0.0",0.0,0.10020162,0.0,2.29e-06,1.6e-07,0.00055142,2.158e-05,2.998e-05,1.567e-05,2.067e-05,0.0,0.0,0.0001217,0.00043761,0.00037123,6e-07,0.0,7.99e-06
"Electricity Mix, consumption mix, at consumer, AC, 230V",Product-as-a-Service,Energy carriers and technologies > Electricity,NO,MJ,electricity mix,,other,"Process: Electricity Mix, consumption mix, at consumer, AC, 230V | Category: Energy carriers and technologies > Electricity | Lifecycle Stage: Product-as-a-Service | Location: NO | Materials: other | Unit: 1 MJ | Reference Flow: electricity mix | Description:  | Water depletion: 0.0 | Freshwater ecotoxicity: 0.0 | Marine ecotoxicity: 0.0 | Marine eutrophication: 0.0 | Human toxicity: 0.0003 | Particulate matter formation: 0.0 | Terrestrial acidification: 0.0 | Climate change: 0.0311 | Terrestrial ecotoxicity: 0.0 | Photochemical oxidant formation: 0.0 | Ionising radiation: 0.0002 | Metal depletion: 0.0003 | Freshwater eutrophication: 0.0",0.0,0.03109512,0.0,5.16e-06,1e-08,0.00025086,0.00015422,8.1e-07,8.5e-07,0.00034512,0.0,0.0,8.16e-06,2.287e-05,1.856e-05,1.1e-07,0.0,4.348e-05
"Diesel mix at refinery, production mix, at refinery, from crude oil and bio components, fuel supply, 10 ppm sulphur, 5.75 wt.% bio components",Product-as-a-Service,Energy carriers and technologies > Crude oil based fuels,EU-27,kg,Diesel,,crude oil,"Process: Diesel mix at refinery, production mix, at refinery, from crude oil and bio components, fuel supply, 10 ppm sulphur, 5.75 wt.% bio components | Category: Energy carriers and technologies > Crude oil based fuels | Lifecycle Stage: Product-as-a-Service | Location: EU-27 | Materials: crude oil | Unit: 1 kg | Reference Flow: Diesel | Description:  | Water depletion: 0.0019 | Freshwater ecotoxicity: 0.0002 | Marine ecotoxicity: 0.0015 | Marine eutrophication: 0.0003 | Human toxicity: 0.0651 | Particulate matter formation: 0.0008 | Urban land occupation: 0.1003 | Agricultural land occupation: 0.0669 | Terrestrial acidification: 0.0034 | Climate change: 0.484 | Terrestrial ecotoxicity: 0.0 | Photochemical oxidant formation: 0.002 | Ionising radiation: 0.0052 | Metal depletion: 0.0019 | Freshwater eutrophication: 0.0 | Natural land transformation: -0.0",0.0668682,0.48400947,0.0,0.00019433,3.11e-06,0.06514696,0.00516857,0.00145808,0.0002639,0.00190828,-1.2e-06,0.0,0.00082456,0.00195566,0.00338841,4.448e-05,0.10030229,0.00192657
"Process steam from light fuel oil, consumption mix, at plant, heat plant, MJ",Product-as-a-Service,Energy carriers and technologies > Heat and steam,IE,MJ,process steam from light fuel oil,,other,"Process: Process steam from light fuel oil, consumption mix, at plant, heat plant, MJ | Category: Energy carriers and technologies > Heat and steam | Lifecycle Stage: Product-as-a-Service | Location: IE | Materials: other | Unit: 1 MJ | Reference Flow: process steam from light fuel oil | Description:  | Water depletion: 0.0 | Freshwater ecotoxicity: 0.0 | Marine ecotoxicity: 0.0 | Marine eutrophication: 0.0 | Human toxicity: 0.0004 | Particulate matter formation: 0.0001 | Terrestrial acidification: 0.0002 | Climate change: 0.0935 | Terrestrial ecotoxicity: 0.0 | Photochemical oxidant formation: 0.0003 | Ionising radiation: 0.0002 | Metal depletion: 0.0 | Freshwater eutrophication: 0.0",0.0,0.09345065,0.0,2.24e-06,3e-07,0.00040158,0.00023335,2.612e-05,9.99e-06,2.702e-05,0.0,0.0,7.79e-05,0.00026857,0.00024284,3.7e-07,0.0,8.41e-06
"Process steam from natural gas 90%, consumption mix, at power plant, heat plant, MJ, 90 % efficiency",Product-as-a-Service,Energy carriers and technologies > Heat and steam,BG,MJ,process steam,,natural gas,"Process: Process steam from natural gas 90%, consumption mix, at power plant, heat plant, MJ, 90 % efficiency | Category: Energy carriers and technologies > Heat and steam | Lifecycle Stage: Product-as-a-Service | Location: BG | Materials: natural gas | Unit: 1 MJ | Reference Flow: process steam | Description:  | Water depletion: 0.0 | Freshwater ecotoxicity: 0.0 | Marine ecotoxicity: 0.0 | Marine eutrophication: 0.0 | Human toxicity: 0.0002 | Particulate matter formation: 0.0 | Urban land occupation: 0.0 | Agricultural land occupation: 0.0 | Terrestrial acidification: 0.0001 | Climate change: 0.0722 | Terrestrial ecotoxicity: 0.0 | Photochemical oxidant formation: 0.0001 | Ionising radiation: 0.0002 | Metal depletion: 0.0001 | Natural land transformation: -0.0",1.179e-05,0.07216489,0.0,3.17e-06,0.0,0.00020936,0.00017985,3.3e-06,3.59e-06,0.00014677,-1e-07,0.0,3.211e-05,0.00010366,9.629e-05,7e-08,1.768e-05,4.748e-05
"Process steam from Heavy fuel oil 90 %, consumption mix, at power plant, heat plant, MJ, 90 % efficiency",Product-as-a-Service,Energy carriers and technologies > Heat and steam,CZ,MJ,process steam,,other,"Process: Process steam from Heavy fuel oil 90 %, consumption mix, at power plant, heat plant, MJ, 90 % efficiency | Category: Energy carriers and technologies > Heat and steam | Lifecycle Stage: Product-as-a-Service | Location: CZ | Materials: other | Unit: 1 MJ | Reference Flow: process steam | Description:  | Water depletion: 0.0001 | Freshwater ecotoxicity: 0.0 | Marine ecotoxicity: 0.0002 | Marine eutrophication: 0.0 | Human toxicity: 0.0098 | Particulate matter formation: 0.0002 | Urban land occupation: 0.0 | Agricultural land occupation: 0.0 | Terrestrial acidification: 0.0008 | Climate change: 0.1073 | Terrestrial ecotoxicity: 0.0 | Photochemical oxidant formation: 0.0003 | Ionising radiation: 0.0002 | Metal depletion: 0.0001 | Freshwater eutrophication: 0.0 | Natural land transformation: -0.0",1.084e-05,0.10731245,0.0,1.074e-05,2e-08,0.00979815,0.00017947,0.00015993,7.62e-06,0.00012089,-1e-07,0.0,0.000196,0.00025219,0.00075813,1.386e-05,1.626e-05,5.434e-05
"Process steam from Light fuel oil 90 %, consumption mix, at power plant, heat plant, MJ, 90 % efficiency",Product-as-a-Service,Energy carriers and technologies > Heat and steam,CZ,MJ,process steam,,other,"Process: Process steam from Light fuel oil 90 %, consumption mix, at power plant, heat plant, MJ, 90 % efficiency | Category: Energy carriers and technologies > Heat and steam | Lifecycle Stage: Product-as-a-Service | Location: CZ | Materials: other | Unit: 1 MJ | Reference Flow: process steam | Description:  | Water depletion: 0.0001 | Freshwater ecotoxicity: 0.0 | Marine ecotoxicity: 0.0 | Marine eutrophication: 0.0 | Human toxicity: 0.0003 | Particulate matter formation: 0.0001 | Urban land occupation: 0.0 | Agricultural land occupation: 0.0 | Terrestrial acidification: 0.0002 | Climate change: 0.107 | Terrestrial ecotoxicity: 0.0 | Photochemical oxidant formation: 0.0002 | Ionising radiation: 0.0002 | Metal depletion: 0.0001 | Freshwater eutrophication: 0.0 | Natural land transformation: -0.0",1.168e-05,0.10699848,0.0,3.09e-06,2e-08,0.00031922,0.00018863,6.62e-06,7.46e-06,0.00012826,-1e-07,0.0,6.97e-05,0.00020474,0.00020915,1.9e-07,1.752e-05,6.038e-05
"Electricity Mix, consumption mix, at consumer, AC, 125-220V",Product-as-a-Service,Energy carriers and technologies > Electricity,IT,MJ,electricity mix,,other,"Process: Electricity Mix, consumption mix, at consumer, AC, 125-220V | Category: Energy carriers and technologies > Electricity | Lifecycle Stage: Product-as-a-Service | Location: IT | Materials: other | Unit: 1 MJ | Reference Flow: electricity mix | Description:  | Water depletion: 0.0014 | Freshwater ecotoxicity: 0.0001 | Marine ecotoxicity: 0.0002 | Ozone depletion: 0.0 | Marine eutrophication: 0.0 | Human toxicity: 0.0223 | Particulate matter formation: 0.0009 | Terrestrial acidification: 0.0034 | Climate change: 0.7181 | Terrestrial ecotoxicity: 0.0 | Photochemical oxidant formation: 0.0016 | Ionising radiation: 0.0479 | Metal depletion: 0.0003 | Freshwater eutrophication: 0.0",0.0,0.71808732,0.0,6.844e-05,1.84e-06,0.02225238,0.04789113,0.00020561,4.998e-05,0.00032724,0.0,4e-08,0.00089626,0.00155278,0.00338826,1.442e-05,0.0,0.00142988
"Process steam from natural gas 90%, consumption mix, at power plant, heat plant, MJ, 90 % efficiency",Product-as-a-Service,Energy carriers and technologies > Heat and steam,AT,MJ,process steam,,natural gas,"Process: Process steam from natural gas 90%, consumption mix, at power plant, heat plant, MJ, 90 % efficiency | Category: Energy carriers and technologies > Heat and steam | Lifecycle Stage: Product-as-a-Service | Location: AT | Materials: natural gas | Unit: 1 MJ | Reference Flow: process steam | Description:  | Water depletion: 0.0 | Freshwater ecotoxicity: 0.0 | Marine ecotoxicity: 0.0 | Marine eutrophication: 0.0 | Human toxicity: 0.0002 | Particulate matter formation: 0.0 | Urban land occupation: 0.0 | Agricultural land occupation: 0.0 | Terrestrial acidification: 0.0001 | Climate change: 0.0829 | Terrestrial ecotoxicity: 0.0 | Photochemical oxidant formation: 0.0001 | Ionising radiation: 0.0 | Metal depletion: 0.0001 | Natural land transformation: -0.0",9.15e-06,0.08289811,0.0,2.54e-06,0.0,0.00018875,2.454e-05,2.83e-06,2.51e-06,0.00011273,-4e-08,0.0,1.873e-05,8.22e-05,5.518e-05,3e-08,1.373e-05,3.656e-05
"Diesel, consumption mix, at refinery, from crude oil, 200 ppm sulphur",Raw Materials,Energy carriers and technologies > Crude oil based fuels,EU-15,kg,diesel,,crude oil,"Process: Diesel, consumption mix, at refinery, from crude oil, 200 ppm sulphur | Category: Energy carriers and technologies > Crude oil based fuels | Lifecycle Stage: Raw Materials | Location: EU-15 | Materials: crude oil | Unit: 1 kg | Reference Flow: diesel | Description:  | Water depletion: 0.0003 | Freshwater ecotoxicity: 0.0001 | Marine ecotoxicity: 0.001 | Ozone depletion: 0.0 | Marine eutrophication: 0.0001 | Human toxicity: 0.013 | Particulate matter formation: 0.0006 | Terrestrial acidification: 0.0023 | Climate change: 0.4063 | Terrestrial ecotoxicity: 0.0 | Photochemical oxidant formation: 0.0015 | Ionising radiation: 0.0088 | Metal depletion: 0.0008 | Freshwater eutrophication: 0.0",0.0,0.40631177,0.0,8.432e-05,1.14e-05,0.01298035,0.00880628,0.00100765,5.001e-05,0.00083845,0.0,1e-08,0.00059226,0.00153244,0.00225608,1.18e-05,0.0,0.00031967
"Process steam from Heavy fuel oil 90 %, consumption mix, at power plant, heat plant, MJ, 90 % efficiency",Product-as-a-Service,Energy carriers and technologies > Heat and steam,NO,MJ,process steam,,other,"Process: Process steam from Heavy fuel oil 90 %, consumption mix, at power plant, heat plant, MJ, 90 % efficiency | Category: Energy carriers and technologies > Heat and steam | Lifecycle Stage: Product-as-a-Service | Location: NO | Materials: other | Unit: 1 MJ | Reference Flow: process steam | Description:  | Water depletion: 0.0 | Freshwater ecotoxicity: 0.0 | Marine ecotoxicity: 0.0001 | Marine eutrophication: 0.0 | Human toxicity: 0.0012 | Particulate matter formation: 0.0 | Urban land occupation: 0.0 | Agricultural land occupation: 0.0 | Terrestrial acidification: 0.0002 | Climate change: 0.1038 | Terrestrial ecotoxicity: 0.0 | Photochemical oxidant formation: 0.0001 | Ionising radiation: 0.0 | Metal depletion: 0.0 | Freshwater eutrophication: 0.0 | Natural land transformation: -0.0",2e-06,0.10375744,0.0,1.32e-06,2e-08,0.00121475,1.283e-05,0.00010392,4.6e-06,4.629e-05,-1e-08,0.0,4.649e-05,0.00010677,0.00015333,1.03e-06,3e-06,1.525e-05
"Electricity grid mix, consumption mix, at consumer, AC, 230V",Product-as-a-Service,Energy carriers and technologies > Electricity,SE,MJ,Electricity,,other,"Process: Electricity grid mix, consumption mix, at consumer, AC, 230V | Category: Energy carriers and technologies > Electricity | Lifecycle Stage: Product-as-a-Service | Location: SE | Materials: other | Unit: 1 MJ | Reference Flow: Electricity | Description:  | Water depletion: 0.0063 | Freshwater ecotoxicity: 0.0002 | Marine ecotoxicity: 0.0001 | Marine eutrophication: 0.0 | Human toxicity: 0.007 | Particulate matter formation: 0.0001 | Urban land occupation: 0.0 | Agricultural land occupation: 0.0 | Terrestrial acidification: 0.0002 | Climate change: 0.0564 | Terrestrial ecotoxicity: 0.0 | Photochemical oxidant formation: 0.0002 | Ionising radiation: 0.1744 | Metal depletion: 0.0042 | Freshwater eutrophication: 0.0 | Natural land transformation: -0.0",1.553e-05,0.0564323,0.0,0.00017541,2e-08,0.00698956,0.17439269,6.064e-05,7.14e-06,0.00417254,-2.7e-07,0.0,5.058e-05,0.00015036,0.00015216,3.45e-06,2.33e-05,0.00625337
"Electricity Mix, consumption mix, at consumer, AC, 240V",Product-as-a-Service,Energy carriers and technologies > Electricity,CY,MJ,electricity mix,,other,"Process: Electricity Mix, consumption mix, at consumer, AC, 240V | Category: Energy carriers and technologies > Electricity | Lifecycle Stage: Product-as-a-Service | Location: CY | Materials: other | Unit: 1 MJ | Reference Flow: electricity mix | Description:  | Water depletion: 0.0018 | Freshwater ecotoxicity: 0.0001 | Marine ecotoxicity: 0.0008 | Marine eutrophication: 0.0001 | Human toxicity: 0.037 | Particulate matter formation: 0.0031 | Terrestrial acidification: 0.0127 | Climate change: 1.0235 | Terrestrial ecotoxicity: 0.0 | Photochemical oxidant formation: 0.0028 | Ionising radiation: 0.0004 | Metal depletion: 0.0004 | Freshwater eutrophication: 0.0",0.0,1.02354768,0.0,5.654e-05,5.52e-06,0.0369645,0.00039853,0.00076177,7.579e-05,0.00035538,0.0,0.0,0.00308729,0.00282279,0.0127021,4.864e-05,0.0,0.00178225
"Steel rebar, production mix, at plant, blast furnace and electric arc furnace route,",Raw Materials,Materials production > Metals and semimetals,GLO,kg,steel rebar,,steel,"Process: Steel rebar, production mix, at plant, blast furnace and electric arc furnace route, | Category: Materials production > Metals and semimetals | Lifecycle Stage: Raw Materials | Location: GLO | Materials: steel | Unit: 1 kg | Reference Flow: steel rebar | Description:  | Water depletion: 0.0038 | Freshwater ecotoxicity: 0.0 | Marine ecotoxicity: 0.0004 | Marine eutrophication: 0.0001 | Human toxicity: 0.1016 | Particulate matter formation: 0.0014 | Terrestrial acidification: 0.0028 | Climate change: 1.0303 | Terrestrial ecotoxicity: 0.0001 | Photochemical oxidant formation: 0.0021 | Metal depletion: 0.3134 | Freshwater eutrophication: 0.0",0.0,1.03031688,0.0,1.245e-05,5.19e-06,0.10158545,0.0,0.00043434,0.00012169,0.3134463,0.0,0.0,0.00143204,0.00209447,0.00279952,6.813e-05,0.0,0.00381828
"Process steam from natural gas, consumption mix, at plant, heat plant, MJ",Product-as-a-Service,Energy carriers and technologies > Heat and steam,RO,MJ,process steam from natural gas,,natural gas,"Process: Process steam from natural gas, consumption mix, at plant, heat plant, MJ | Category: Energy carriers and technologies > Heat and steam | Lifecycle Stage: Product-as-a-Service | Location: RO | Materials: natural gas | Unit: 1 MJ | Reference Flow: process steam from natural gas | Description:  | Water depletion: 0.0 | Freshwater ecotoxicity: 0.0 | Marine ecotoxicity: 0.0 | Marine eutrophication: 0.0 | Human toxicity: 0.0004 | Particulate matter formation: 0.0001 | Terrestrial acidification: 0.0002 | Climate change: 0.0705 | Terrestrial ecotoxicity: 0.0 | Photochemical oxidant formation: 0.0002 | Ionising radiation: 0.0001 | Metal depletion: 0.0001 | Freshwater eutrophication: 0.0",0.0,0.07049969,0.0,2.27e-06,3.1e-07,0.00039675,0.00011516,3.49e-06,9.24e-06,6.775e-05,0.0,0.0,6.617e-05,0.00024821,0.00018361,2.8e-07,0.0,2.59e-06
"Electricity grid mix 1kV-60kV, consumption mix, at consumer, AC, 1kV - 60kV",Product-as-a-Service,Energy carriers and technologies > Electricity,IT,MJ,Electricity,,other,"Process: Electricity grid mix 1kV-60kV, consumption mix, at consumer, AC, 1kV - 60kV | Category: Energy carriers and technologies > Electricity | Lifecycle Stage: Product-as-a-Service | Location: IT | Materials: other | Unit: 1 MJ | Reference Flow: Electricity | Description:  | Water depletion: 0.0039 | Freshwater ecotoxicity: 0.0001 | Marine ecotoxicity: 0.0001 | Ozone depletion: 0.0 | Marine eutrophication: 0.0 | Human toxicity: 0.0111 | Particulate matter formation: 0.0003 | Urban land occupation: 0.0001 | Agricultural land occupation: 0.0001 | Terrestrial acidification: 0.001 | Climate change: 0.536 | Terrestrial ecotoxicity: 0.0 | Photochemical oxidant formation: 0.0008 | Ionising radiation: 0.0205 | Metal depletion: 0.0018 | Freshwater eutrophication: 0.0 | Natural land transformation: -0.0",6.528e-05,0.53597915,0.0,7.45e-05,3e-08,0.01107963,0.02054908,8.099e-05,2.694e-05,0.00180508,-3.01e-06,1e-08,0.00029674,0.00077876,0.00103796,3.42e-06,9.792e-05,0.00393357
"Plane, technology mix, cargo, 68 t payload",Raw Materials,Transport services > Air,RER,t*km,transport in t*km,,other,"Process: Plane, technology mix, cargo, 68 t payload | Category: Transport services > Air | Lifecycle Stage: Raw Materials | Location: RER | Materials: other | Unit: 1 t*km | Reference Flow: transport in t*km | Description:  | Water depletion: 0.0002 | Freshwater ecotoxicity: 0.0 | Marine ecotoxicity: 0.0006 | Marine eutrophication: 0.0004 | Human toxicity: 0.0065 | Particulate matter formation: 0.0026 | Terrestrial acidification: 0.0066 | Climate change: 2.0947 | Terrestrial ecotoxicity: 0.0 | Photochemical oxidant formation: 0.0106 | Ionising radiation: 0.0039 | Metal depletion: 0.0005 | Freshwater eutrophication: 0.0",0.0,2.09467561,0.0,4.652e-05,6.63e-06,0.00651457,0.00388947,0.00057491,0.00040258,0.00048905,0.0,0.0,0.00256613,0.01056325,0.00664417,5.52e-06,0.0,0.00019503
"Process steam from light fuel oil, consumption mix, at plant, heat plant, MJ",Product-as-a-Service,Energy carriers and technologies > Heat and steam,FI,MJ,process steam from light fuel oil,,other,"Process: Process steam from light fuel oil, consumption mix, at plant, heat plant, MJ | Category: Energy carriers and technologies > Heat and steam | Lifecycle Stage: Product-as-a-Service | Location: FI | Materials: other | Unit: 1 MJ | Reference Flow: process steam from light fuel oil | Description:  | Water depletion: 0.0 | Freshwater ecotoxicity: 0.0 | Marine ecotoxicity: 0.0 | Marine eutrophication: 0.0 | Human toxicity: 0.0004 | Particulate matter formation: 0.0001 | Terrestrial acidification: 0.0003 | Climate change: 0.0939 | Terrestrial ecotoxicity: 0.0 | Photochemical oxidant formation: 0.0002 | Ionising radiation: 0.0002 | Metal depletion: 0.0 | Freshwater eutrophication: 0.0",0.0,0.0939481,0.0,2.2e-06,3e-07,0.0003976,0.00023433,2.609e-05,7.73e-06,2.704e-05,0.0,0.0,7.42e-05,0.0002144,0.00025443,3.7e-07,0.0,8.43e-06
"Gypsum plaster (CaSO4 beta hemihydrates), production mix, at plant, technology mix of natural gypsum (45%) and gypsum from flue gas desulphurisation (55%), grinded and purified product",Raw Materials,Materials production > Other mineral materials,DE,kg,gypsum plaster (CaSO4 beta hemihydrates),,other,"Process: Gypsum plaster (CaSO4 beta hemihydrates), production mix, at plant, technology mix of natural gypsum (45%) and gypsum from flue gas desulphurisation (55%), grinded and purified product | Category: Materials production > Other mineral materials | Lifecycle Stage: Raw Materials | Location: DE | Materials: other | Unit: 1 kg | Reference Flow: gypsum plaster (CaSO4 beta hemihydrates) | Description:  | Water depletion: 0.0001 | Freshwater ecotoxicity: 0.0 | Marine ecotoxicity: 0.0 | Marine eutrophication: 0.0 | Human toxicity: 0.0009 | Particulate matter formation: 0.0 | Terrestrial acidification: 0.0001 | Climate change: 0.1088 | Terrestrial ecotoxicity: 0.0 | Photochemical oxidant formation: 0.0001 | Ionising radiation: 0.0045 | Metal depletion: 0.0001 | Freshwater eutrophication: 0.0",0.0,0.10882137,0.0,6.82e-06,4e-07,0.00086313,0.0045181,8.46e-06,4.51e-06,5.852e-05,0.0,0.0,4.052e-05,0.00011546,0.00012242,4.9e-07,0.0,0.00014458
"Process steam from natural gas, consumption mix, at plant, heat plant, MJ",Product-as-a-Service,Energy carriers and technologies > Heat and steam,PT,MJ,process steam from natural gas,,natural gas,"Process: Process steam from natural gas, consumption mix, at plant, heat plant, MJ | Category: Energy carriers and technologies > Heat and steam | Lifecycle Stage: Product-as-a-Service | Location: PT | Materials: natural gas | Unit: 1 MJ | Reference Flow: process steam from natural gas | Description:  | Water depletion: 0.0 | Freshwater ecotoxicity: 0.0 | Marine ecotoxicity: 0.0 | Marine eutrophication: 0.0 | Human toxicity: 0.0002 | Particulate matter formation: 0.0 | Terrestrial acidification: 0.0001 | Climate change: 0.0835 | Terrestrial ecotoxicity: 0.0 | Photochemical oxidant formation: 0.0001 | Ionising radiation: 0.0 | Metal depletion: 0.0 | Freshwater eutrophication: 0.0",0.0,0.08350422,0.0,5.8e-07,6e-08,0.00020129,1.602e-05,1.49e-06,3.44e-06,1.999e-05,0.0,0.0,3.056e-05,0.00011437,9.691e-05,1.3e-07,0.0,2.8e-06
"Spruce wood, production mix, at saw mill, timber, 40% water content",Raw Materials,Materials production > Wood,DE,kg,spruce wood,,"wood, water, timber","Process: Spruce wood, production mix, at saw mill, timber, 40% water content | Category: Materials production > Wood | Lifecycle Stage: Raw Materials | Location: DE | Materials: wood, water, timber | Unit: 1 kg | Reference Flow: spruce wood | Description:  | Water depletion: 0.0008 | Freshwater ecotoxicity: 0.0 | Marine ecotoxicity: 0.0 | Marine eutrophication: 0.0 | Human toxicity: 0.0003 | Particulate matter formation: 0.0 | Terrestrial acidification: 0.0001 | Climate change: 0.0269 | Terrestrial ecotoxicity: 0.0 | Photochemical oxidant formation: 0.0002 | Ionising radiation: 0.0028 | Metal depletion: 0.0004 | Freshwater eutrophication: 0.0",0.0,0.02693797,0.0,3.42e-06,8e-08,0.0003297,0.0028359,4.11e-06,5.52e-06,0.00035265,0.0,0.0,4.43e-05,0.00020871,0.00010367,4.9e-07,0.0,0.00083216
"Electricity Mix, consumption mix, at consumer, AC, 1kV - 60kV",Product-as-a-Service,Energy carriers and technologies > Electricity,IE,MJ,electricity mix,,other,"Process: Electricity Mix, consumption mix, at consumer, AC, 1kV - 60kV | Category: Energy carriers and technologies > Electricity | Lifecycle Stage: Product-as-a-Service | Location: IE | Materials: other | Unit: 1 MJ | Reference Flow: electricity mix | Description:  | Water depletion: 0.0014 | Freshwater ecotoxicity: 0.0 | Marine ecotoxicity: 0.0001 | Marine eutrophication: 0.0001 | Human toxicity: 0.0208 | Particulate matter formation: 0.0011 | Terrestrial acidification: 0.004 | Climate change: 0.8238 | Terrestrial ecotoxicity: 0.0 | Photochemical oxidant formation: 0.0018 | Ionising radiation: 0.0029 | Metal depletion: 0.0002 | Freshwater eutrophication: 0.0",0.0,0.82377743,0.0,1.913e-05,9e-08,0.02082253,0.00289092,0.00014873,6.126e-05,0.00017473,0.0,0.0,0.0010963,0.00181753,0.0040003,1.681e-05,0.0,0.00144606
"Bentonite granular, sodium activated, Production at plant, 1000 kg of bentonite sodium activated granular with a particle size ranging from 0.5 to 5 mm and a moisture content ranging between 8 and 13%, stored in silo, ready to be shipped in bulk., none",Transport & Packaging,Materials production > Other mineral materials,RER,kg,Na-activated bentonite granular,,other,"Process: Bentonite granular, sodium activated, Production at plant, 1000 kg of bentonite sodium activated granular with a particle size ranging from 0.5 to 5 mm and a moisture content ranging between 8 and 13%, stored in silo, ready to be shipped in bulk., none | Category: Materials production > Other mineral materials | Lifecycle Stage: Transport & Packaging | Location: RER | Materials: other | Unit: 1 kg | Reference Flow: Na-activated bentonite granular | Description:  | Water depletion: 1.4096 | Freshwater ecotoxicity: 0.0312 | Marine ecotoxicity: 0.04 | Ozone depletion: 0.0 | Marine eutrophication: 0.0535 | Human toxicity: 3.1508 | Particulate matter formation: 0.2602 | Terrestrial acidification: 0.8064 | Climate change: 169.5727 | Terrestrial ecotoxicity: 0.0014 | Photochemical oxidant formation: 0.6889 | Ionising radiation: 92.0594 | Metal depletion: 0.6703 | Freshwater eutrophication: 0.0003",0.0,169.57268811,0.0,0.03116544,0.00032015,3.15080822,92.05943954,0.03996804,0.05349866,0.67034784,0.0,4e-08,0.26024703,0.68890177,0.8063839,0.00135592,0.0,1.40957851
"Excavator, technology mix, 500 kW, Mining",Raw Materials,Transport services > Other transport,GLO,kg,excavated material,,other,"Process: Excavator, technology mix, 500 kW, Mining | Category: Transport services > Other transport | Lifecycle Stage: Raw Materials | Location: GLO | Materials: other | Unit: 1 kg | Reference Flow: excavated material | Description: ",0.0,0.0,0.0,0.0,0.0,0.0,0.0,0.0,0.0,0.0,0.0,0.0,0.0,0.0,0.0,0.0,0.0,0.0
"Process steam from light fuel oil, consumption mix, at plant, heat plant, MJ",Product-as-a-Service,Energy carriers and technologies > Heat and steam,NO,MJ,process steam from light fuel oil,,other,"Process: Process steam from light fuel oil, consumption mix, at plant, heat plant, MJ | Category: Energy carriers and technologies > Heat and steam | Lifecycle Stage: Product-as-a-Service | Location: NO | Materials: other | Unit: 1 MJ | Reference Flow: process steam from light fuel oil | Description:  | Water depletion: 0.0 | Freshwater ecotoxicity: 0.0 | Marine ecotoxicity: 0.0 | Marine eutrophication: 0.0 | Human toxicity: 0.0002 | Particulate matter formation: 0.0 | Terrestrial acidification: 0.0001 | Climate change: 0.0876 | Terrestrial ecotoxicity: 0.0 | Photochemical oxidant formation: 0.0001 | Ionising radiation: 0.0 | Metal depletion: 0.0 | Freshwater eutrophication: 0.0",0.0,0.08761948,0.0,3.1e-07,1e-08,0.00024181,9.02e-06,2.258e-05,3.3e-06,7.82e-06,0.0,0.0,3.428e-05,0.00011602,0.00011665,3e-07,0.0,9e-07
"Process steam from natural gas 90%, consumption mix, at power plant, heat plant, MJ, 90 % efficiency",Product-as-a-Service,Energy carriers and technologies > Heat and steam,RO,MJ,process steam,,natural gas,"Process: Process steam from natural gas 90%, consumption mix, at power plant, heat plant, MJ, 90 % efficiency | Category: Energy carriers and technologies > Heat and steam | Lifecycle Stage: Product-as-a-Service | Location: RO | Materials: natural gas | Unit: 1 MJ | Reference Flow: process steam | Description:  | Water depletion: 0.0 | Freshwater ecotoxicity: 0.0 | Marine ecotoxicity: 0.0 | Marine eutrophication: 0.0 | Human toxicity: 0.0003 | Particulate matter formation: 0.0 | Urban land occupation: 0.0 | Agricultural land occupation: 0.0 | Terrestrial acidification: 0.0001 | Climate change: 0.0769 | Terrestrial ecotoxicity: 0.0 | Photochemical oxidant formation: 0.0002 | Ionising radiation: 0.0001 | Metal depletion: 0.0002 | Natural land transformation: -0.0",1.096e-05,0.07689619,0.0,3.29e-06,0.0,0.00025311,0.00014818,3.3e-06,5.97e-06,0.00015673,-1.4e-07,0.0,4.289e-05,0.00016256,0.00011066,9e-08,1.643e-05,4.726e-05
"Process steam from Heavy fuel oil 90 %, consumption mix, at power plant, heat plant, MJ, 90 % efficiency",Product-as-a-Service,Energy carriers and technologies > Heat and steam,AT,MJ,process steam,,other,"Process: Process steam from Heavy fuel oil 90 %, consumption mix, at power plant, heat plant, MJ, 90 % efficiency | Category: Energy carriers and technologies > Heat and steam | Lifecycle Stage: Product-as-a-Service | Location: AT | Materials: other | Unit: 1 MJ | Reference Flow: process steam | Description:  | Water depletion: 0.0 | Freshwater ecotoxicity: 0.0 | Marine ecotoxicity: 0.0 | Marine eutrophication: 0.0 | Human toxicity: 0.0013 | Particulate matter formation: 0.0001 | Urban land occupation: 0.0 | Agricultural land occupation: 0.0 | Terrestrial acidification: 0.0002 | Climate change: 0.1067 | Terrestrial ecotoxicity: 0.0 | Photochemical oxidant formation: 0.0001 | Ionising radiation: 0.0 | Metal depletion: 0.0001 | Freshwater eutrophication: 0.0 | Natural land transformation: -0.0",5.21e-06,0.1067346,0.0,5.92e-06,2e-08,0.00125907,4.479e-05,1.252e-05,5.2e-06,7.828e-05,-3e-08,0.0,6.704e-05,0.00014832,0.00024613,6.7e-07,7.82e-06,2.947e-05
"Process steam from heavy fuel oil, consumption mix, at plant, heat plant, MJ",Product-as-a-Service,Energy carriers and technologies > Heat and steam,DE,MJ,process steam from heavy fuel oil,,other,"Process: Process steam from heavy fuel oil, consumption mix, at plant, heat plant, MJ | Category: Energy carriers and technologies > Heat and steam | Lifecycle Stage: Product-as-a-Service | Location: DE | Materials: other | Unit: 1 MJ | Reference Flow: process steam from heavy fuel oil | Description:  | Water depletion: 0.0 | Freshwater ecotoxicity: 0.0 | Marine ecotoxicity: 0.0 | Marine eutrophication: 0.0 | Human toxicity: 0.0022 | Particulate matter formation: 0.0001 | Terrestrial acidification: 0.0002 | Climate change: 0.1009 | Terrestrial ecotoxicity: 0.0 | Photochemical oxidant formation: 0.0001 | Ionising radiation: 0.0002 | Metal depletion: 0.0 | Freshwater eutrophication: 0.0",0.0,0.10089496,0.0,4.28e-06,4.5e-07,0.00222259,0.00022147,3.706e-05,4.04e-06,3.718e-05,0.0,0.0,6.59e-05,0.00010805,0.00024661,2.09e-06,0.0,3.25e-06
"Process steam from Heavy fuel oil 90 %, consumption mix, at power plant, heat plant, MJ, 90 % efficiency",Product-as-a-Service,Energy carriers and technologies > Heat and steam,LT,MJ,process steam,,other,"Process: Process steam from Heavy fuel oil 90 %, consumption mix, at power plant, heat plant, MJ, 90 % efficiency | Category: Energy carriers and technologies > Heat and steam | Lifecycle Stage: Product-as-a-Service | Location: LT | Materials: other | Unit: 1 MJ | Reference Flow: process steam | Description:  | Water depletion: 0.0001 | Freshwater ecotoxicity: 0.0 | Marine ecotoxicity: 0.0002 | Marine eutrophication: 0.0 | Human toxicity: 0.01 | Particulate matter formation: 0.0002 | Urban land occupation: 0.0 | Agricultural land occupation: 0.0 | Terrestrial acidification: 0.0007 | Climate change: 0.1084 | Terrestrial ecotoxicity: 0.0 | Photochemical oxidant formation: 0.0002 | Ionising radiation: 0.0003 | Metal depletion: 0.0001 | Freshwater eutrophication: 0.0 | Natural land transformation: -0.0",1.14e-05,0.10836903,0.0,1.161e-05,2e-08,0.00997177,0.00033457,0.00015928,4.97e-06,0.0001268,-5e-08,0.0,0.00017678,0.00018856,0.00071908,1.397e-05,1.71e-05,5.659e-05
"Process steam from Light fuel oil 90 %, consumption mix, at power plant, heat plant, MJ, 90 % efficiency",Product-as-a-Service,Energy carriers and technologies > Heat and steam,DE,MJ,process steam,,other,"Process: Process steam from Light fuel oil 90 %, consumption mix, at power plant, heat plant, MJ, 90 % efficiency | Category: Energy carriers and technologies > Heat and steam | Lifecycle Stage: Product-as-a-Service | Location: DE | Materials: other | Unit: 1 MJ | Reference Flow: process steam | Description:  | Water depletion: 0.0 | Freshwater ecotoxicity: 0.0 | Marine ecotoxicity: 0.0 | Marine eutrophication: 0.0 | Human toxicity: 0.0008 | Particulate matter formation: 0.0 | Urban land occupation: 0.0 | Agricultural land occupation: 0.0 | Terrestrial acidification: 0.0001 | Climate change: 0.1017 | Terrestrial ecotoxicity: 0.0 | Photochemical oxidant formation: 0.0001 | Ionising radiation: 0.0001 | Metal depletion: 0.0001 | Freshwater eutrophication: 0.0 | Natural land transformation: -0.0",6.61e-06,0.10165004,0.0,5.92e-06,1e-08,0.00077202,0.00014359,4.392e-05,4.31e-06,7.712e-05,-5e-08,0.0,3.636e-05,0.00011956,0.00011756,1.5e-07,9.92e-06,3.572e-05
"Steel hot dip galvanized (ILCD), production mix, at plant, blast furnace route, 1kg, typical thickness between 0.3 - 3 mm. typical width between 600 - 2100 mm.",Raw Materials,Materials production > Metals and semimetals,GLO,kg,Steel hot-dip galvanised coil,,steel,"Process: Steel hot dip galvanized (ILCD), production mix, at plant, blast furnace route, 1kg, typical thickness between 0.3 - 3 mm. typical width between 600 - 2100 mm. | Category: Materials production > Metals and semimetals | Lifecycle Stage: Raw Materials | Location: GLO | Materials: steel | Unit: 1 kg | Reference Flow: Steel hot-dip galvanised coil | Description:  | Water depletion: 0.0016 | Freshwater ecotoxicity: 0.0003 | Marine ecotoxicity: 0.0004 | Ozone depletion: 0.0 | Marine eutrophication: 0.0002 | Human toxicity: 0.123 | Particulate matter formation: 0.003 | Terrestrial acidification: 0.0062 | Climate change: 2.5248 | Terrestrial ecotoxicity: 0.0 | Photochemical oxidant formation: 0.0053 | Ionising radiation: 0.0366 | Metal depletion: 1.3329 | Freshwater eutrophication: 0.0",0.0,2.52481505,0.0,0.00033318,1.79e-06,0.122994,0.03659533,0.00036022,0.000216,1.33293016,0.0,3e-08,0.00304623,0.00528945,0.00624753,4.7e-05,0.0,0.00155549
"Naphtha, consumption mix, at refinery, from crude oil",Raw Materials,Materials production > Organic chemicals,EU-15,kg,naphtha,,crude oil,"Process: Naphtha, consumption mix, at refinery, from crude oil | Category: Materials production > Organic chemicals | Lifecycle Stage: Raw Materials | Location: EU-15 | Materials: crude oil | Unit: 1 kg | Reference Flow: naphtha | Description:  | Water depletion: 0.0003 | Freshwater ecotoxicity: 0.0001 | Marine ecotoxicity: 0.001 | Ozone depletion: 0.0 | Marine eutrophication: 0.0001 | Human toxicity: 0.0148 | Particulate matter formation: 0.0006 | Terrestrial acidification: 0.0024 | Climate change: 0.4428 | Terrestrial ecotoxicity: 0.0 | Photochemical oxidant formation: 0.0016 | Ionising radiation: 0.0088 | Metal depletion: 0.0008 | Freshwater eutrophication: 0.0",0.0,0.44277555,0.0,8.669e-05,1.138e-05,0.01481997,0.00882986,0.00102649,5.515e-05,0.00083209,0.0,1e-08,0.00063389,0.00163303,0.00242465,1.431e-05,0.0,0.00027029
"Electricity Mix, consumption mix, at consumer, AC, 1kV - 60kV",Product-as-a-Service,Energy carriers and technologies > Electricity,UCTE,MJ,electricity mix,,other,"Process: Electricity Mix, consumption mix, at consumer, AC, 1kV - 60kV | Category: Energy carriers and technologies > Electricity | Lifecycle Stage: Product-as-a-Service | Location: UCTE | Materials: other | Unit: 1 MJ | Reference Flow: electricity mix | Description:  | Water depletion: 0.0015 | Freshwater ecotoxicity: 0.0002 | Marine ecotoxicity: 0.0001 | Ozone depletion: 0.0 | Marine eutrophication: 0.0 | Human toxicity: 0.0189 | Particulate matter formation: 0.001 | Terrestrial acidification: 0.0035 | Climate change: 0.5657 | Terrestrial ecotoxicity: 0.0 | Photochemical oxidant formation: 0.0012 | Ionising radiation: 0.1707 | Metal depletion: 0.0002 | Freshwater eutrophication: 0.0",0.0,0.56573485,0.0,0.0001773,6e-07,0.01893941,0.17073677,0.00011584,4.25e-05,0.00018651,0.0,1.4e-07,0.0009513,0.00124846,0.00352719,1.268e-05,0.0,0.00148215
"Process steam from Heavy fuel oil 90 %, consumption mix, at power plant, heat plant, MJ, 90 % efficiency",Product-as-a-Service,Energy carriers and technologies > Heat and steam,FR,MJ,process steam,,other,"Process: Process steam from Heavy fuel oil 90 %, consumption mix, at power plant, heat plant, MJ, 90 % efficiency | Category: Energy carriers and technologies > Heat and steam | Lifecycle Stage: Product-as-a-Service | Location: FR | Materials: other | Unit: 1 MJ | Reference Flow: process steam | Description:  | Water depletion: 0.0 | Freshwater ecotoxicity: 0.0 | Marine ecotoxicity: 0.0 | Marine eutrophication: 0.0 | Human toxicity: 0.0018 | Particulate matter formation: 0.0002 | Urban land occupation: 0.0 | Agricultural land occupation: 0.0 | Terrestrial acidification: 0.0007 | Climate change: 0.1096 | Terrestrial ecotoxicity: 0.0 | Photochemical oxidant formation: 0.0003 | Ionising radiation: 0.0006 | Metal depletion: 0.0001 | Freshwater eutrophication: 0.0 | Natural land transformation: -0.0",4.34e-06,0.10957984,0.0,4.97e-06,3e-08,0.00179503,0.00060614,4.8e-05,9.02e-06,6.256e-05,-2e-08,0.0,0.00018351,0.00028702,0.00068623,2.04e-06,6.51e-06,3.086e-05
"Process steam from heavy fuel oil, consumption mix, at plant, heat plant, MJ",Product-as-a-Service,Energy carriers and technologies > Heat and steam,BG,MJ,process steam from heavy fuel oil,,other,"Process: Process steam from heavy fuel oil, consumption mix, at plant, heat plant, MJ | Category: Energy carriers and technologies > Heat and steam | Lifecycle Stage: Product-as-a-Service | Location: BG | Materials: other | Unit: 1 MJ | Reference Flow: process steam from heavy fuel oil | Description:  | Water depletion: 0.0 | Freshwater ecotoxicity: 0.0 | Marine ecotoxicity: 0.0004 | Marine eutrophication: 0.0 | Human toxicity: 0.0199 | Particulate matter formation: 0.0004 | Terrestrial acidification: 0.0017 | Climate change: 0.0981 | Terrestrial ecotoxicity: 0.0 | Photochemical oxidant formation: 0.0005 | Ionising radiation: 0.0003 | Metal depletion: 0.0001 | Freshwater eutrophication: 0.0",0.0,0.0980541,0.0,2.106e-05,8e-07,0.01988125,0.00026055,0.00036711,1.532e-05,6.979e-05,0.0,0.0,0.00043454,0.00051359,0.00166534,3.058e-05,0.0,6.79e-06
"Polyvinylchloride resin (B-PVC), production mix, at plant, bulk polymerisation",Raw Materials,Materials production > Plastics,RER,kg,polyvinylchloride resin (B-PVC),,other,"Process: Polyvinylchloride resin (B-PVC), production mix, at plant, bulk polymerisation | Category: Materials production > Plastics | Lifecycle Stage: Raw Materials | Location: RER | Materials: other | Unit: 1 kg | Reference Flow: polyvinylchloride resin (B-PVC) | Description:  | Water depletion: 0.0222 | Freshwater ecotoxicity: 0.0001 | Marine ecotoxicity: 0.0002 | Marine eutrophication: 0.0001 | Human toxicity: 0.3631 | Particulate matter formation: 0.0019 | Terrestrial acidification: 0.0049 | Climate change: 1.6601 | Terrestrial ecotoxicity: 0.0 | Photochemical oxidant formation: 0.0052 | Metal depletion: 0.0071 | Freshwater eutrophication: 0.0",0.0,1.66010622,0.0,5.871e-05,2.145e-05,0.36307319,0.0,0.00020632,0.00014107,0.00711091,0.0,0.0,0.00187829,0.00518158,0.00490879,2.432e-05,0.0,0.02220248
"Electricity Mix, consumption mix, at consumer, AC, 230V",Product-as-a-Service,Energy carriers and technologies > Electricity,BE,MJ,electricity mix,,other,"Process: Electricity Mix, consumption mix, at consumer, AC, 230V | Category: Energy carriers and technologies > Electricity | Lifecycle Stage: Product-as-a-Service | Location: BE | Materials: other | Unit: 1 MJ | Reference Flow: electricity mix | Description:  | Water depletion: 0.0018 | Freshwater ecotoxicity: 0.0003 | Marine ecotoxicity: 0.0001 | Ozone depletion: 0.0 | Marine eutrophication: 0.0 | Human toxicity: 0.0079 | Particulate matter formation: 0.0003 | Terrestrial acidification: 0.001 | Climate change: 0.4117 | Terrestrial ecotoxicity: 0.0 | Photochemical oxidant formation: 0.0008 | Ionising radiation: 0.3024 | Metal depletion: 0.0001 | Freshwater eutrophication: 0.0",0.0,0.41171121,0.0,0.00029799,1.7e-07,0.0079316,0.30240437,9.073e-05,3.465e-05,0.00010492,0.0,2.5e-07,0.00034275,0.00083841,0.00104637,7.76e-06,0.0,0.00177967
"Process steam from light fuel oil, consumption mix, at plant, heat plant, MJ",Product-as-a-Service,Energy carriers and technologies > Heat and steam,LT,MJ,process steam from light fuel oil,,other,"Process: Process steam from light fuel oil, consumption mix, at plant, heat plant, MJ | Category: Energy carriers and technologies > Heat and steam | Lifecycle Stage: Product-as-a-Service | Location: LT | Materials: other | Unit: 1 MJ | Reference Flow: process steam from light fuel oil | Description:  | Water depletion: 0.0 | Freshwater ecotoxicity: 0.0 | Marine ecotoxicity: 0.0 | Marine eutrophication: 0.0 | Human toxicity: 0.0004 | Particulate matter formation: 0.0001 | Terrestrial acidification: 0.0003 | Climate change: 0.0935 | Terrestrial ecotoxicity: 0.0 | Photochemical oxidant formation: 0.0003 | Ionising radiation: 0.0002 | Metal depletion: 0.0 | Freshwater eutrophication: 0.0",0.0,0.09348215,0.0,2.2e-06,3e-07,0.0004013,0.00023317,2.609e-05,9.82e-06,2.702e-05,0.0,0.0,9.086e-05,0.00026795,0.0002845,3.7e-07,0.0,8.41e-06
"Compressed air, production mix, 7 bar, low efficiency, high power consumption",Raw Materials,Energy carriers and technologies > Mechanical energy,GLO,m3,compressed air,,other,"Process: Compressed air, production mix, 7 bar, low efficiency, high power consumption | Category: Energy carriers and technologies > Mechanical energy | Lifecycle Stage: Raw Materials | Location: GLO | Materials: other | Unit: 1 m3 | Reference Flow: compressed air | Description: ",0.0,0.0,0.0,0.0,0.0,0.0,0.0,0.0,0.0,0.0,0.0,0.0,0.0,0.0,0.0,0.0,0.0,0.0
"Compressed air, production mix, at plant, 7 bar, high efficiency, low power consumption",Raw Materials,Energy carriers and technologies > Mechanical energy,EU-27,m3,compressed air,,other,"Process: Compressed air, production mix, at plant, 7 bar, high efficiency, low power consumption | Category: Energy carriers and technologies > Mechanical energy | Lifecycle Stage: Raw Materials | Location: EU-27 | Materials: other | Unit: 1 m3 | Reference Flow: compressed air | Description:  | Water depletion: 0.0001 | Freshwater ecotoxicity: 0.0 | Marine ecotoxicity: 0.0 | Ozone depletion: 0.0 | Marine eutrophication: 0.0 | Human toxicity: 0.0018 | Particulate matter formation: 0.0001 | Terrestrial acidification: 0.0004 | Climate change: 0.0564 | Terrestrial ecotoxicity: 0.0 | Photochemical oxidant formation: 0.0001 | Ionising radiation: 0.0165 | Metal depletion: 0.0 | Freshwater eutrophication: 0.0",0.0,0.0564387,0.0,1.712e-05,5e-08,0.00179075,0.01649619,1.145e-05,4.4e-06,1.754e-05,0.0,1e-08,9.897e-05,0.00013049,0.00036777,1.25e-06,0.0,0.0001463
"Compressed air, production mix, at plant, 10 bar, high efficiency, low power consumption",Raw Materials,Energy carriers and technologies > Mechanical energy,EU-27,m3,compressed air,,other,"Process: Compressed air, production mix, at plant, 10 bar, high efficiency, low power consumption | Category: Energy carriers and technologies > Mechanical energy | Lifecycle Stage: Raw Materials | Location: EU-27 | Materials: other | Unit: 1 m3 | Reference Flow: compressed air | Description:  | Water depletion: 0.0002 | Freshwater ecotoxicity: 0.0 | Marine ecotoxicity: 0.0 | Ozone depletion: 0.0 | Marine eutrophication: 0.0 | Human toxicity: 0.0022 | Particulate matter formation: 0.0001 | Terrestrial acidification: 0.0004 | Climate change: 0.0683 | Terrestrial ecotoxicity: 0.0 | Photochemical oxidant formation: 0.0002 | Ionising radiation: 0.02 | Metal depletion: 0.0 | Freshwater eutrophication: 0.0",0.0,0.06832054,0.0,2.073e-05,7e-08,0.00216775,0.01996907,1.386e-05,5.32e-06,2.124e-05,0.0,2e-08,0.00011981,0.00015796,0.0004452,1.51e-06,0.0,0.0001771
"Compressed air, production mix, at plant, 14 bar, high efficiency, low power consumption",Raw Materials,Energy carriers and technologies > Mechanical energy,EU-27,m3,compressed air,,other,"Process: Compressed air, production mix, at plant, 14 bar, high efficiency, low power consumption | Category: Energy carriers and technologies > Mechanical energy | Lifecycle Stage: Raw Materials | Location: EU-27 | Materials: other | Unit: 1 m3 | Reference Flow: compressed air | Description:  | Water depletion: 0.0002 | Freshwater ecotoxicity: 0.0 | Marine ecotoxicity: 0.0 | Ozone depletion: 0.0 | Marine eutrophication: 0.0 | Human toxicity: 0.0025 | Particulate matter formation: 0.0001 | Terrestrial acidification: 0.0005 | Climate change: 0.0772 | Terrestrial ecotoxicity: 0.0 | Photochemical oxidant formation: 0.0002 | Ionising radiation: 0.0226 | Metal depletion: 0.0 | Freshwater eutrophication: 0.0",0.0,0.07723191,0.0,2.343e-05,7e-08,0.0024505,0.02257373,1.566e-05,6.02e-06,2.401e-05,0.0,2e-08,0.00013544,0.00017856,0.00050326,1.71e-06,0.0,0.00020019
"Compressed air, production mix, at plant, 7 bar, low efficiency, high power consumption",Raw Materials,Energy carriers and technologies > Mechanical energy,EU-27,m3,compressed air,,other,"Process: Compressed air, production mix, at plant, 7 bar, low efficiency, high power consumption | Category: Energy carriers and technologies > Mechanical energy | Lifecycle Stage: Raw Materials | Location: EU-27 | Materials: other | Unit: 1 m3 | Reference Flow: compressed air | Description:  | Water depletion: 0.0002 | Freshwater ecotoxicity: 0.0 | Marine ecotoxicity: 0.0 | Ozone depletion: 0.0 | Marine eutrophication: 0.0 | Human toxicity: 0.0027 | Particulate matter formation: 0.0002 | Terrestrial acidification: 0.0006 | Climate change: 0.0861 | Terrestrial ecotoxicity: 0.0 | Photochemical oxidant formation: 0.0002 | Ionising radiation: 0.0252 | Metal depletion: 0.0 | Freshwater eutrophication: 0.0",0.0,0.08614329,0.0,2.614e-05,8e-08,0.00273325,0.02517839,1.747e-05,6.71e-06,2.678e-05,0.0,2e-08,0.00015106,0.00019916,0.00056133,1.91e-06,0.0,0.00022329
"Compressed air, production mix, at plant, 10 bar, low efficiency, high power consumption",Raw Materials,Energy carriers and technologies > Mechanical energy,EU-27,m3,compressed air,,other,"Process: Compressed air, production mix, at plant, 10 bar, low efficiency, high power consumption | Category: Energy carriers and technologies > Mechanical energy | Lifecycle Stage: Raw Materials | Location: EU-27 | Materials: other | Unit: 1 m3 | Reference Flow: compressed air | Description:  | Water depletion: 0.0002 | Freshwater ecotoxicity: 0.0 | Marine ecotoxicity: 0.0 | Ozone depletion: 0.0 | Marine eutrophication: 0.0 | Human toxicity: 0.0029 | Particulate matter formation: 0.0002 | Terrestrial acidification: 0.0006 | Climate change: 0.0921 | Terrestrial ecotoxicity: 0.0 | Photochemical oxidant formation: 0.0002 | Ionising radiation: 0.0269 | Metal depletion: 0.0 | Freshwater eutrophication: 0.0",0.0,0.0920842,0.0,2.794e-05,9e-08,0.00292175,0.02691483,1.867e-05,7.18e-06,2.863e-05,0.0,2e-08,0.00016148,0.0002129,0.00060005,2.04e-06,0.0,0.00023869
"Compressed air, production mix, at plant, 14 bar, low efficiency, high power consumption",Raw Materials,Energy carriers and technologies > Mechanical energy,EU-27,m3,compressed air,,other,"Process: Compressed air, production mix, at plant, 14 bar, low efficiency, high power consumption | Category: Energy carriers and technologies > Mechanical energy | Lifecycle Stage: Raw Materials | Location: EU-27 | Materials: other | Unit: 1 m3 | Reference Flow: compressed air | Description:  | Water depletion: 0.0003 | Freshwater ecotoxicity: 0.0 | Marine ecotoxicity: 0.0 | Ozone depletion: 0.0 | Marine eutrophication: 0.0 | Human toxicity: 0.0032 | Particulate matter formation: 0.0002 | Terrestrial acidification: 0.0007 | Climate change: 0.101 | Terrestrial ecotoxicity: 0.0 | Photochemical oxidant formation: 0.0002 | Ionising radiation: 0.0295 | Metal depletion: 0.0 | Freshwater eutrophication: 0.0",0.0,0.10099558,0.0,3.064e-05,1e-07,0.0032045,0.02951949,2.048e-05,7.87e-06,3.14e-05,0.0,2e-08,0.00017711,0.0002335,0.00065812,2.23e-06,0.0,0.00026179
"Waste incineration of wood products (OSB, particle board), at plant, average European waste-to-energy plant, without collection, transport and pre-treatment",Transport & Packaging,End-of-life treatment > Energy recycling,EU-27,kg,"waste incineration of wood products (OSB, particle board)",,wood,"Process: Waste incineration of wood products (OSB, particle board), at plant, average European waste-to-energy plant, without collection, transport and pre-treatment | Category: End-of-life treatment > Energy recycling | Lifecycle Stage: Transport & Packaging | Location: EU-27 | Materials: wood | Unit: 1 kg | Reference Flow: waste incineration of wood products (OSB, particle board) | Description:  | Water depletion: 4.2693 | Freshwater ecotoxicity: 0.0043 | Marine ecotoxicity: 0.0116 | Ozone depletion: 0.0 | Marine eutrophication: 0.0469 | Human toxicity: 7.0967 | Particulate matter formation: 0.2448 | Terrestrial acidification: 0.6944 | Climate change: 40.2463 | Terrestrial ecotoxicity: 0.0015 | Photochemical oxidant formation: 1.0152 | Ionising radiation: 3.5293 | Metal depletion: -0.4074 | Freshwater eutrophication: 0.0001",-0.0,40.24627894,-0.0,0.00431772,0.00014439,7.09672269,3.52931758,0.01159414,0.04685369,-0.40735844,-0.0,2.92e-06,0.24479221,1.01515309,0.69444142,0.00154014,-0.0,4.26930603
"Electricity grid mix, consumption mix, at consumer, AC, 230V",Product-as-a-Service,Energy carriers and technologies > Electricity,LV,MJ,Electricity,,other,"Process: Electricity grid mix, consumption mix, at consumer, AC, 230V | Category: Energy carriers and technologies > Electricity | Lifecycle Stage: Product-as-a-Service | Location: LV | Materials: other | Unit: 1 MJ | Reference Flow: Electricity | Description:  | Water depletion: 0.0022 | Freshwater ecotoxicity: 0.0002 | Marine ecotoxicity: 0.0002 | Marine eutrophication: 0.0 | Human toxicity: 0.0345 | Particulate matter formation: 0.0006 | Urban land occupation: 0.0001 | Agricultural land occupation: 0.0001 | Terrestrial acidification: 0.002 | Climate change: 0.5093 | Terrestrial ecotoxicity: 0.0 | Photochemical oxidant formation: 0.001 | Ionising radiation: 0.0724 | Metal depletion: 0.0053 | Freshwater eutrophication: 0.0 | Natural land transformation: -0.0",9.435e-05,0.50934417,0.0,0.00024589,2e-08,0.03447035,0.07236665,0.00021668,4.038e-05,0.00527384,-1.017e-05,0.0,0.0006244,0.0010241,0.00204378,7.78e-06,0.00014153,0.00217418
"Waste incineration of biodegradable waste fraction in municipal solid waste (MSW), at plant, average European waste-to-energy plant, without collection, transport and pre-treatment",Transport & Packaging,End-of-life treatment > Energy recycling,EU-27,kg,waste incineration of biodegradable waste fraction in municipal solid waste (MSW),,other,"Process: Waste incineration of biodegradable waste fraction in municipal solid waste (MSW), at plant, average European waste-to-energy plant, without collection, transport and pre-treatment | Category: End-of-life treatment > Energy recycling | Lifecycle Stage: Transport & Packaging | Location: EU-27 | Materials: other | Unit: 1 kg | Reference Flow: waste incineration of biodegradable waste fraction in municipal solid waste (MSW) | Description:  | Water depletion: 3.2744 | Freshwater ecotoxicity: 0.0045 | Marine ecotoxicity: 0.0048 | Ozone depletion: 0.0 | Marine eutrophication: 0.0291 | Human toxicity: 1.9346 | Particulate matter formation: 0.1676 | Terrestrial acidification: 0.4722 | Climate change: 49.7447 | Terrestrial ecotoxicity: 0.0004 | Photochemical oxidant formation: 0.6485 | Ionising radiation: 3.7675 | Metal depletion: -1.1198 | Freshwater eutrophication: 0.0001",-0.0,49.74472637,-0.0,0.00448466,0.00013249,1.93458365,3.76753449,0.00484935,0.02911581,-1.11982447,-0.0,3.19e-06,0.16762919,0.64847306,0.47215278,0.00042495,-0.0,3.27437557
"Electricity Mix, consumption mix, at consumer, AC, 1kV - 60kV",Product-as-a-Service,Energy carriers and technologies > Electricity,DK,MJ,electricity mix,,other,"Process: Electricity Mix, consumption mix, at consumer, AC, 1kV - 60kV | Category: Energy carriers and technologies > Electricity | Lifecycle Stage: Product-as-a-Service | Location: DK | Materials: other | Unit: 1 MJ | Reference Flow: electricity mix | Description:  | Water depletion: 0.001 | Freshwater ecotoxicity: 0.0 | Marine ecotoxicity: 0.0001 | Marine eutrophication: 0.0 | Human toxicity: 0.0084 | Particulate matter formation: 0.0005 | Terrestrial acidification: 0.0013 | Climate change: 0.7622 | Terrestrial ecotoxicity: 0.0 | Photochemical oxidant formation: 0.0012 | Ionising radiation: 0.001 | Metal depletion: 0.0004 | Freshwater eutrophication: 0.0",0.0,0.76218558,0.0,9.45e-06,1.2e-07,0.00839756,0.00100022,6.488e-05,4.608e-05,0.00036383,0.0,0.0,0.00045161,0.00115986,0.00130424,5.54e-06,0.0,0.00096454
"Natural Gas, consumption mix, at consumer, from onshore and offshore production incl. pipeline and LNG transport, desulphurised",Transport & Packaging,Energy carriers and technologies > Natural gas based fuels,EU-27,kg,natural gas,,natural gas,"Process: Natural Gas, consumption mix, at consumer, from onshore and offshore production incl. pipeline and LNG transport, desulphurised | Category: Energy carriers and technologies > Natural gas based fuels | Lifecycle Stage: Transport & Packaging | Location: EU-27 | Materials: natural gas | Unit: 1 kg | Reference Flow: natural gas | Description:  | Water depletion: 0.0 | Freshwater ecotoxicity: 0.0 | Marine ecotoxicity: 0.0001 | Marine eutrophication: 0.0 | Human toxicity: 0.0029 | Particulate matter formation: 0.0004 | Terrestrial acidification: 0.0013 | Climate change: 0.4979 | Terrestrial ecotoxicity: 0.0 | Photochemical oxidant formation: 0.0012 | Ionising radiation: 0.0004 | Metal depletion: 0.0016 | Freshwater eutrophication: 0.0",0.0,0.49791856,0.0,4.814e-05,1.119e-05,0.00292853,0.00036534,9.984e-05,3.107e-05,0.00164044,0.0,0.0,0.00035953,0.0012165,0.00132533,1.9e-06,0.0,1.528e-05
"Process steam from natural gas, consumption mix, at plant, heat plant, MJ",Product-as-a-Service,Energy carriers and technologies > Heat and steam,PL,MJ,process steam from natural gas,,natural gas,"Process: Process steam from natural gas, consumption mix, at plant, heat plant, MJ | Category: Energy carriers and technologies > Heat and steam | Lifecycle Stage: Product-as-a-Service | Location: PL | Materials: natural gas | Unit: 1 MJ | Reference Flow: process steam from natural gas | Description:  | Water depletion: 0.0 | Freshwater ecotoxicity: 0.0 | Marine ecotoxicity: 0.0 | Marine eutrophication: 0.0 | Human toxicity: 0.0003 | Particulate matter formation: 0.0 | Terrestrial acidification: 0.0001 | Climate change: 0.0743 | Terrestrial ecotoxicity: 0.0 | Photochemical oxidant formation: 0.0002 | Ionising radiation: 0.0 | Metal depletion: 0.0001 | Freshwater eutrophication: 0.0",0.0,0.07427741,0.0,2e-06,5.8e-07,0.00032057,1.249e-05,2.29e-06,6.34e-06,6.398e-05,0.0,0.0,4.906e-05,0.00017764,0.00014973,1.8e-07,0.0,3.26e-06
"Corrugated board boxes, production mix, at plant, technology mix, 16,6 % primary fibre, 83,4 % recycled fibre",Raw Materials,Systems > Packaging,EU-25,kg,corrugated board boxes,,other,"Process: Corrugated board boxes, production mix, at plant, technology mix, 16,6 % primary fibre, 83,4 % recycled fibre | Category: Systems > Packaging | Lifecycle Stage: Raw Materials | Location: EU-25 | Materials: other | Unit: 1 kg | Reference Flow: corrugated board boxes | Description:  | Water depletion: 9.0252 | Freshwater ecotoxicity: 0.1626 | Marine ecotoxicity: 0.1175 | Ozone depletion: 0.0001 | Marine eutrophication: 0.4672 | Human toxicity: 8.9207 | Particulate matter formation: 1.0424 | Terrestrial acidification: 2.9677 | Climate change: 1159.196 | Terrestrial ecotoxicity: 0.0103 | Photochemical oxidant formation: 2.756 | Ionising radiation: 47.1615 | Metal depletion: 0.7671 | Freshwater eutrophication: 0.0185",0.0,1159.19598265,0.0,0.16259998,0.01853555,8.920692,47.16149712,0.11746099,0.46722466,0.76711125,0.0,8.1e-05,1.04240279,2.7559934,2.96767259,0.01028386,0.0,9.02518193
"Waste incineration of plastics (Nylon 6 GF 30, Nylon 66 GF 30), at plant, average European waste-to-energy plant, without collection, transport and pre-treatment",Transport & Packaging,End-of-life treatment > Energy recycling,EU-27,kg,"waste incineration of plastics (Nylon 6 GF 30, Nylon 66 GF 30)",,plastic,"Process: Waste incineration of plastics (Nylon 6 GF 30, Nylon 66 GF 30), at plant, average European waste-to-energy plant, without collection, transport and pre-treatment | Category: End-of-life treatment > Energy recycling | Lifecycle Stage: Transport & Packaging | Location: EU-27 | Materials: plastic | Unit: 1 kg | Reference Flow: waste incineration of plastics (Nylon 6 GF 30, Nylon 66 GF 30) | Description:  | Water depletion: 4.6887 | Freshwater ecotoxicity: 0.0068 | Marine ecotoxicity: 0.0066 | Ozone depletion: 0.0 | Marine eutrophication: 0.2086 | Human toxicity: 2.0786 | Particulate matter formation: 1.0663 | Terrestrial acidification: 2.7677 | Climate change: 1613.7933 | Terrestrial ecotoxicity: 0.0004 | Photochemical oxidant formation: 4.6653 | Ionising radiation: 5.037 | Metal depletion: -0.5767 | Freshwater eutrophication: 0.0003",-0.0,1613.79327047,-0.0,0.00676159,0.00032244,2.07859416,5.03695904,0.00664742,0.20855287,-0.57671786,-0.0,4.17e-06,1.06630434,4.66530331,2.76774541,0.00044602,-0.0,4.6886957
"Process steam from light fuel oil, consumption mix, at plant, heat plant, MJ",Product-as-a-Service,Energy carriers and technologies > Heat and steam,NL,MJ,process steam from light fuel oil,,other,"Process: Process steam from light fuel oil, consumption mix, at plant, heat plant, MJ | Category: Energy carriers and technologies > Heat and steam | Lifecycle Stage: Product-as-a-Service | Location: NL | Materials: other | Unit: 1 MJ | Reference Flow: process steam from light fuel oil | Description:  | Water depletion: 0.0 | Freshwater ecotoxicity: 0.0 | Marine ecotoxicity: 0.0 | Marine eutrophication: 0.0 | Human toxicity: 0.0004 | Particulate matter formation: 0.0 | Terrestrial acidification: 0.0001 | Climate change: 0.0926 | Terrestrial ecotoxicity: 0.0 | Photochemical oxidant formation: 0.0001 | Ionising radiation: 0.0001 | Metal depletion: 0.0 | Freshwater eutrophication: 0.0",0.0,0.09260037,0.0,1.24e-06,2.9e-07,0.00036988,7.583e-05,2.407e-05,4.15e-06,2.291e-05,0.0,0.0,3.659e-05,0.00010249,0.00011689,3.9e-07,0.0,3.7e-06
"Particle board, production mix, at plant, P5 (V100), 7,8% water content",Raw Materials,Systems > Construction,EU-27,kg,particle board,,water,"Process: Particle board, production mix, at plant, P5 (V100), 7,8% water content | Category: Systems > Construction | Lifecycle Stage: Raw Materials | Location: EU-27 | Materials: water | Unit: 1 kg | Reference Flow: particle board | Description:  | Water depletion: 1.5222 | Freshwater ecotoxicity: 0.0429 | Marine ecotoxicity: 0.0838 | Ozone depletion: 0.0 | Marine eutrophication: 0.0509 | Human toxicity: 7.8163 | Particulate matter formation: 0.5577 | Terrestrial acidification: 1.2899 | Climate change: 633.3952 | Terrestrial ecotoxicity: 0.0062 | Photochemical oxidant formation: 1.462 | Ionising radiation: 25.711 | Metal depletion: 2.1277 | Freshwater eutrophication: 0.0014",0.0,633.39515966,0.0,0.04288338,0.00142166,7.81628399,25.71103189,0.08379007,0.05091824,2.12770519,0.0,2.185e-05,0.55767183,1.4620489,1.28986073,0.00617209,0.0,1.5222268
"Mining Truck, technology mix, 220 t payload, 1.700 kW",Transport & Packaging,Transport services > Other transport,RER,kg,excavated material,,other,"Process: Mining Truck, technology mix, 220 t payload, 1.700 kW | Category: Transport services > Other transport | Lifecycle Stage: Transport & Packaging | Location: RER | Materials: other | Unit: 1 kg | Reference Flow: excavated material | Description: ",0.0,0.0,0.0,0.0,0.0,0.0,0.0,0.0,0.0,0.0,0.0,0.0,0.0,0.0,0.0,0.0,0.0,0.0
"Process steam from natural gas, consumption mix, at plant, heat plant, MJ",Product-as-a-Service,Energy carriers and technologies > Heat and steam,NO,MJ,process steam from natural gas,,natural gas,"Process: Process steam from natural gas, consumption mix, at plant, heat plant, MJ | Category: Energy carriers and technologies > Heat and steam | Lifecycle Stage: Product-as-a-Service | Location: NO | Materials: natural gas | Unit: 1 MJ | Reference Flow: process steam from natural gas | Description:  | Water depletion: 0.0 | Freshwater ecotoxicity: 0.0 | Marine ecotoxicity: 0.0 | Marine eutrophication: 0.0 | Human toxicity: 0.0 | Particulate matter formation: 0.0 | Terrestrial acidification: 0.0 | Climate change: 0.0661 | Terrestrial ecotoxicity: 0.0 | Photochemical oxidant formation: 0.0 | Ionising radiation: 0.0 | Metal depletion: 0.0",0.0,0.06607873,0.0,2e-08,0.0,3.638e-05,5.92e-06,7.3e-07,1.91e-06,6.9e-06,0.0,0.0,1.169e-05,4.99e-05,3.083e-05,2e-08,0.0,1.9e-07
"Process steam from heavy fuel oil, consumption mix, at plant, heat plant, MJ",Product-as-a-Service,Energy carriers and technologies > Heat and steam,EU-27,MJ,process steam from heavy fuel oil,,other,"Process: Process steam from heavy fuel oil, consumption mix, at plant, heat plant, MJ | Category: Energy carriers and technologies > Heat and steam | Lifecycle Stage: Product-as-a-Service | Location: EU-27 | Materials: other | Unit: 1 MJ | Reference Flow: process steam from heavy fuel oil | Description:  | Water depletion: 0.0 | Freshwater ecotoxicity: 0.0 | Marine ecotoxicity: 0.0002 | Marine eutrophication: 0.0 | Human toxicity: 0.0088 | Particulate matter formation: 0.0002 | Terrestrial acidification: 0.0008 | Climate change: 0.0991 | Terrestrial ecotoxicity: 0.0 | Photochemical oxidant formation: 0.0003 | Ionising radiation: 0.0002 | Metal depletion: 0.0001 | Freshwater eutrophication: 0.0",0.0,0.09909737,0.0,9.73e-06,5.7e-07,0.00876191,0.00019374,0.00015361,9.75e-06,5e-05,0.0,0.0,0.00022144,0.00030336,0.00084457,1.206e-05,0.0,4.77e-06
"Electricity Mix, consumption mix, at consumer, AC, 220V",Product-as-a-Service,Energy carriers and technologies > Electricity,LV,MJ,electricity mix,,other,"Process: Electricity Mix, consumption mix, at consumer, AC, 220V | Category: Energy carriers and technologies > Electricity | Lifecycle Stage: Product-as-a-Service | Location: LV | Materials: other | Unit: 1 MJ | Reference Flow: electricity mix | Description:  | Water depletion: 0.001 | Freshwater ecotoxicity: 0.0001 | Marine ecotoxicity: 0.0002 | Ozone depletion: 0.0 | Marine eutrophication: 0.0001 | Human toxicity: 0.0202 | Particulate matter formation: 0.0016 | Terrestrial acidification: 0.006 | Climate change: 0.5915 | Terrestrial ecotoxicity: 0.0 | Photochemical oxidant formation: 0.0019 | Ionising radiation: 0.0803 | Metal depletion: 0.0004 | Freshwater eutrophication: 0.0",0.0,0.59149514,0.0,9.875e-05,4.19e-06,0.0202267,0.08025615,0.00016346,5.785e-05,0.00042869,0.0,7e-08,0.00155041,0.00191073,0.00600729,1.675e-05,0.0,0.00096607
"Electricity grid mix, consumption mix, at consumer, AC, 230V",Product-as-a-Service,Energy carriers and technologies > Electricity,IT,MJ,Electricity,,other,"Process: Electricity grid mix, consumption mix, at consumer, AC, 230V | Category: Energy carriers and technologies > Electricity | Lifecycle Stage: Product-as-a-Service | Location: IT | Materials: other | Unit: 1 MJ | Reference Flow: Electricity | Description:  | Water depletion: 0.0041 | Freshwater ecotoxicity: 0.0001 | Marine ecotoxicity: 0.0001 | Ozone depletion: 0.0 | Marine eutrophication: 0.0 | Human toxicity: 0.0123 | Particulate matter formation: 0.0003 | Urban land occupation: 0.0001 | Agricultural land occupation: 0.0001 | Terrestrial acidification: 0.0011 | Climate change: 0.5612 | Terrestrial ecotoxicity: 0.0 | Photochemical oxidant formation: 0.0008 | Ionising radiation: 0.0227 | Metal depletion: 0.0019 | Freshwater eutrophication: 0.0 | Natural land transformation: -0.0",6.84e-05,0.56119516,0.0,8.359e-05,3e-08,0.01232967,0.02265055,8.913e-05,2.828e-05,0.0019062,-3.18e-06,1e-08,0.00031126,0.00081604,0.00108863,3.62e-06,0.0001026,0.00413634
"Polybutadiene granulate (PB), production mix, at plant",Raw Materials,Materials production > Plastics,RER,kg,polybutadiene granulate (PB),,other,"Process: Polybutadiene granulate (PB), production mix, at plant | Category: Materials production > Plastics | Lifecycle Stage: Raw Materials | Location: RER | Materials: other | Unit: 1 kg | Reference Flow: polybutadiene granulate (PB) | Description:  | Water depletion: 0.0182 | Freshwater ecotoxicity: 0.0001 | Marine ecotoxicity: 0.0 | Marine eutrophication: 0.0003 | Human toxicity: 0.002 | Particulate matter formation: 0.0057 | Terrestrial acidification: 0.0177 | Climate change: 3.9748 | Terrestrial ecotoxicity: 0.0 | Photochemical oxidant formation: 0.0183 | Metal depletion: 0.0005 | Freshwater eutrophication: 0.0",0.0,3.97477567,0.0,6.088e-05,3.1e-07,0.00199899,0.0,1.83e-06,0.00030327,0.00054085,0.0,0.0,0.00571367,0.01826089,0.01771347,1.8e-07,0.0,0.01821261
"Ethene (Ethylene), production mix, at plant, from steam cracking, gaseous",Product-as-a-Service,Materials production > Organic chemicals,EU-27,kg,ethene (ethylene),,other,"Process: Ethene (Ethylene), production mix, at plant, from steam cracking, gaseous | Category: Materials production > Organic chemicals | Lifecycle Stage: Product-as-a-Service | Location: EU-27 | Materials: other | Unit: 1 kg | Reference Flow: ethene (ethylene) | Description:  | Water depletion: 0.0005 | Freshwater ecotoxicity: 0.0002 | Marine ecotoxicity: 0.0009 | Ozone depletion: 0.0 | Marine eutrophication: 0.0001 | Human toxicity: 0.0168 | Particulate matter formation: 0.0011 | Terrestrial acidification: 0.0037 | Climate change: 1.3911 | Terrestrial ecotoxicity: 0.0 | Photochemical oxidant formation: 0.0035 | Ionising radiation: 0.0315 | Metal depletion: 0.0018 | Freshwater eutrophication: 0.0",0.0,1.39111064,0.0,0.00023876,1.753e-05,0.01679492,0.0314956,0.00093993,0.00012524,0.00178325,0.0,3e-08,0.00105256,0.00350138,0.00371384,1.444e-05,0.0,0.00051097
"Electricity grid mix 1kV-60kV, consumption mix, at consumer, AC, 1kV - 60kV",Product-as-a-Service,Energy carriers and technologies > Electricity,LU,MJ,Electricity,,other,"Process: Electricity grid mix 1kV-60kV, consumption mix, at consumer, AC, 1kV - 60kV | Category: Energy carriers and technologies > Electricity | Lifecycle Stage: Product-as-a-Service | Location: LU | Materials: other | Unit: 1 MJ | Reference Flow: Electricity | Description:  | Water depletion: 0.0038 | Freshwater ecotoxicity: 0.0001 | Marine ecotoxicity: 0.0001 | Ozone depletion: 0.0 | Marine eutrophication: 0.0 | Human toxicity: 0.0112 | Particulate matter formation: 0.0002 | Urban land occupation: 0.0001 | Agricultural land occupation: 0.0001 | Terrestrial acidification: 0.0007 | Climate change: 0.513 | Terrestrial ecotoxicity: 0.0 | Photochemical oxidant formation: 0.0006 | Ionising radiation: 0.0705 | Metal depletion: 0.001 | Freshwater eutrophication: 0.0 | Natural land transformation: -0.0",8.097e-05,0.51299209,0.0,0.00011648,2e-08,0.01118694,0.070501,6.687e-05,2.721e-05,0.00099781,-9.27e-06,2e-08,0.00021232,0.00062127,0.00067943,4.84e-06,0.00012146,0.00379061
"Polyethylene low density granulate (PE-LD), production mix, at plant",Raw Materials,Materials production > Plastics,RER,kg,polyethylene low density granulate (PE-LD),,polyethylene,"Process: Polyethylene low density granulate (PE-LD), production mix, at plant | Category: Materials production > Plastics | Lifecycle Stage: Raw Materials | Location: RER | Materials: polyethylene | Unit: 1 kg | Reference Flow: polyethylene low density granulate (PE-LD) | Description:  | Water depletion: 0.0336 | Freshwater ecotoxicity: 0.0001 | Marine ecotoxicity: 0.0001 | Marine eutrophication: 0.0002 | Human toxicity: 0.0027 | Particulate matter formation: 0.0025 | Terrestrial acidification: 0.0072 | Climate change: 2.1848 | Terrestrial ecotoxicity: 0.0 | Photochemical oxidant formation: 0.0091 | Metal depletion: 0.001 | Freshwater eutrophication: 0.0",0.0,2.18483066,0.0,0.00012015,9.5e-07,0.00267893,0.0,5.924e-05,0.00015209,0.00099271,0.0,0.0,0.00253505,0.00911604,0.0071504,4.6e-07,0.0,0.03359739
"Process steam from natural gas 90 %, consumption mix, at power plant, heat plant, MJ, 90 % efficiency",Product-as-a-Service,Energy carriers and technologies > Heat and steam,NO,MJ,process steam,,natural gas,"Process: Process steam from natural gas 90 %, consumption mix, at power plant, heat plant, MJ, 90 % efficiency | Category: Energy carriers and technologies > Heat and steam | Lifecycle Stage: Product-as-a-Service | Location: NO | Materials: natural gas | Unit: 1 MJ | Reference Flow: process steam | Description:  | Water depletion: 0.0 | Freshwater ecotoxicity: 0.0 | Marine ecotoxicity: 0.0 | Marine eutrophication: 0.0 | Human toxicity: 0.0001 | Particulate matter formation: 0.0 | Urban land occupation: 0.0 | Agricultural land occupation: 0.0 | Terrestrial acidification: 0.0 | Climate change: 0.0702 | Terrestrial ecotoxicity: 0.0 | Photochemical oxidant formation: 0.0001 | Ionising radiation: 0.0 | Metal depletion: 0.0 | Natural land transformation: -0.0",1.78e-06,0.07020248,0.0,1e-07,0.0,7.98e-05,4.37e-06,1.03e-06,2.45e-06,3.379e-05,-1e-08,0.0,1.619e-05,6.539e-05,3.782e-05,3e-08,2.68e-06,2.6e-06
"Waste incineration of plastics (unspecified) fraction in municipal solid waste (MSW), at plant, average European waste-to-energy plant, without collection, transport and pre-treatment",Transport & Packaging,End-of-life treatment > Energy recycling,EU-27,kg,waste incineration of plastics (unspecified) fraction in municipal solid waste (MSW),,plastic,"Process: Waste incineration of plastics (unspecified) fraction in municipal solid waste (MSW), at plant, average European waste-to-energy plant, without collection, transport and pre-treatment | Category: End-of-life treatment > Energy recycling | Lifecycle Stage: Transport & Packaging | Location: EU-27 | Materials: plastic | Unit: 1 kg | Reference Flow: waste incineration of plastics (unspecified) fraction in municipal solid waste (MSW) | Description:  | Water depletion: 5.4822 | Freshwater ecotoxicity: 0.0006 | Marine ecotoxicity: -0.001 | Ozone depletion: 0.0 | Marine eutrophication: 0.0265 | Human toxicity: 4.4742 | Particulate matter formation: 0.1134 | Terrestrial acidification: 0.4233 | Climate change: 2278.5149 | Terrestrial ecotoxicity: 0.0001 | Photochemical oxidant formation: 0.5049 | Ionising radiation: 3.0658 | Metal depletion: -6.3639 | Freshwater eutrophication: 0.0001",-0.0,2278.5149011,-0.0,0.00061124,0.00011842,4.47417175,3.06584462,-0.00104379,0.02649845,-6.36387968,-0.0,2.7e-06,0.11337093,0.5049205,0.4232813,0.00013599,-0.0,5.48216259
"Electricity grid mix, consumption mix, at consumer, AC, 230V",Product-as-a-Service,Energy carriers and technologies > Electricity,BE,MJ,Electricity,,other,"Process: Electricity grid mix, consumption mix, at consumer, AC, 230V | Category: Energy carriers and technologies > Electricity | Lifecycle Stage: Product-as-a-Service | Location: BE | Materials: other | Unit: 1 MJ | Reference Flow: Electricity | Description:  | Water depletion: 0.0031 | Freshwater ecotoxicity: 0.0002 | Marine ecotoxicity: 0.0001 | Ozone depletion: 0.0 | Marine eutrophication: 0.0 | Human toxicity: 0.0113 | Particulate matter formation: 0.0002 | Urban land occupation: 0.0001 | Agricultural land occupation: 0.0 | Terrestrial acidification: 0.0005 | Climate change: 0.2726 | Terrestrial ecotoxicity: 0.0 | Photochemical oxidant formation: 0.0005 | Ionising radiation: 0.1458 | Metal depletion: 0.0005 | Freshwater eutrophication: 0.0 | Natural land transformation: -0.0",4.731e-05,0.27262653,0.0,0.00024227,3e-08,0.01129391,0.14584011,9.31e-05,2.05e-05,0.00045368,-1.41e-06,1e-07,0.00016395,0.00047508,0.00051567,5.04e-06,7.097e-05,0.00305996
"Electricity grid mix 1kV-60kV, consumption mix, at consumer, AC, 1kV - 60kV",Product-as-a-Service,Energy carriers and technologies > Electricity,SK,MJ,Electricity,,other,"Process: Electricity grid mix 1kV-60kV, consumption mix, at consumer, AC, 1kV - 60kV | Category: Energy carriers and technologies > Electricity | Lifecycle Stage: Product-as-a-Service | Location: SK | Materials: other | Unit: 1 MJ | Reference Flow: Electricity | Description:  | Water depletion: 0.0043 | Freshwater ecotoxicity: 0.0002 | Marine ecotoxicity: 0.0001 | Marine eutrophication: 0.0 | Human toxicity: 0.0183 | Particulate matter formation: 0.0009 | Urban land occupation: 0.0001 | Agricultural land occupation: 0.0001 | Terrestrial acidification: 0.0029 | Climate change: 0.4403 | Terrestrial ecotoxicity: 0.0 | Photochemical oxidant formation: 0.0011 | Ionising radiation: 0.1316 | Metal depletion: 0.0012 | Freshwater eutrophication: 0.0 | Natural land transformation: -0.0",5.781e-05,0.44034915,0.0,0.0001946,2e-08,0.01831862,0.13157727,0.00012248,4.064e-05,0.00118461,-1.176e-05,0.0,0.00085322,0.00112419,0.00285279,1.418e-05,8.672e-05,0.00434002
"Electricity grid mix, consumption mix, at consumer, AC, 230V",Product-as-a-Service,Energy carriers and technologies > Electricity,MT,MJ,Electricity,,other,"Process: Electricity grid mix, consumption mix, at consumer, AC, 230V | Category: Energy carriers and technologies > Electricity | Lifecycle Stage: Product-as-a-Service | Location: MT | Materials: other | Unit: 1 MJ | Reference Flow: Electricity | Description:  | Water depletion: 0.0025 | Freshwater ecotoxicity: 0.0001 | Marine ecotoxicity: 0.0007 | Marine eutrophication: 0.0001 | Human toxicity: 0.0232 | Particulate matter formation: 0.0025 | Urban land occupation: 0.0001 | Agricultural land occupation: 0.0001 | Terrestrial acidification: 0.0094 | Climate change: 1.2788 | Terrestrial ecotoxicity: 0.0 | Photochemical oxidant formation: 0.0043 | Ionising radiation: 0.0009 | Metal depletion: 0.0006 | Freshwater eutrophication: 0.0 | Natural land transformation: -0.0",6.313e-05,1.27883324,0.0,5.614e-05,2.3e-07,0.02320273,0.000867,0.00071527,0.00013815,0.00059499,-2.9e-07,0.0,0.00252169,0.00425286,0.00935904,2.521e-05,9.47e-05,0.0024991
"Electricity grid mix, consumption mix, at consumer, AC, 230V",Product-as-a-Service,Energy carriers and technologies > Electricity,DE,MJ,Electricity,,other,"Process: Electricity grid mix, consumption mix, at consumer, AC, 230V | Category: Energy carriers and technologies > Electricity | Lifecycle Stage: Product-as-a-Service | Location: DE | Materials: other | Unit: 1 MJ | Reference Flow: Electricity | Description:  | Water depletion: 0.0023 | Freshwater ecotoxicity: 0.0001 | Marine ecotoxicity: 0.0001 | Marine eutrophication: 0.0 | Human toxicity: 0.0164 | Particulate matter formation: 0.0003 | Urban land occupation: 0.0002 | Agricultural land occupation: 0.0001 | Terrestrial acidification: 0.0009 | Climate change: 0.6304 | Terrestrial ecotoxicity: 0.0 | Photochemical oxidant formation: 0.0008 | Ionising radiation: 0.0836 | Metal depletion: 0.0004 | Freshwater eutrophication: 0.0 | Natural land transformation: -0.0",0.00011759,0.63039743,0.0,0.00014026,3e-08,0.0163783,0.08359329,9.083e-05,3.463e-05,0.00044497,-1.606e-05,0.0,0.00028177,0.0007535,0.00092826,6.87e-06,0.00017639,0.00233449
"Electricity Mix, consumption mix, at consumer, AC, 230V",Product-as-a-Service,Energy carriers and technologies > Electricity,DE,MJ,electricity mix,,other,"Process: Electricity Mix, consumption mix, at consumer, AC, 230V | Category: Energy carriers and technologies > Electricity | Lifecycle Stage: Product-as-a-Service | Location: DE | Materials: other | Unit: 1 MJ | Reference Flow: electricity mix | Description:  | Water depletion: 0.0017 | Freshwater ecotoxicity: 0.0002 | Marine ecotoxicity: 0.0001 | Ozone depletion: 0.0 | Marine eutrophication: 0.0 | Human toxicity: 0.0137 | Particulate matter formation: 0.0004 | Terrestrial acidification: 0.0011 | Climate change: 0.7145 | Terrestrial ecotoxicity: 0.0 | Photochemical oxidant formation: 0.0007 | Ionising radiation: 0.1514 | Metal depletion: 0.0002 | Freshwater eutrophication: 0.0",0.0,0.7145032,0.0,0.00015762,3.8e-07,0.01373996,0.15136262,7.1e-05,3.471e-05,0.00018991,0.0,1.2e-07,0.00036351,0.00073129,0.00110622,7.92e-06,0.0,0.00165829
"Process steam from natural gas 90 %, consumption mix, at power plant, heat plant, MJ, 90 % efficiency",Product-as-a-Service,Energy carriers and technologies > Heat and steam,BE,MJ,process steam,,natural gas,"Process: Process steam from natural gas 90 %, consumption mix, at power plant, heat plant, MJ, 90 % efficiency | Category: Energy carriers and technologies > Heat and steam | Lifecycle Stage: Product-as-a-Service | Location: BE | Materials: natural gas | Unit: 1 MJ | Reference Flow: process steam | Description:  | Water depletion: 0.0 | Freshwater ecotoxicity: 0.0 | Marine ecotoxicity: 0.0 | Marine eutrophication: 0.0 | Human toxicity: 0.0001 | Particulate matter formation: 0.0 | Urban land occupation: 0.0 | Agricultural land occupation: 0.0 | Terrestrial acidification: 0.0 | Climate change: 0.0718 | Terrestrial ecotoxicity: 0.0 | Photochemical oxidant formation: 0.0001 | Ionising radiation: 0.0001 | Metal depletion: 0.0 | Natural land transformation: -0.0",3.31e-06,0.07179636,0.0,4.4e-07,0.0,0.00012933,7.631e-05,1.82e-06,2.56e-06,4.078e-05,-1e-08,0.0,1.69e-05,7.564e-05,4.7e-05,8e-08,4.97e-06,1.483e-05
"Electricity Mix, consumption mix, at consumer, AC, 230V",Product-as-a-Service,Energy carriers and technologies > Electricity,FI,MJ,electricity mix,,other,"Process: Electricity Mix, consumption mix, at consumer, AC, 230V | Category: Energy carriers and technologies > Electricity | Lifecycle Stage: Product-as-a-Service | Location: FI | Materials: other | Unit: 1 MJ | Reference Flow: electricity mix | Description:  | Water depletion: 0.0012 | Freshwater ecotoxicity: 0.0002 | Marine ecotoxicity: 0.0001 | Ozone depletion: 0.0 | Marine eutrophication: 0.0 | Human toxicity: 0.01 | Particulate matter formation: 0.0005 | Terrestrial acidification: 0.0013 | Climate change: 0.52 | Terrestrial ecotoxicity: 0.0 | Photochemical oxidant formation: 0.0009 | Ionising radiation: 0.1468 | Metal depletion: 0.0002 | Freshwater eutrophication: 0.0",0.0,0.51996988,0.0,0.00015201,1.58e-06,0.00998952,0.14677996,8.633e-05,3.491e-05,0.00019256,0.0,1.2e-07,0.00046157,0.00091916,0.00130763,8.44e-06,0.0,0.00119588
"Electricity Mix, consumption mix, at consumer, AC, 220V",Product-as-a-Service,Energy carriers and technologies > Electricity,IE,MJ,electricity mix,,other,"Process: Electricity Mix, consumption mix, at consumer, AC, 220V | Category: Energy carriers and technologies > Electricity | Lifecycle Stage: Product-as-a-Service | Location: IE | Materials: other | Unit: 1 MJ | Reference Flow: electricity mix | Description:  | Water depletion: 0.0015 | Freshwater ecotoxicity: 0.0 | Marine ecotoxicity: 0.0002 | Marine eutrophication: 0.0001 | Human toxicity: 0.0221 | Particulate matter formation: 0.0012 | Terrestrial acidification: 0.0042 | Climate change: 0.8749 | Terrestrial ecotoxicity: 0.0 | Photochemical oxidant formation: 0.0019 | Ionising radiation: 0.0031 | Metal depletion: 0.0002 | Freshwater eutrophication: 0.0",0.0,0.874932,0.0,2.031e-05,1e-07,0.02211556,0.00307043,0.00015796,6.506e-05,0.00018558,0.0,0.0,0.00116438,0.0019304,0.00424871,1.786e-05,0.0,0.00153586
"Electricity Mix, consumption mix, at consumer, AC, 1kV - 60kV",Product-as-a-Service,Energy carriers and technologies > Electricity,CY,MJ,electricity mix,,other,"Process: Electricity Mix, consumption mix, at consumer, AC, 1kV - 60kV | Category: Energy carriers and technologies > Electricity | Lifecycle Stage: Product-as-a-Service | Location: CY | Materials: other | Unit: 1 MJ | Reference Flow: electricity mix | Description:  | Water depletion: 0.0017 | Freshwater ecotoxicity: 0.0001 | Marine ecotoxicity: 0.0007 | Marine eutrophication: 0.0001 | Human toxicity: 0.0354 | Particulate matter formation: 0.003 | Terrestrial acidification: 0.0122 | Climate change: 0.9809 | Terrestrial ecotoxicity: 0.0 | Photochemical oxidant formation: 0.0027 | Ionising radiation: 0.0004 | Metal depletion: 0.0003 | Freshwater eutrophication: 0.0",0.0,0.98086072,0.0,5.419e-05,5.29e-06,0.0354229,0.00038191,0.00073,7.263e-05,0.00034056,0.0,0.0,0.00295854,0.00270507,0.01217236,4.661e-05,0.0,0.00170792
"Kaolin coarse filler , at plant, Production",Raw Materials,Materials production > Other mineral materials,EU-27,kg,Kaolin coarse filler,,other,"Process: Kaolin coarse filler , at plant, Production | Category: Materials production > Other mineral materials | Lifecycle Stage: Raw Materials | Location: EU-27 | Materials: other | Unit: 1 kg | Reference Flow: Kaolin coarse filler | Description:  | Water depletion: 0.0016 | Freshwater ecotoxicity: 0.0 | Marine ecotoxicity: 0.0 | Ozone depletion: 0.0 | Marine eutrophication: 0.0 | Human toxicity: 0.0085 | Particulate matter formation: 0.0001 | Terrestrial acidification: 0.0005 | Climate change: 0.0933 | Terrestrial ecotoxicity: 0.0 | Photochemical oxidant formation: 0.0003 | Ionising radiation: 0.0711 | Metal depletion: 0.0004 | Freshwater eutrophication: 0.0",0.0,0.09334943,0.0,2.179e-05,2.1e-07,0.00852869,0.07108354,4.724e-05,1.141e-05,0.00037225,0.0,1e-08,0.00012979,0.00027502,0.00053406,5.07e-06,0.0,0.00160973
"Nitrogen, production mix, at plant, via cryogenic air separation, gaseous",Raw Materials,Materials production > Inorganic chemicals,EU-27,kg,nitrogen,,other,"Process: Nitrogen, production mix, at plant, via cryogenic air separation, gaseous | Category: Materials production > Inorganic chemicals | Lifecycle Stage: Raw Materials | Location: EU-27 | Materials: other | Unit: 1 kg | Reference Flow: nitrogen | Description:  | Water depletion: 0.0002 | Freshwater ecotoxicity: 0.0 | Marine ecotoxicity: 0.0 | Ozone depletion: 0.0 | Marine eutrophication: 0.0 | Human toxicity: 0.0028 | Particulate matter formation: 0.0002 | Terrestrial acidification: 0.0006 | Climate change: 0.0891 | Terrestrial ecotoxicity: 0.0 | Photochemical oxidant formation: 0.0002 | Ionising radiation: 0.026 | Metal depletion: 0.0 | Freshwater eutrophication: 0.0",0.0,0.08911446,0.0,2.704e-05,9e-08,0.00282752,0.02604682,1.807e-05,6.94e-06,2.77e-05,0.0,2e-08,0.00015632,0.00020605,0.00058093,1.97e-06,0.0,0.000231
"Process steam from Heavy fuel oil 90 %, consumption mix, at power plant, heat plant, MJ, 90 % efficiency",Product-as-a-Service,Energy carriers and technologies > Heat and steam,NL,MJ,process steam,,other,"Process: Process steam from Heavy fuel oil 90 %, consumption mix, at power plant, heat plant, MJ, 90 % efficiency | Category: Energy carriers and technologies > Heat and steam | Lifecycle Stage: Product-as-a-Service | Location: NL | Materials: other | Unit: 1 MJ | Reference Flow: process steam | Description:  | Water depletion: 0.0 | Freshwater ecotoxicity: 0.0 | Marine ecotoxicity: 0.0001 | Marine eutrophication: 0.0 | Human toxicity: 0.0008 | Particulate matter formation: 0.0001 | Urban land occupation: 0.0 | Agricultural land occupation: 0.0 | Terrestrial acidification: 0.0003 | Climate change: 0.1036 | Terrestrial ecotoxicity: 0.0 | Photochemical oxidant formation: 0.0002 | Ionising radiation: 0.0 | Metal depletion: 0.0001 | Freshwater eutrophication: 0.0 | Natural land transformation: -0.0",5.34e-06,0.10356803,0.0,3.83e-06,1e-08,0.00078356,4.933e-05,5.249e-05,5.48e-06,6.749e-05,-3e-08,0.0,7.852e-05,0.00015355,0.00029801,2.9e-07,8.01e-06,2.987e-05
"Electricity Mix, consumption mix, at consumer, AC, 1kV - 60kV",Product-as-a-Service,Energy carriers and technologies > Electricity,LV,MJ,electricity mix,,other,"Process: Electricity Mix, consumption mix, at consumer, AC, 1kV - 60kV | Category: Energy carriers and technologies > Electricity | Lifecycle Stage: Product-as-a-Service | Location: LV | Materials: other | Unit: 1 MJ | Reference Flow: electricity mix | Description:  | Water depletion: 0.0009 | Freshwater ecotoxicity: 0.0001 | Marine ecotoxicity: 0.0001 | Ozone depletion: 0.0 | Marine eutrophication: 0.0001 | Human toxicity: 0.0179 | Particulate matter formation: 0.0014 | Terrestrial acidification: 0.0053 | Climate change: 0.5234 | Terrestrial ecotoxicity: 0.0 | Photochemical oxidant formation: 0.0017 | Ionising radiation: 0.071 | Metal depletion: 0.0004 | Freshwater eutrophication: 0.0",0.0,0.52340399,0.0,8.739e-05,3.71e-06,0.01789827,0.0710173,0.00014464,5.119e-05,0.00037934,0.0,6e-08,0.00137193,0.00169077,0.00531575,1.482e-05,0.0,0.00085486
"Process steam from Light fuel oil 90 %, consumption mix, at power plant, heat plant, MJ, 90 % efficiency",Product-as-a-Service,Energy carriers and technologies > Heat and steam,NO,MJ,process steam,,other,"Process: Process steam from Light fuel oil 90 %, consumption mix, at power plant, heat plant, MJ, 90 % efficiency | Category: Energy carriers and technologies > Heat and steam | Lifecycle Stage: Product-as-a-Service | Location: NO | Materials: other | Unit: 1 MJ | Reference Flow: process steam | Description:  | Water depletion: 0.0 | Freshwater ecotoxicity: 0.0 | Marine ecotoxicity: 0.0001 | Marine eutrophication: 0.0 | Human toxicity: 0.0003 | Particulate matter formation: 0.0 | Urban land occupation: 0.0 | Agricultural land occupation: 0.0 | Terrestrial acidification: 0.0001 | Climate change: 0.0963 | Terrestrial ecotoxicity: 0.0 | Photochemical oxidant formation: 0.0001 | Ionising radiation: 0.0 | Metal depletion: 0.0 | Freshwater eutrophication: 0.0 | Natural land transformation: -0.0",2.11e-06,0.09629331,0.0,3.6e-07,2e-08,0.000299,1.17e-05,0.0001015,3.92e-06,4.735e-05,-1e-08,0.0,2.692e-05,9.747e-05,7.679e-05,1.4e-07,3.16e-06,1.71e-05
"Process steam from natural gas, consumption mix, at plant, heat plant, MJ",Product-as-a-Service,Energy carriers and technologies > Heat and steam,NL,MJ,process steam from natural gas,,natural gas,"Process: Process steam from natural gas, consumption mix, at plant, heat plant, MJ | Category: Energy carriers and technologies > Heat and steam | Lifecycle Stage: Product-as-a-Service | Location: NL | Materials: natural gas | Unit: 1 MJ | Reference Flow: process steam from natural gas | Description:  | Water depletion: 0.0 | Freshwater ecotoxicity: 0.0 | Marine ecotoxicity: 0.0 | Marine eutrophication: 0.0 | Human toxicity: 0.0001 | Particulate matter formation: 0.0 | Terrestrial acidification: 0.0 | Climate change: 0.0656 | Terrestrial ecotoxicity: 0.0 | Photochemical oxidant formation: 0.0 | Ionising radiation: 0.0001 | Metal depletion: 0.0001 | Freshwater eutrophication: 0.0",0.0,0.06563924,0.0,1.28e-06,5e-08,0.00012683,5.051e-05,3.12e-06,1.83e-06,5.135e-05,0.0,0.0,1.169e-05,4.809e-05,3.123e-05,7e-08,0.0,1.63e-06
"Process steam from Heavy fuel oil 90%, consumption mix, at power plant, heat plant, MJ, 90 % efficiency",Product-as-a-Service,Energy carriers and technologies > Heat and steam,EU-27,MJ,process steam,,other,"Process: Process steam from Heavy fuel oil 90%, consumption mix, at power plant, heat plant, MJ, 90 % efficiency | Category: Energy carriers and technologies > Heat and steam | Lifecycle Stage: Product-as-a-Service | Location: EU-27 | Materials: other | Unit: 1 MJ | Reference Flow: process steam | Description:  | Water depletion: 0.0 | Freshwater ecotoxicity: 0.0 | Marine ecotoxicity: 0.0001 | Marine eutrophication: 0.0 | Human toxicity: 0.002 | Particulate matter formation: 0.0002 | Urban land occupation: 0.0 | Agricultural land occupation: 0.0 | Terrestrial acidification: 0.0006 | Climate change: 0.1035 | Terrestrial ecotoxicity: 0.0 | Photochemical oxidant formation: 0.0002 | Ionising radiation: 0.0001 | Metal depletion: 0.0001 | Freshwater eutrophication: 0.0 | Natural land transformation: -0.0",5.22e-06,0.10346278,0.0,5.68e-06,2e-08,0.00203924,0.00013465,5.852e-05,7.94e-06,6.624e-05,-3e-08,0.0,0.00015375,0.00024696,0.00059462,2.03e-06,7.82e-06,2.784e-05
"Waste incineration of municipal solid waste (MSW), at plant, average European waste-to-energy plant, without collection, transport and pre-treatment",Transport & Packaging,End-of-life treatment > Energy recycling,EU-27,kg,waste incineration of municipal solid waste (MSW),,other,"Process: Waste incineration of municipal solid waste (MSW), at plant, average European waste-to-energy plant, without collection, transport and pre-treatment | Category: End-of-life treatment > Energy recycling | Lifecycle Stage: Transport & Packaging | Location: EU-27 | Materials: other | Unit: 1 kg | Reference Flow: waste incineration of municipal solid waste (MSW) | Description:  | Water depletion: 3.6734 | Freshwater ecotoxicity: -0.0063 | Marine ecotoxicity: -0.0586 | Ozone depletion: 0.0 | Marine eutrophication: 0.0221 | Human toxicity: 12.4377 | Particulate matter formation: 0.0325 | Terrestrial acidification: 0.2127 | Climate change: 330.9523 | Terrestrial ecotoxicity: -0.0056 | Photochemical oxidant formation: 0.43 | Ionising radiation: 2.126 | Metal depletion: -81.223 | Freshwater eutrophication: 0.0001",-0.0,330.95225313,-0.0,-0.00631661,9.304e-05,12.43768622,2.12597003,-0.05859411,0.02209086,-81.22297984,-0.0,1.79e-06,0.03251705,0.42998126,0.21271368,-0.00562868,-0.0,3.67344407
"Heavy fuel oil, consumption mix, at refinery, from crude oil",Product-as-a-Service,Energy carriers and technologies > Crude oil based fuels,EU-15,kg,heavy fuel oil,,crude oil,"Process: Heavy fuel oil, consumption mix, at refinery, from crude oil | Category: Energy carriers and technologies > Crude oil based fuels | Lifecycle Stage: Product-as-a-Service | Location: EU-15 | Materials: crude oil | Unit: 1 kg | Reference Flow: heavy fuel oil | Description:  | Water depletion: 0.0003 | Freshwater ecotoxicity: 0.0001 | Marine ecotoxicity: 0.0009 | Ozone depletion: 0.0 | Marine eutrophication: 0.0 | Human toxicity: 0.0117 | Particulate matter formation: 0.0005 | Terrestrial acidification: 0.002 | Climate change: 0.3608 | Terrestrial ecotoxicity: 0.0 | Photochemical oxidant formation: 0.0014 | Ionising radiation: 0.0071 | Metal depletion: 0.0007 | Freshwater eutrophication: 0.0",0.0,0.36080656,0.0,7.378e-05,1e-05,0.01165018,0.00710565,0.00088744,4.461e-05,0.00073457,0.0,1e-08,0.00052462,0.00135825,0.00200063,1.074e-05,0.0,0.00026448
"Copper tube; technology mix; market mix, at plant; diameter 15 mm, 1 mm thickness, Technology and Market Mix for Tube fabrication representing main European production countries, Market Mix for Copper cathode in Europe (primary and secondary Cu cathod...",Manufacturing,Materials production > Metals and semimetals,EU-25,kg,copper tube,,"copper, tin","Process: Copper tube; technology mix; market mix, at plant; diameter 15 mm, 1 mm thickness, Technology and Market Mix for Tube fabrication representing main European production countries, Market Mix for Copper cathode in Europe (primary and secondary Cu cathod... | Category: Materials production > Metals and semimetals | Lifecycle Stage: Manufacturing | Location: EU-25 | Materials: copper, tin | Unit: 1 kg | Reference Flow: copper tube | Description:  | Water depletion: 19.2559 | Freshwater ecotoxicity: 0.5328 | Marine ecotoxicity: 0.4612 | Ozone depletion: 0.0001 | Marine eutrophication: 0.1069 | Human toxicity: 47.6464 | Particulate matter formation: 2.5296 | Terrestrial acidification: 4.655 | Climate change: 1322.664 | Terrestrial ecotoxicity: 0.0394 | Photochemical oxidant formation: 2.6832 | Ionising radiation: 116.3071 | Metal depletion: 4243.3221 | Freshwater eutrophication: 0.0032",0.0,1322.66399219,0.0,0.53278602,0.00317076,47.64635643,116.3071334,0.46118691,0.10692353,4243.32205441,0.0,0.00010037,2.52958492,2.68320814,4.65503257,0.03938765,0.0,19.25592017
"Graphic Paper,  production mix, at plant,  technology mix,  79% primary fibre, 21% recycled fibre",Raw Materials,Materials production > Paper and cardboards,EU-25,kg,Graphic paper (typical European),,paper,"Process: Graphic Paper,  production mix, at plant,  technology mix,  79% primary fibre, 21% recycled fibre | Category: Materials production > Paper and cardboards | Lifecycle Stage: Raw Materials | Location: EU-25 | Materials: paper | Unit: 1 kg | Reference Flow: Graphic paper (typical European) | Description:  | Water depletion: 57.779 | Freshwater ecotoxicity: 3.6387 | Marine ecotoxicity: 16.4907 | Ozone depletion: 0.0 | Marine eutrophication: 0.3863 | Human toxicity: 2098.2557 | Particulate matter formation: 0.25 | Terrestrial acidification: 1.144 | Climate change: 836.4632 | Terrestrial ecotoxicity: 1.5406 | Photochemical oxidant formation: 0.1327 | Ionising radiation: 508.7139 | Metal depletion: 0.4966 | Freshwater eutrophication: 0.2384",0.0,836.46315492,0.0,3.63871935,0.2383942,2098.25565699,508.71392476,16.49069812,0.38628835,0.49657688,0.0,1.971e-05,0.2499889,0.13274431,1.14399207,1.54063361,0.0,57.77895482
"Electricity grid mix, consumption mix, at consumer, AC, 230V",Product-as-a-Service,Energy carriers and technologies > Electricity,NO,MJ,Electricity,,other,"Process: Electricity grid mix, consumption mix, at consumer, AC, 230V | Category: Energy carriers and technologies > Electricity | Lifecycle Stage: Product-as-a-Service | Location: NO | Materials: other | Unit: 1 MJ | Reference Flow: Electricity | Description:  | Water depletion: 0.0074 | Freshwater ecotoxicity: 0.0 | Marine ecotoxicity: 0.0 | Marine eutrophication: 0.0 | Human toxicity: 0.001 | Particulate matter formation: 0.0 | Urban land occupation: 0.0 | Agricultural land occupation: 0.0 | Terrestrial acidification: 0.0 | Climate change: 0.0236 | Terrestrial ecotoxicity: 0.0 | Photochemical oxidant formation: 0.0 | Ionising radiation: 0.0036 | Metal depletion: 0.0083 | Natural land transformation: -0.0",1.089e-05,0.02359456,0.0,6.81e-06,0.0,0.00097282,0.00359773,5.86e-06,9.9e-07,0.0082728,-2.2e-07,0.0,8.94e-06,2.498e-05,2.555e-05,2.2e-07,1.633e-05,0.00736522
"Electricity grid mix, consumption mix, at consumer, AC, 230V",Product-as-a-Service,Energy carriers and technologies > Electricity,CH,MJ,Electricity,,other,"Process: Electricity grid mix, consumption mix, at consumer, AC, 230V | Category: Energy carriers and technologies > Electricity | Lifecycle Stage: Product-as-a-Service | Location: CH | Materials: other | Unit: 1 MJ | Reference Flow: Electricity | Description:  | Water depletion: 0.0043 | Freshwater ecotoxicity: 0.0006 | Marine ecotoxicity: 0.0004 | Ozone depletion: 0.0 | Marine eutrophication: 0.0 | Human toxicity: 0.0717 | Particulate matter formation: 0.0001 | Urban land occupation: 0.0 | Agricultural land occupation: 0.0 | Terrestrial acidification: 0.0003 | Climate change: 0.1767 | Terrestrial ecotoxicity: 0.0 | Photochemical oxidant formation: 0.0003 | Ionising radiation: 0.1391 | Metal depletion: 0.0046 | Freshwater eutrophication: 0.0 | Natural land transformation: -0.0",3.169e-05,0.17672109,0.0,0.00056763,3e-08,0.07171897,0.13909812,0.00042997,1.303e-05,0.00464554,-3.26e-06,4e-08,9.505e-05,0.00025128,0.00031175,4.76e-06,4.753e-05,0.00430478
"Electricity grid mix 1kV-60kV, consumption mix, at consumer, AC, 1kV - 60kV",Product-as-a-Service,Energy carriers and technologies > Electricity,GB,MJ,Electricity,,other,"Process: Electricity grid mix 1kV-60kV, consumption mix, at consumer, AC, 1kV - 60kV | Category: Energy carriers and technologies > Electricity | Lifecycle Stage: Product-as-a-Service | Location: GB | Materials: other | Unit: 1 MJ | Reference Flow: Electricity | Description:  | Water depletion: 0.0021 | Freshwater ecotoxicity: 0.0001 | Marine ecotoxicity: 0.0001 | Marine eutrophication: 0.0001 | Human toxicity: 0.008 | Particulate matter formation: 0.0005 | Urban land occupation: 0.0008 | Agricultural land occupation: 0.0006 | Terrestrial acidification: 0.0017 | Climate change: 0.5637 | Terrestrial ecotoxicity: 0.0 | Photochemical oxidant formation: 0.0014 | Ionising radiation: 0.0544 | Metal depletion: 0.0004 | Freshwater eutrophication: 0.0 | Natural land transformation: -0.0",0.00055571,0.56368417,0.0,7.265e-05,4e-08,0.00798047,0.05436303,5.516e-05,5.253e-05,0.0004047,-4.3e-06,0.0,0.00051014,0.00135626,0.00166989,4.34e-06,0.00083356,0.0021199
"Light fuel oil at refinery, production mix, at refinery, from crude oil, fuel supply, 0.1 wt.% sulphur",Product-as-a-Service,Energy carriers and technologies > Crude oil based fuels,EU-27,kg,Light fuel oil,,crude oil,"Process: Light fuel oil at refinery, production mix, at refinery, from crude oil, fuel supply, 0.1 wt.% sulphur | Category: Energy carriers and technologies > Crude oil based fuels | Lifecycle Stage: Product-as-a-Service | Location: EU-27 | Materials: crude oil | Unit: 1 kg | Reference Flow: Light fuel oil | Description:  | Water depletion: 0.0011 | Freshwater ecotoxicity: 0.0002 | Marine ecotoxicity: 0.0015 | Marine eutrophication: 0.0001 | Human toxicity: 0.0213 | Particulate matter formation: 0.0007 | Urban land occupation: 0.0003 | Agricultural land occupation: 0.0002 | Terrestrial acidification: 0.0026 | Climate change: 0.4499 | Terrestrial ecotoxicity: 0.0 | Photochemical oxidant formation: 0.0019 | Ionising radiation: 0.0049 | Metal depletion: 0.0015 | Freshwater eutrophication: 0.0 | Natural land transformation: -0.0",0.00019878,0.44991249,0.0,0.00017521,5.6e-07,0.02128544,0.00485642,0.00146512,5.443e-05,0.00153926,-1.02e-06,0.0,0.00070982,0.00191113,0.0026124,3.62e-06,0.00029817,0.00112864
"Process steam from heavy fuel oil, consumption mix, at plant, heat plant, MJ",Product-as-a-Service,Energy carriers and technologies > Heat and steam,DK,MJ,process steam from heavy fuel oil,,other,"Process: Process steam from heavy fuel oil, consumption mix, at plant, heat plant, MJ | Category: Energy carriers and technologies > Heat and steam | Lifecycle Stage: Product-as-a-Service | Location: DK | Materials: other | Unit: 1 MJ | Reference Flow: process steam from heavy fuel oil | Description:  | Water depletion: 0.0 | Freshwater ecotoxicity: 0.0 | Marine ecotoxicity: 0.0 | Marine eutrophication: 0.0 | Human toxicity: 0.002 | Particulate matter formation: 0.0001 | Terrestrial acidification: 0.0004 | Climate change: 0.0975 | Terrestrial ecotoxicity: 0.0 | Photochemical oxidant formation: 0.0001 | Ionising radiation: 0.0 | Metal depletion: 0.0 | Freshwater eutrophication: 0.0",0.0,0.09752285,0.0,1.46e-06,3e-08,0.00201718,1.065e-05,4.355e-05,3.9e-06,1.103e-05,0.0,0.0,0.00010112,0.00012182,0.00042241,2.04e-06,0.0,1.31e-06
"Process steam from Heavy fuel oil 90 %, consumption mix, at power plant, heat plant, MJ, 90 % efficiency",Product-as-a-Service,Energy carriers and technologies > Heat and steam,CY,MJ,process steam,,other,"Process: Process steam from Heavy fuel oil 90 %, consumption mix, at power plant, heat plant, MJ, 90 % efficiency | Category: Energy carriers and technologies > Heat and steam | Lifecycle Stage: Product-as-a-Service | Location: CY | Materials: other | Unit: 1 MJ | Reference Flow: process steam | Description:  | Water depletion: 0.0 | Freshwater ecotoxicity: 0.0 | Marine ecotoxicity: 0.0 | Marine eutrophication: 0.0 | Human toxicity: 0.0017 | Particulate matter formation: 0.0002 | Urban land occupation: 0.0 | Agricultural land occupation: 0.0 | Terrestrial acidification: 0.0007 | Climate change: 0.0998 | Terrestrial ecotoxicity: 0.0 | Photochemical oxidant formation: 0.0003 | Ionising radiation: 0.0 | Metal depletion: 0.0001 | Freshwater eutrophication: 0.0 | Natural land transformation: -0.0",5.44e-06,0.09975721,0.0,4.45e-06,2e-08,0.00171745,3.103e-05,3.663e-05,8.03e-06,6.918e-05,-3e-08,0.0,0.00018194,0.00026075,0.00071749,1.95e-06,8.15e-06,2.965e-05
"cartonboard sheets; mixed technology; production mix, at plant; 46% primary fibre, 54% recovered fibre (en)",Raw Materials,Systems > Packaging,EU-27,kg,"cartonboard boxes; mixed technology; production mix, a plant, 46% primary fibre, 54% recovered fibre",,other,"Process: cartonboard sheets; mixed technology; production mix, at plant; 46% primary fibre, 54% recovered fibre (en) | Category: Systems > Packaging | Lifecycle Stage: Raw Materials | Location: EU-27 | Materials: other | Unit: 1 kg | Reference Flow: cartonboard boxes; mixed technology; production mix, a plant, 46% primary fibre, 54% recovered fibre | Description:  | Water depletion: 1.3442 | Freshwater ecotoxicity: 0.0002 | Marine ecotoxicity: 0.0002 | Ozone depletion: 0.0 | Marine eutrophication: 0.0002 | Human toxicity: 0.0216 | Particulate matter formation: 0.0007 | Terrestrial acidification: 0.0024 | Climate change: 1.0442 | Terrestrial ecotoxicity: 0.0 | Photochemical oxidant formation: 0.0006 | Ionising radiation: 0.1201 | Metal depletion: 0.0009 | Freshwater eutrophication: 0.0",0.0,1.04419833,0.0,0.00015727,2.094e-05,0.02158686,0.12013639,0.00019773,0.00016033,0.00091915,0.0,1e-07,0.00070205,0.00056907,0.00241654,1.662e-05,0.0,1.34421538
"Process steam from natural gas 90 %, consumption mix, at power plant, heat plant, MJ, 90 % efficiency",Product-as-a-Service,Energy carriers and technologies > Heat and steam,DK,MJ,process steam,,natural gas,"Process: Process steam from natural gas 90 %, consumption mix, at power plant, heat plant, MJ, 90 % efficiency | Category: Energy carriers and technologies > Heat and steam | Lifecycle Stage: Product-as-a-Service | Location: DK | Materials: natural gas | Unit: 1 MJ | Reference Flow: process steam | Description:  | Water depletion: 0.0 | Freshwater ecotoxicity: 0.0 | Marine ecotoxicity: 0.0 | Marine eutrophication: 0.0 | Human toxicity: 0.0001 | Particulate matter formation: 0.0 | Urban land occupation: 0.0 | Agricultural land occupation: 0.0 | Terrestrial acidification: 0.0001 | Climate change: 0.0697 | Terrestrial ecotoxicity: 0.0 | Photochemical oxidant formation: 0.0001 | Ionising radiation: 0.0 | Metal depletion: 0.0 | Natural land transformation: -0.0",1.81e-06,0.06967286,0.0,1.8e-07,0.0,9.351e-05,2.605e-05,7.8e-07,3.26e-06,2.867e-05,-1e-08,0.0,1.982e-05,8.814e-05,5.343e-05,3e-08,2.71e-06,2.22e-06
"Compressed air, production mix, 14 bar, high efficiency, low power consumption",Raw Materials,Energy carriers and technologies > Mechanical energy,GLO,m3,compressed air,,other,"Process: Compressed air, production mix, 14 bar, high efficiency, low power consumption | Category: Energy carriers and technologies > Mechanical energy | Lifecycle Stage: Raw Materials | Location: GLO | Materials: other | Unit: 1 m3 | Reference Flow: compressed air | Description: ",0.0,0.0,0.0,0.0,0.0,0.0,0.0,0.0,0.0,0.0,0.0,0.0,0.0,0.0,0.0,0.0,0.0,0.0
"Electricity grid mix 1kV-60kV, consumption mix, at consumer, AC, 1kV - 60kV",Product-as-a-Service,Energy carriers and technologies > Electricity,GR,MJ,Electricity,,other,"Process: Electricity grid mix 1kV-60kV, consumption mix, at consumer, AC, 1kV - 60kV | Category: Energy carriers and technologies > Electricity | Lifecycle Stage: Product-as-a-Service | Location: GR | Materials: other | Unit: 1 MJ | Reference Flow: Electricity | Description:  | Water depletion: 0.0046 | Freshwater ecotoxicity: 0.0001 | Marine ecotoxicity: 0.0004 | Marine eutrophication: 0.0001 | Human toxicity: 0.0513 | Particulate matter formation: 0.0022 | Urban land occupation: 0.0001 | Agricultural land occupation: 0.0001 | Terrestrial acidification: 0.0076 | Climate change: 0.9625 | Terrestrial ecotoxicity: 0.0 | Photochemical oxidant formation: 0.0021 | Ionising radiation: 0.0084 | Metal depletion: 0.0009 | Freshwater eutrophication: 0.0 | Natural land transformation: 0.0",8.408e-05,0.96249395,0.0,6.873e-05,3e-08,0.05129892,0.00838652,0.00036963,6.202e-05,0.00085367,-4.703e-05,0.0,0.00215402,0.00205801,0.00758891,3.919e-05,0.00012612,0.00462597
"Process steam from light fuel oil, consumption mix, at plant, heat plant, MJ",Product-as-a-Service,Energy carriers and technologies > Heat and steam,RO,MJ,process steam from light fuel oil,,other,"Process: Process steam from light fuel oil, consumption mix, at plant, heat plant, MJ | Category: Energy carriers and technologies > Heat and steam | Lifecycle Stage: Product-as-a-Service | Location: RO | Materials: other | Unit: 1 MJ | Reference Flow: process steam from light fuel oil | Description:  | Water depletion: 0.0 | Freshwater ecotoxicity: 0.0 | Marine ecotoxicity: 0.0 | Marine eutrophication: 0.0 | Human toxicity: 0.0004 | Particulate matter formation: 0.0001 | Terrestrial acidification: 0.0004 | Climate change: 0.0935 | Terrestrial ecotoxicity: 0.0 | Photochemical oxidant formation: 0.0004 | Ionising radiation: 0.0002 | Metal depletion: 0.0 | Freshwater eutrophication: 0.0",0.0,0.09351101,0.0,2.21e-06,2.9e-07,0.00042634,0.00023253,2.609e-05,1.518e-05,2.701e-05,0.0,0.0,0.00012614,0.00040645,0.00036163,4e-07,0.0,8.4e-06
"Kerosene / Jet A1 at refinery, production mix, at refinery, from crude oil, fuel supply, 480 ppm sulphur",Product-as-a-Service,Energy carriers and technologies > Crude oil based fuels,EU-27,kg,Kerosene,,crude oil,"Process: Kerosene / Jet A1 at refinery, production mix, at refinery, from crude oil, fuel supply, 480 ppm sulphur | Category: Energy carriers and technologies > Crude oil based fuels | Lifecycle Stage: Product-as-a-Service | Location: EU-27 | Materials: crude oil | Unit: 1 kg | Reference Flow: Kerosene | Description:  | Water depletion: 0.0011 | Freshwater ecotoxicity: 0.0002 | Marine ecotoxicity: 0.0014 | Marine eutrophication: 0.0 | Human toxicity: 0.0173 | Particulate matter formation: 0.0007 | Urban land occupation: 0.0003 | Agricultural land occupation: 0.0002 | Terrestrial acidification: 0.0024 | Climate change: 0.4007 | Terrestrial ecotoxicity: 0.0 | Photochemical oxidant formation: 0.0018 | Ionising radiation: 0.0036 | Metal depletion: 0.0015 | Freshwater eutrophication: 0.0 | Natural land transformation: -0.0",0.00019416,0.40065822,0.0,0.00015245,4.2e-07,0.01725633,0.0035961,0.00142411,4.873e-05,0.00150344,-9e-07,0.0,0.00065165,0.00176975,0.00238633,2.84e-06,0.00029124,0.0011234
"Process steam from heavy fuel oil, consumption mix, at plant, heat plant, MJ",Product-as-a-Service,Energy carriers and technologies > Heat and steam,GR,MJ,process steam from heavy fuel oil,,other,"Process: Process steam from heavy fuel oil, consumption mix, at plant, heat plant, MJ | Category: Energy carriers and technologies > Heat and steam | Lifecycle Stage: Product-as-a-Service | Location: GR | Materials: other | Unit: 1 MJ | Reference Flow: process steam from heavy fuel oil | Description:  | Water depletion: 0.0 | Freshwater ecotoxicity: 0.0 | Marine ecotoxicity: 0.0001 | Marine eutrophication: 0.0 | Human toxicity: 0.0037 | Particulate matter formation: 0.0003 | Terrestrial acidification: 0.0013 | Climate change: 0.1002 | Terrestrial ecotoxicity: 0.0 | Photochemical oxidant formation: 0.0003 | Ionising radiation: 0.0 | Metal depletion: 0.0 | Freshwater eutrophication: 0.0",0.0,0.10020544,0.0,4.79e-06,6.4e-07,0.00368372,4.508e-05,7.322e-05,7.55e-06,3.852e-05,0.0,0.0,0.00030626,0.00028072,0.00126068,4.79e-06,0.0,7.92e-06
"Electricity grid mix, consumption mix, at consumer, AC, 230V",Product-as-a-Service,Energy carriers and technologies > Electricity,CY,MJ,Electricity,,other,"Process: Electricity grid mix, consumption mix, at consumer, AC, 230V | Category: Energy carriers and technologies > Electricity | Lifecycle Stage: Product-as-a-Service | Location: CY | Materials: other | Unit: 1 MJ | Reference Flow: Electricity | Description:  | Water depletion: 0.0018 | Freshwater ecotoxicity: 0.0 | Marine ecotoxicity: 0.0003 | Marine eutrophication: 0.0001 | Human toxicity: 0.0159 | Particulate matter formation: 0.0017 | Urban land occupation: 0.0001 | Agricultural land occupation: 0.0001 | Terrestrial acidification: 0.0067 | Climate change: 0.9305 | Terrestrial ecotoxicity: 0.0 | Photochemical oxidant formation: 0.0024 | Ionising radiation: 0.0003 | Metal depletion: 0.0005 | Freshwater eutrophication: 0.0 | Natural land transformation: -0.0",5.027e-05,0.93049561,0.0,4.11e-05,1.7e-07,0.01592679,0.00027644,0.00034078,7.504e-05,0.00049583,-2.1e-07,0.0,0.00169654,0.00243512,0.00669054,1.816e-05,7.54e-05,0.00183811
"Process steam from light fuel oil, consumption mix, at plant, heat plant, MJ",Product-as-a-Service,Energy carriers and technologies > Heat and steam,LV,MJ,process steam from light fuel oil,,other,"Process: Process steam from light fuel oil, consumption mix, at plant, heat plant, MJ | Category: Energy carriers and technologies > Heat and steam | Lifecycle Stage: Product-as-a-Service | Location: LV | Materials: other | Unit: 1 MJ | Reference Flow: process steam from light fuel oil | Description:  | Water depletion: 0.0 | Freshwater ecotoxicity: 0.0 | Marine ecotoxicity: 0.0 | Marine eutrophication: 0.0 | Human toxicity: 0.0004 | Particulate matter formation: 0.0001 | Terrestrial acidification: 0.0003 | Climate change: 0.0935 | Terrestrial ecotoxicity: 0.0 | Photochemical oxidant formation: 0.0003 | Ionising radiation: 0.0002 | Metal depletion: 0.0 | Freshwater eutrophication: 0.0",0.0,0.09348214,0.0,2.2e-06,3e-07,0.0004013,0.00023317,2.609e-05,9.82e-06,2.702e-05,0.0,0.0,9.086e-05,0.00026795,0.00028451,3.7e-07,0.0,8.41e-06
"Gypsum stone (CaSO4-dihydrate), production mix, at plant, underground and open pit mining, grinded and purified product",Raw Materials,Materials production > Other mineral materials,DE,kg,gypsum stone (CaSO4-dihydrate),,other,"Process: Gypsum stone (CaSO4-dihydrate), production mix, at plant, underground and open pit mining, grinded and purified product | Category: Materials production > Other mineral materials | Lifecycle Stage: Raw Materials | Location: DE | Materials: other | Unit: 1 kg | Reference Flow: gypsum stone (CaSO4-dihydrate) | Description:  | Water depletion: 0.0 | Freshwater ecotoxicity: 0.0 | Marine ecotoxicity: 0.0 | Marine eutrophication: 0.0 | Human toxicity: 0.0 | Particulate matter formation: 0.0 | Terrestrial acidification: 0.0 | Climate change: 0.0027 | Terrestrial ecotoxicity: 0.0 | Photochemical oxidant formation: 0.0 | Ionising radiation: 0.0003 | Metal depletion: 0.0 | Freshwater eutrophication: 0.0",0.0,0.00265823,0.0,3e-07,1e-08,2.808e-05,0.00025099,3.7e-07,9.7e-07,8.2e-07,0.0,0.0,5.97e-06,2.077e-05,1.444e-05,2e-08,0.0,2.92e-06
"Electricity Mix, consumption mix, at consumer, AC, 1kV - 60kV",Product-as-a-Service,Energy carriers and technologies > Electricity,PL,MJ,electricity mix,,other,"Process: Electricity Mix, consumption mix, at consumer, AC, 1kV - 60kV | Category: Energy carriers and technologies > Electricity | Lifecycle Stage: Product-as-a-Service | Location: PL | Materials: other | Unit: 1 MJ | Reference Flow: electricity mix | Description:  | Water depletion: 0.0012 | Freshwater ecotoxicity: 0.0 | Marine ecotoxicity: 0.0002 | Marine eutrophication: 0.0001 | Human toxicity: 0.063 | Particulate matter formation: 0.0032 | Terrestrial acidification: 0.0128 | Climate change: 1.0988 | Terrestrial ecotoxicity: 0.0 | Photochemical oxidant formation: 0.0038 | Ionising radiation: 0.0003 | Metal depletion: 0.0001 | Freshwater eutrophication: 0.0",0.0,1.09881295,0.0,2.547e-05,2.7e-07,0.06299788,0.00025237,0.00015533,0.00010929,0.00012336,0.0,0.0,0.0032329,0.00375904,0.01283097,3.558e-05,0.0,0.00124478
"Compressed air, production mix, 10 bar, low efficiency, high power consumption",Raw Materials,Energy carriers and technologies > Mechanical energy,GLO,m3,compressed air,,other,"Process: Compressed air, production mix, 10 bar, low efficiency, high power consumption | Category: Energy carriers and technologies > Mechanical energy | Lifecycle Stage: Raw Materials | Location: GLO | Materials: other | Unit: 1 m3 | Reference Flow: compressed air | Description: ",0.0,0.0,0.0,0.0,0.0,0.0,0.0,0.0,0.0,0.0,0.0,0.0,0.0,0.0,0.0,0.0,0.0,0.0
"Electricity grid mix 1kV-60kV, consumption mix, at consumer, AC, 1kV - 60kV",Product-as-a-Service,Energy carriers and technologies > Electricity,NL,MJ,Electricity,,other,"Process: Electricity grid mix 1kV-60kV, consumption mix, at consumer, AC, 1kV - 60kV | Category: Energy carriers and technologies > Electricity | Lifecycle Stage: Product-as-a-Service | Location: NL | Materials: other | Unit: 1 MJ | Reference Flow: Electricity | Description:  | Water depletion: 0.0016 | Freshwater ecotoxicity: 0.0 | Marine ecotoxicity: 0.0 | Marine eutrophication: 0.0 | Human toxicity: 0.007 | Particulate matter formation: 0.0002 | Urban land occupation: 0.0002 | Agricultural land occupation: 0.0001 | Terrestrial acidification: 0.0007 | Climate change: 0.5207 | Terrestrial ecotoxicity: 0.0 | Photochemical oxidant formation: 0.0007 | Ionising radiation: 0.0257 | Metal depletion: 0.0005 | Freshwater eutrophication: 0.0 | Natural land transformation: -0.0",0.00010551,0.52068101,0.0,4.942e-05,2e-08,0.00695521,0.0256822,4.691e-05,2.77e-05,0.00047149,-4.63e-06,0.0,0.00021637,0.00067568,0.0006639,3.15e-06,0.00015826,0.00156137
"Process steam from natural gas, consumption mix, at plant, heat plant, MJ",Product-as-a-Service,Energy carriers and technologies > Heat and steam,LV,MJ,process steam from natural gas,,natural gas,"Process: Process steam from natural gas, consumption mix, at plant, heat plant, MJ | Category: Energy carriers and technologies > Heat and steam | Lifecycle Stage: Product-as-a-Service | Location: LV | Materials: natural gas | Unit: 1 MJ | Reference Flow: process steam from natural gas | Description:  | Water depletion: 0.0 | Freshwater ecotoxicity: 0.0 | Marine ecotoxicity: 0.0 | Marine eutrophication: 0.0 | Human toxicity: 0.0004 | Particulate matter formation: 0.0001 | Terrestrial acidification: 0.0002 | Climate change: 0.0793 | Terrestrial ecotoxicity: 0.0 | Photochemical oxidant formation: 0.0002 | Ionising radiation: 0.0009 | Metal depletion: 0.0001 | Freshwater eutrophication: 0.0",0.0,0.0792914,0.0,3.04e-06,1.04e-06,0.0004243,0.00089857,4.21e-06,6.79e-06,6.487e-05,0.0,0.0,5.919e-05,0.00018865,0.00018216,3.2e-07,0.0,1.366e-05
"Process steam from natural gas, consumption mix, at plant, heat plant, MJ",Product-as-a-Service,Energy carriers and technologies > Heat and steam,LU,MJ,process steam from natural gas,,natural gas,"Process: Process steam from natural gas, consumption mix, at plant, heat plant, MJ | Category: Energy carriers and technologies > Heat and steam | Lifecycle Stage: Product-as-a-Service | Location: LU | Materials: natural gas | Unit: 1 MJ | Reference Flow: process steam from natural gas | Description:  | Water depletion: 0.0 | Freshwater ecotoxicity: 0.0 | Marine ecotoxicity: 0.0 | Marine eutrophication: 0.0 | Human toxicity: 0.0002 | Particulate matter formation: 0.0 | Terrestrial acidification: 0.0 | Climate change: 0.0648 | Terrestrial ecotoxicity: 0.0 | Photochemical oxidant formation: 0.0 | Ionising radiation: 0.0 | Metal depletion: 0.0001 | Freshwater eutrophication: 0.0",0.0,0.06475278,0.0,1.75e-06,6e-08,0.00015229,3.932e-05,3.65e-06,1.85e-06,6.689e-05,0.0,0.0,1.185e-05,4.814e-05,3.174e-05,8e-08,0.0,1.28e-06
"Electricity Mix, consumption mix, at consumer, AC, 230V",Product-as-a-Service,Energy carriers and technologies > Electricity,BG,MJ,electricity mix,,other,"Process: Electricity Mix, consumption mix, at consumer, AC, 230V | Category: Energy carriers and technologies > Electricity | Lifecycle Stage: Product-as-a-Service | Location: BG | Materials: other | Unit: 1 MJ | Reference Flow: electricity mix | Description:  | Water depletion: 0.0023 | Freshwater ecotoxicity: 0.0003 | Marine ecotoxicity: 0.0003 | Ozone depletion: 0.0 | Marine eutrophication: 0.0001 | Human toxicity: 0.0597 | Particulate matter formation: 0.0073 | Terrestrial acidification: 0.0277 | Climate change: 0.9151 | Terrestrial ecotoxicity: 0.0 | Photochemical oxidant formation: 0.0051 | Ionising radiation: 0.3104 | Metal depletion: 0.0002 | Freshwater eutrophication: 0.0",0.0,0.91510153,0.0,0.00032062,8.8e-07,0.05969937,0.31041718,0.00032216,0.00011944,0.00016219,0.0,2.6e-07,0.00729177,0.00511584,0.02770553,4.169e-05,0.0,0.00227019
"Gasoline (regular), consumption mix, at refinery, from crude oil, 100 ppm sulphur",Raw Materials,Energy carriers and technologies > Crude oil based fuels,EU-15,kg,gasoline (regular),,crude oil,"Process: Gasoline (regular), consumption mix, at refinery, from crude oil, 100 ppm sulphur | Category: Energy carriers and technologies > Crude oil based fuels | Lifecycle Stage: Raw Materials | Location: EU-15 | Materials: crude oil | Unit: 1 kg | Reference Flow: gasoline (regular) | Description:  | Water depletion: 0.0 | Freshwater ecotoxicity: 0.0001 | Marine ecotoxicity: 0.0012 | Ozone depletion: 0.0 | Marine eutrophication: 0.0001 | Human toxicity: 0.0269 | Particulate matter formation: 0.0009 | Terrestrial acidification: 0.0036 | Climate change: 0.707 | Terrestrial ecotoxicity: 0.0 | Photochemical oxidant formation: 0.0024 | Ionising radiation: 0.0121 | Metal depletion: 0.0009 | Freshwater eutrophication: 0.0",0.0,0.70700506,0.0,0.00011043,1.225e-05,0.02685335,0.01211411,0.0012235,9.104e-05,0.00086858,0.0,1e-08,0.00094063,0.00239124,0.00364218,3.004e-05,0.0,4.507e-05
"Process steam from natural gas 90 %, consumption mix, at power plant, heat plant, MJ, 90 % efficiency",Product-as-a-Service,Energy carriers and technologies > Heat and steam,CH,MJ,process steam,,natural gas,"Process: Process steam from natural gas 90 %, consumption mix, at power plant, heat plant, MJ, 90 % efficiency | Category: Energy carriers and technologies > Heat and steam | Lifecycle Stage: Product-as-a-Service | Location: CH | Materials: natural gas | Unit: 1 MJ | Reference Flow: process steam | Description:  | Water depletion: 0.0 | Freshwater ecotoxicity: 0.0 | Marine ecotoxicity: 0.0 | Marine eutrophication: 0.0 | Human toxicity: 0.0002 | Particulate matter formation: 0.0 | Urban land occupation: 0.0 | Agricultural land occupation: 0.0 | Terrestrial acidification: 0.0002 | Climate change: 0.0852 | Terrestrial ecotoxicity: 0.0 | Photochemical oxidant formation: 0.0001 | Ionising radiation: 0.0001 | Metal depletion: 0.0001 | Natural land transformation: -0.0",8.37e-06,0.08516787,0.0,1.3e-06,0.0,0.00019645,8.794e-05,6.39e-06,1.47e-06,9.155e-05,-4e-08,0.0,3.749e-05,6.601e-05,0.00016487,4e-08,1.256e-05,1.803e-05
"Portland cement (CEM I), CEMBUREAU production mix, at plant, CEMBUREAU technology mix, EN 197-1",Raw Materials,Materials production > Other mineral materials,RER,kg,portland cement (CEM I),,cement,"Process: Portland cement (CEM I), CEMBUREAU production mix, at plant, CEMBUREAU technology mix, EN 197-1 | Category: Materials production > Other mineral materials | Lifecycle Stage: Raw Materials | Location: RER | Materials: cement | Unit: 1 kg | Reference Flow: portland cement (CEM I) | Description:  | Water depletion: 0.3904 | Freshwater ecotoxicity: 0.0255 | Marine ecotoxicity: 0.0549 | Ozone depletion: 0.0 | Marine eutrophication: 0.0753 | Human toxicity: 18.3599 | Particulate matter formation: 0.7417 | Terrestrial acidification: 2.1451 | Climate change: 903.5022 | Terrestrial ecotoxicity: 0.0063 | Photochemical oxidant formation: 2.2095 | Ionising radiation: 13.8812 | Metal depletion: 7.2705 | Freshwater eutrophication: 0.0002",0.0,903.50220295,0.0,0.02547431,0.00022726,18.35994797,13.88124667,0.05488975,0.07528636,7.27045058,0.0,4.398e-05,0.74165391,2.20950083,2.14509229,0.00625811,0.0,0.39038108
"Calcium carbonate > 63 microns, at plant, Production",Raw Materials,Materials production > Other mineral materials,EU-27,kg,Calcium carbonate (> 63 microns),,carbon,"Process: Calcium carbonate > 63 microns, at plant, Production | Category: Materials production > Other mineral materials | Lifecycle Stage: Raw Materials | Location: EU-27 | Materials: carbon | Unit: 1 kg | Reference Flow: Calcium carbonate (> 63 microns) | Description:  | Water depletion: 0.0 | Freshwater ecotoxicity: 0.0 | Marine ecotoxicity: 0.0 | Marine eutrophication: 0.0 | Human toxicity: 0.0008 | Particulate matter formation: 0.0 | Terrestrial acidification: 0.0001 | Climate change: 0.04 | Terrestrial ecotoxicity: 0.0 | Photochemical oxidant formation: 0.0001 | Ionising radiation: 0.0152 | Metal depletion: 0.0001 | Freshwater eutrophication: 0.0",0.0,0.03995944,0.0,2.69e-06,2e-08,0.00082009,0.01524081,8.6e-06,2.84e-06,6.685e-05,0.0,0.0,2.475e-05,9.059e-05,8.822e-05,8.3e-07,0.0,3.823e-05
"Process steam from Light fuel oil 90 %, consumption mix, at power plant, heat plant, MJ, 90 % efficiency",Product-as-a-Service,Energy carriers and technologies > Heat and steam,BG,MJ,process steam,,other,"Process: Process steam from Light fuel oil 90 %, consumption mix, at power plant, heat plant, MJ, 90 % efficiency | Category: Energy carriers and technologies > Heat and steam | Lifecycle Stage: Product-as-a-Service | Location: BG | Materials: other | Unit: 1 MJ | Reference Flow: process steam | Description:  | Water depletion: 0.0001 | Freshwater ecotoxicity: 0.0 | Marine ecotoxicity: 0.0 | Marine eutrophication: 0.0 | Human toxicity: 0.0003 | Particulate matter formation: 0.0 | Urban land occupation: 0.0 | Agricultural land occupation: 0.0 | Terrestrial acidification: 0.0001 | Climate change: 0.0946 | Terrestrial ecotoxicity: 0.0 | Photochemical oxidant formation: 0.0001 | Ionising radiation: 0.0002 | Metal depletion: 0.0001 | Freshwater eutrophication: 0.0 | Natural land transformation: -0.0",1.147e-05,0.09460603,0.0,2.91e-06,2e-08,0.00025517,0.00015115,3.7e-06,4.14e-06,0.0001278,-7e-08,0.0,4.143e-05,0.00011166,0.00011976,1.3e-07,1.721e-05,5.787e-05
"Waste incineration of glass/inert material, at plant, average European waste-to-energy plant, without collection, transport and pre-treatment",Transport & Packaging,End-of-life treatment > Energy recycling,EU-27,kg,waste incineration of glass/inert material,,glass,"Process: Waste incineration of glass/inert material, at plant, average European waste-to-energy plant, without collection, transport and pre-treatment | Category: End-of-life treatment > Energy recycling | Lifecycle Stage: Transport & Packaging | Location: EU-27 | Materials: glass | Unit: 1 kg | Reference Flow: waste incineration of glass/inert material | Description:  | Water depletion: 2.7608 | Freshwater ecotoxicity: 0.0041 | Marine ecotoxicity: 0.0023 | Ozone depletion: 0.0 | Marine eutrophication: 0.0108 | Human toxicity: 6.2629 | Particulate matter formation: 0.085 | Terrestrial acidification: 0.1514 | Climate change: 53.4283 | Terrestrial ecotoxicity: 0.0002 | Photochemical oxidant formation: 0.262 | Ionising radiation: 3.3874 | Metal depletion: -2.111 | Freshwater eutrophication: 0.0002",-0.0,53.42832296,-0.0,0.00406354,0.00015007,6.2628548,3.38739285,0.00227397,0.01079955,-2.11096837,-0.0,2.8e-06,0.08497415,0.26204841,0.1514081,0.00018612,-0.0,2.76082758
"Beverage carton converting, converting mix, at plant, Converting, beverage carton",Raw Materials,Systems > Packaging,EU-27,m2,beverage carton - generic,,tin,"Process: Beverage carton converting, converting mix, at plant, Converting, beverage carton | Category: Systems > Packaging | Lifecycle Stage: Raw Materials | Location: EU-27 | Materials: tin | Unit: 1 m2 | Reference Flow: beverage carton - generic | Description:  | Water depletion: 0.11 | Marine eutrophication: 0.0003 | Particulate matter formation: 0.0015 | Terrestrial acidification: 0.0037 | Climate change: 6.6502 | Photochemical oxidant formation: 0.0074",0.0,6.650222,0.0,0.0,0.0,0.0,0.0,0.0,0.00025935,0.0,0.0,0.0,0.001463,0.00737156,0.003724,0.0,0.0,0.11
"Process steam from Light fuel oil 90 %, consumption mix, at power plant, heat plant, MJ, 90 % efficiency",Product-as-a-Service,Energy carriers and technologies > Heat and steam,IE,MJ,process steam,,other,"Process: Process steam from Light fuel oil 90 %, consumption mix, at power plant, heat plant, MJ, 90 % efficiency | Category: Energy carriers and technologies > Heat and steam | Lifecycle Stage: Product-as-a-Service | Location: IE | Materials: other | Unit: 1 MJ | Reference Flow: process steam | Description:  | Water depletion: 0.0 | Freshwater ecotoxicity: 0.0 | Marine ecotoxicity: 0.0001 | Marine eutrophication: 0.0 | Human toxicity: 0.0003 | Particulate matter formation: 0.0001 | Urban land occupation: 0.0 | Agricultural land occupation: 0.0 | Terrestrial acidification: 0.0002 | Climate change: 0.1011 | Terrestrial ecotoxicity: 0.0 | Photochemical oxidant formation: 0.0002 | Ionising radiation: 0.0 | Metal depletion: 0.0 | Freshwater eutrophication: 0.0 | Natural land transformation: -0.0",2.08e-06,0.10110575,0.0,1.24e-06,2e-08,0.00028513,8.92e-06,7.898e-05,9.1e-06,3.274e-05,-1e-08,0.0,6.583e-05,0.00023867,0.00017819,1.1e-07,3.12e-06,1.045e-05
"Pine wood, production mix, at saw mill, timber, 40% water content",Raw Materials,Materials production > Wood,DE,kg,pine wood,,"wood, water, timber","Process: Pine wood, production mix, at saw mill, timber, 40% water content | Category: Materials production > Wood | Lifecycle Stage: Raw Materials | Location: DE | Materials: wood, water, timber | Unit: 1 kg | Reference Flow: pine wood | Description:  | Water depletion: 0.0008 | Freshwater ecotoxicity: 0.0 | Marine ecotoxicity: 0.0 | Marine eutrophication: 0.0 | Human toxicity: 0.0003 | Particulate matter formation: 0.0 | Terrestrial acidification: 0.0001 | Climate change: 0.0252 | Terrestrial ecotoxicity: 0.0 | Photochemical oxidant formation: 0.0002 | Ionising radiation: 0.0025 | Metal depletion: 0.0003 | Freshwater eutrophication: 0.0",0.0,0.02521469,0.0,3.05e-06,8e-08,0.00029556,0.00249062,3.9e-06,5.43e-06,0.00030986,0.0,0.0,4.336e-05,0.00020682,0.00010087,4.7e-07,0.0,0.00082837
"Process steam from Heavy fuel oil 90 %, consumption mix, at power plant, heat plant, MJ, 90 % efficiency",Product-as-a-Service,Energy carriers and technologies > Heat and steam,DK,MJ,process steam,,other,"Process: Process steam from Heavy fuel oil 90 %, consumption mix, at power plant, heat plant, MJ, 90 % efficiency | Category: Energy carriers and technologies > Heat and steam | Lifecycle Stage: Product-as-a-Service | Location: DK | Materials: other | Unit: 1 MJ | Reference Flow: process steam | Description:  | Water depletion: 0.0 | Freshwater ecotoxicity: 0.0 | Marine ecotoxicity: 0.0001 | Marine eutrophication: 0.0 | Human toxicity: 0.0005 | Particulate matter formation: 0.0002 | Urban land occupation: 0.0 | Agricultural land occupation: 0.0 | Terrestrial acidification: 0.0007 | Climate change: 0.1004 | Terrestrial ecotoxicity: 0.0 | Photochemical oxidant formation: 0.0005 | Ionising radiation: 0.0 | Metal depletion: 0.0 | Freshwater eutrophication: 0.0 | Natural land transformation: -0.0",1.93e-06,0.10042682,0.0,5.5e-07,2e-08,0.00050106,4.56e-05,7.47e-05,1.783e-05,2.947e-05,-1e-08,0.0,0.00018219,0.00048802,0.00065789,1.7e-07,2.89e-06,5.17e-06
"Landfill of plastic waste, at landfill site, landfill including landfill gas utilisation and leachate treatment and without collection, transport and   pre-treatment",Transport & Packaging,End-of-life treatment > Landfilling,EU-27,kg,landfill of plastic waste,,plastic,"Process: Landfill of plastic waste, at landfill site, landfill including landfill gas utilisation and leachate treatment and without collection, transport and   pre-treatment | Category: End-of-life treatment > Landfilling | Lifecycle Stage: Transport & Packaging | Location: EU-27 | Materials: plastic | Unit: 1 kg | Reference Flow: landfill of plastic waste | Description:  | Water depletion: 0.0001 | Freshwater ecotoxicity: 0.0 | Marine ecotoxicity: 0.0 | Marine eutrophication: 0.0 | Human toxicity: 0.0021 | Particulate matter formation: 0.0004 | Terrestrial acidification: 0.0002 | Climate change: 0.0722 | Terrestrial ecotoxicity: 0.0 | Photochemical oxidant formation: 0.0002 | Ionising radiation: 0.0036 | Metal depletion: 0.0013 | Freshwater eutrophication: 0.0001",-0.0,0.0721547,-0.0,8.21e-06,0.00014638,0.00206965,0.00358741,1.06e-05,6.44e-06,0.00132331,-0.0,0.0,0.00043317,0.00019078,0.00021638,1.38e-06,-0.0,0.0001012
"Landfill of ferro metals, at landfill site, landfill including leachate treatment and without collection, transport and pre-treatment",Transport & Packaging,End-of-life treatment > Landfilling,EU-27,kg,landfill of ferro metals,,other,"Process: Landfill of ferro metals, at landfill site, landfill including leachate treatment and without collection, transport and pre-treatment | Category: End-of-life treatment > Landfilling | Lifecycle Stage: Transport & Packaging | Location: EU-27 | Materials: other | Unit: 1 kg | Reference Flow: landfill of ferro metals | Description:  | Water depletion: 0.0 | Freshwater ecotoxicity: 0.0 | Marine ecotoxicity: 0.0 | Marine eutrophication: 0.0 | Human toxicity: 0.0029 | Particulate matter formation: 0.0001 | Terrestrial acidification: 0.0 | Climate change: 0.0153 | Terrestrial ecotoxicity: 0.0 | Photochemical oxidant formation: 0.0001 | Ionising radiation: 0.0004 | Metal depletion: 0.0001 | Freshwater eutrophication: 0.0",-0.0,0.0152711,-0.0,1.857e-05,4e-08,0.00288522,0.00037513,1.624e-05,2.271e-05,0.00013641,-0.0,0.0,5.751e-05,7.04e-05,4.905e-05,2.467e-05,-0.0,1.195e-05
"Landfill of untreated wood, at landfill site, landfill including landfill gas utilisation and leachate treatment and without collection, transport and   pre-treatment",Transport & Packaging,End-of-life treatment > Landfilling,EU-27,kg,landfill of untreated wood,,wood,"Process: Landfill of untreated wood, at landfill site, landfill including landfill gas utilisation and leachate treatment and without collection, transport and   pre-treatment | Category: End-of-life treatment > Landfilling | Lifecycle Stage: Transport & Packaging | Location: EU-27 | Materials: wood | Unit: 1 kg | Reference Flow: landfill of untreated wood | Description:  | Water depletion: 0.0004 | Freshwater ecotoxicity: 0.0 | Marine ecotoxicity: 0.0 | Marine eutrophication: 0.0001 | Human toxicity: 0.0008 | Particulate matter formation: 0.0005 | Terrestrial acidification: 0.0005 | Climate change: 1.6252 | Terrestrial ecotoxicity: 0.0 | Photochemical oxidant formation: 0.0011 | Ionising radiation: 0.0036 | Metal depletion: 0.0013 | Freshwater eutrophication: 0.0",-0.0,1.62521494,-0.0,5.79e-06,3.513e-05,0.0007661,0.00358742,8.67e-06,6.732e-05,0.00132335,-0.0,0.0,0.00053093,0.00106542,0.00045322,4.3e-07,-0.0,0.00039145
"Landfill of wood products (OSB, particle board), at landfill site, landfill including landfill gas utilisation and leachate treatment and without collection, transport and   pre-treatment",Transport & Packaging,End-of-life treatment > Landfilling,EU-27,kg,"landfill of wood products (OSB, particle board)",,wood,"Process: Landfill of wood products (OSB, particle board), at landfill site, landfill including landfill gas utilisation and leachate treatment and without collection, transport and   pre-treatment | Category: End-of-life treatment > Landfilling | Lifecycle Stage: Transport & Packaging | Location: EU-27 | Materials: wood | Unit: 1 kg | Reference Flow: landfill of wood products (OSB, particle board) | Description:  | Water depletion: 0.0004 | Freshwater ecotoxicity: 0.0 | Marine ecotoxicity: 0.0 | Marine eutrophication: 0.0008 | Human toxicity: 0.0008 | Particulate matter formation: 0.0005 | Terrestrial acidification: 0.0005 | Climate change: 1.6618 | Terrestrial ecotoxicity: 0.0 | Photochemical oxidant formation: 0.0011 | Ionising radiation: 0.0036 | Metal depletion: 0.0013 | Freshwater eutrophication: 0.0",-0.0,1.66179858,-0.0,5.78e-06,3.315e-05,0.00076461,0.00358742,8.65e-06,0.00077024,0.00132335,-0.0,0.0,0.0005327,0.00108464,0.0004575,4.2e-07,-0.0,0.0003967
"Landfill of glass/inert waste, at landfill site, landfill including leachate treatment and without collection, transport and pre-treatment",Transport & Packaging,End-of-life treatment > Landfilling,EU-27,kg,landfill of glas/inert waste,,glass,"Process: Landfill of glass/inert waste, at landfill site, landfill including leachate treatment and without collection, transport and pre-treatment | Category: End-of-life treatment > Landfilling | Lifecycle Stage: Transport & Packaging | Location: EU-27 | Materials: glass | Unit: 1 kg | Reference Flow: landfill of glas/inert waste | Description:  | Water depletion: 0.0 | Freshwater ecotoxicity: 0.0 | Marine ecotoxicity: 0.0 | Marine eutrophication: 0.0 | Human toxicity: 0.0002 | Particulate matter formation: 0.0002 | Terrestrial acidification: 0.0001 | Climate change: 0.0124 | Terrestrial ecotoxicity: 0.0 | Photochemical oxidant formation: 0.0001 | Ionising radiation: 0.0004 | Metal depletion: 0.0006 | Freshwater eutrophication: 0.0001",-0.0,0.01243588,-0.0,9.1e-07,8.81e-05,0.00024415,0.00038996,2.47e-06,2.87e-06,0.00055324,-0.0,0.0,0.00022176,8.45e-05,7.768e-05,1.2e-07,-0.0,1.494e-05
"Process steam from natural gas, consumption mix, at plant, heat plant, MJ",Product-as-a-Service,Energy carriers and technologies > Heat and steam,LT,MJ,process steam from natural gas,,natural gas,"Process: Process steam from natural gas, consumption mix, at plant, heat plant, MJ | Category: Energy carriers and technologies > Heat and steam | Lifecycle Stage: Product-as-a-Service | Location: LT | Materials: natural gas | Unit: 1 MJ | Reference Flow: process steam from natural gas | Description:  | Water depletion: 0.0 | Freshwater ecotoxicity: 0.0 | Marine ecotoxicity: 0.0 | Marine eutrophication: 0.0 | Human toxicity: 0.0004 | Particulate matter formation: 0.0001 | Terrestrial acidification: 0.0002 | Climate change: 0.0793 | Terrestrial ecotoxicity: 0.0 | Photochemical oxidant formation: 0.0002 | Ionising radiation: 0.0009 | Metal depletion: 0.0001 | Freshwater eutrophication: 0.0",0.0,0.07929136,0.0,3.04e-06,1.04e-06,0.0004243,0.00089857,4.21e-06,6.79e-06,6.487e-05,0.0,0.0,5.919e-05,0.00018865,0.00018216,3.2e-07,0.0,1.366e-05
"Process steam from natural gas, consumption mix, at plant, heat plant, MJ",Product-as-a-Service,Energy carriers and technologies > Heat and steam,IT,MJ,process steam from natural gas,,natural gas,"Process: Process steam from natural gas, consumption mix, at plant, heat plant, MJ | Category: Energy carriers and technologies > Heat and steam | Lifecycle Stage: Product-as-a-Service | Location: IT | Materials: natural gas | Unit: 1 MJ | Reference Flow: process steam from natural gas | Description:  | Water depletion: 0.0 | Freshwater ecotoxicity: 0.0 | Marine ecotoxicity: 0.0 | Marine eutrophication: 0.0 | Human toxicity: 0.0003 | Particulate matter formation: 0.0 | Terrestrial acidification: 0.0001 | Climate change: 0.0813 | Terrestrial ecotoxicity: 0.0 | Photochemical oxidant formation: 0.0001 | Ionising radiation: 0.0001 | Metal depletion: 0.0001 | Freshwater eutrophication: 0.0",0.0,0.08129512,0.0,1.54e-06,3.4e-07,0.0002631,0.00012185,4.19e-06,3.14e-06,5.597e-05,0.0,0.0,2.725e-05,0.00010126,8.632e-05,1.6e-07,0.0,1.03e-05
"Electricity grid mix, consumption mix, at consumer, AC, 220V",Product-as-a-Service,Energy carriers and technologies > Electricity,IS,MJ,Electricity,,other,"Process: Electricity grid mix, consumption mix, at consumer, AC, 220V | Category: Energy carriers and technologies > Electricity | Lifecycle Stage: Product-as-a-Service | Location: IS | Materials: other | Unit: 1 MJ | Reference Flow: Electricity | Description:  | Water depletion: 0.0062 | Freshwater ecotoxicity: 0.0 | Marine ecotoxicity: 0.0 | Marine eutrophication: 0.0 | Human toxicity: 0.0002 | Particulate matter formation: 0.0 | Urban land occupation: 0.0 | Agricultural land occupation: 0.0 | Terrestrial acidification: 0.0 | Climate change: 0.0178 | Terrestrial ecotoxicity: 0.0 | Photochemical oxidant formation: 0.0 | Ionising radiation: 0.0 | Metal depletion: 0.0052 | Natural land transformation: -0.0",4.85e-06,0.01779805,0.0,9.8e-07,0.0,0.00020981,3.25e-05,1.52e-06,1.8e-07,0.00517946,-9e-08,0.0,1.51e-06,4.69e-06,3.75e-06,5e-08,7.28e-06,0.00624837
"Polymethyl methacrylate (PMMA) beads, production mix, at plant",Raw Materials,Materials production > Plastics,RER,kg,polymethyl methacrylate (PMMA) beads,,other,"Process: Polymethyl methacrylate (PMMA) beads, production mix, at plant | Category: Materials production > Plastics | Lifecycle Stage: Raw Materials | Location: RER | Materials: other | Unit: 1 kg | Reference Flow: polymethyl methacrylate (PMMA) beads | Description:  | Water depletion: 0.0692 | Freshwater ecotoxicity: 0.0001 | Marine ecotoxicity: 0.0003 | Marine eutrophication: 0.0014 | Human toxicity: 0.0124 | Particulate matter formation: 0.0105 | Terrestrial acidification: 0.0358 | Climate change: 7.3109 | Terrestrial ecotoxicity: 0.0 | Photochemical oxidant formation: 0.0275 | Metal depletion: 0.0007 | Freshwater eutrophication: 0.0016",0.0,7.31090864,0.0,0.0001014,0.00162245,0.01239782,0.0,0.00032007,0.00142288,0.00069363,0.0,0.0,0.01049891,0.02749095,0.03581427,2.079e-05,0.0,0.0691796
"Process steam from natural gas, consumption mix, at plant, heat plant, MJ",Product-as-a-Service,Energy carriers and technologies > Heat and steam,IE,MJ,process steam from natural gas,,natural gas,"Process: Process steam from natural gas, consumption mix, at plant, heat plant, MJ | Category: Energy carriers and technologies > Heat and steam | Lifecycle Stage: Product-as-a-Service | Location: IE | Materials: natural gas | Unit: 1 MJ | Reference Flow: process steam from natural gas | Description:  | Water depletion: 0.0 | Freshwater ecotoxicity: 0.0 | Marine ecotoxicity: 0.0 | Marine eutrophication: 0.0 | Human toxicity: 0.0002 | Particulate matter formation: 0.0 | Terrestrial acidification: 0.0 | Climate change: 0.0686 | Terrestrial ecotoxicity: 0.0 | Photochemical oxidant formation: 0.0001 | Ionising radiation: 0.0 | Metal depletion: 0.0 | Freshwater eutrophication: 0.0",0.0,0.06864218,0.0,5.6e-07,1e-08,0.000169,8.43e-06,1.92e-06,1.99e-06,2.59e-05,0.0,0.0,1.45e-05,5.691e-05,3.707e-05,9e-08,0.0,7e-07
"Continuous filament glass fibre (direct rovings), at plant",Raw Materials,Materials production > Glass and ceramics,RER,kg,Continuous filament glass fibre,,"glass, tin","Process: Continuous filament glass fibre (direct rovings), at plant | Category: Materials production > Glass and ceramics | Lifecycle Stage: Raw Materials | Location: RER | Materials: glass, tin | Unit: 1 kg | Reference Flow: Continuous filament glass fibre | Description:  | Water depletion: 0.0189 | Freshwater ecotoxicity: 0.0015 | Marine ecotoxicity: 0.0016 | Ozone depletion: 0.0 | Marine eutrophication: 0.0006 | Human toxicity: 0.0796 | Particulate matter formation: 0.0014 | Terrestrial acidification: 0.0042 | Climate change: 1.3608 | Terrestrial ecotoxicity: 0.0 | Photochemical oxidant formation: 0.004 | Ionising radiation: 1.2764 | Metal depletion: 0.0075 | Freshwater eutrophication: 0.0",0.0,1.36083533,0.0,0.00152035,1.161e-05,0.07959356,1.27638168,0.00157208,0.00062845,0.00745419,0.0,1.3e-07,0.00141936,0.00404068,0.00423606,4.272e-05,0.0,0.01890925
"Process steam from natural gas, consumption mix, at plant, heat plant, MJ",Product-as-a-Service,Energy carriers and technologies > Heat and steam,HU,MJ,process steam from natural gas,,natural gas,"Process: Process steam from natural gas, consumption mix, at plant, heat plant, MJ | Category: Energy carriers and technologies > Heat and steam | Lifecycle Stage: Product-as-a-Service | Location: HU | Materials: natural gas | Unit: 1 MJ | Reference Flow: process steam from natural gas | Description:  | Water depletion: 0.0 | Freshwater ecotoxicity: 0.0 | Marine ecotoxicity: 0.0 | Marine eutrophication: 0.0 | Human toxicity: 0.0003 | Particulate matter formation: 0.0 | Terrestrial acidification: 0.0001 | Climate change: 0.08 | Terrestrial ecotoxicity: 0.0 | Photochemical oxidant formation: 0.0002 | Ionising radiation: 0.0003 | Metal depletion: 0.0001 | Freshwater eutrophication: 0.0",0.0,0.0800207,0.0,3.11e-06,8e-07,0.000263,0.00025313,3.03e-06,5.2e-06,9.137e-05,0.0,0.0,4.03e-05,0.00015017,0.00012476,1.5e-07,0.0,3.02e-06
"Electricity grid mix, consumption mix, at consumer, AC, 230V",Product-as-a-Service,Energy carriers and technologies > Electricity,PT,MJ,Electricity,,other,"Process: Electricity grid mix, consumption mix, at consumer, AC, 230V | Category: Energy carriers and technologies > Electricity | Lifecycle Stage: Product-as-a-Service | Location: PT | Materials: other | Unit: 1 MJ | Reference Flow: Electricity | Description:  | Water depletion: 0.006 | Freshwater ecotoxicity: 0.0 | Marine ecotoxicity: 0.0001 | Marine eutrophication: 0.0001 | Human toxicity: 0.0129 | Particulate matter formation: 0.0008 | Urban land occupation: 0.0001 | Agricultural land occupation: 0.0001 | Terrestrial acidification: 0.0029 | Climate change: 0.5548 | Terrestrial ecotoxicity: 0.0 | Photochemical oxidant formation: 0.0017 | Ionising radiation: 0.0139 | Metal depletion: 0.0011 | Freshwater eutrophication: 0.0 | Natural land transformation: -0.0",9.302e-05,0.55480797,0.0,3.662e-05,2e-08,0.01293854,0.01389002,0.00014443,5.548e-05,0.00113748,-4.02e-06,0.0,0.00080866,0.00174268,0.00287308,1.652e-05,0.00013953,0.00597279
"Process steam from Heavy fuel oil 90 %, consumption mix, at power plant, heat plant, MJ, 90 % efficiency",Product-as-a-Service,Energy carriers and technologies > Heat and steam,IT,MJ,process steam,,other,"Process: Process steam from Heavy fuel oil 90 %, consumption mix, at power plant, heat plant, MJ, 90 % efficiency | Category: Energy carriers and technologies > Heat and steam | Lifecycle Stage: Product-as-a-Service | Location: IT | Materials: other | Unit: 1 MJ | Reference Flow: process steam | Description:  | Water depletion: 0.0 | Freshwater ecotoxicity: 0.0 | Marine ecotoxicity: 0.0 | Marine eutrophication: 0.0 | Human toxicity: 0.0017 | Particulate matter formation: 0.0001 | Urban land occupation: 0.0 | Agricultural land occupation: 0.0 | Terrestrial acidification: 0.0004 | Climate change: 0.1081 | Terrestrial ecotoxicity: 0.0 | Photochemical oxidant formation: 0.0002 | Ionising radiation: 0.0 | Metal depletion: 0.0001 | Freshwater eutrophication: 0.0 | Natural land transformation: -0.0",3.76e-06,0.10811,0.0,4.76e-06,2e-08,0.00169182,4.796e-05,2.877e-05,6.23e-06,5.601e-05,-2e-08,0.0,0.00011087,0.00019427,0.00043629,1.83e-06,5.64e-06,3.027e-05
"Mining Truck, technology mix, 220 t payload, 1.700 kW",Transport & Packaging,Transport services > Other transport,GLO,kg,excavated material,,other,"Process: Mining Truck, technology mix, 220 t payload, 1.700 kW | Category: Transport services > Other transport | Lifecycle Stage: Transport & Packaging | Location: GLO | Materials: other | Unit: 1 kg | Reference Flow: excavated material | Description: ",0.0,0.0,0.0,0.0,0.0,0.0,0.0,0.0,0.0,0.0,0.0,0.0,0.0,0.0,0.0,0.0,0.0,0.0
"Electricity grid mix, consumption mix, at consumer, AC, 230V",Product-as-a-Service,Energy carriers and technologies > Electricity,DK,MJ,Electricity,,other,"Process: Electricity grid mix, consumption mix, at consumer, AC, 230V | Category: Energy carriers and technologies > Electricity | Lifecycle Stage: Product-as-a-Service | Location: DK | Materials: other | Unit: 1 MJ | Reference Flow: Electricity | Description:  | Water depletion: 0.0026 | Freshwater ecotoxicity: 0.0001 | Marine ecotoxicity: 0.0001 | Marine eutrophication: 0.0 | Human toxicity: 0.0192 | Particulate matter formation: 0.0003 | Urban land occupation: 0.0002 | Agricultural land occupation: 0.0002 | Terrestrial acidification: 0.0008 | Climate change: 0.4897 | Terrestrial ecotoxicity: 0.0 | Photochemical oxidant formation: 0.0009 | Ionising radiation: 0.0297 | Metal depletion: 0.0015 | Freshwater eutrophication: 0.0 | Natural land transformation: -0.0",0.00015863,0.48966009,0.0,0.000111,3e-08,0.01920637,0.02966977,0.00011651,3.893e-05,0.00152873,-3.16e-06,0.0,0.00028374,0.00094836,0.00083858,3.73e-06,0.00023795,0.00256169
"Compressed air, production mix, 14 bar, low efficiency, high power consumption",Raw Materials,Energy carriers and technologies > Mechanical energy,GLO,m3,compressed air,,other,"Process: Compressed air, production mix, 14 bar, low efficiency, high power consumption | Category: Energy carriers and technologies > Mechanical energy | Lifecycle Stage: Raw Materials | Location: GLO | Materials: other | Unit: 1 m3 | Reference Flow: compressed air | Description: ",0.0,0.0,0.0,0.0,0.0,0.0,0.0,0.0,0.0,0.0,0.0,0.0,0.0,0.0,0.0,0.0,0.0,0.0
"Electricity Mix, consumption mix, at consumer, AC, 1kV - 60kV",Product-as-a-Service,Energy carriers and technologies > Electricity,FI,MJ,electricity mix,,other,"Process: Electricity Mix, consumption mix, at consumer, AC, 1kV - 60kV | Category: Energy carriers and technologies > Electricity | Lifecycle Stage: Product-as-a-Service | Location: FI | Materials: other | Unit: 1 MJ | Reference Flow: electricity mix | Description:  | Water depletion: 0.0012 | Freshwater ecotoxicity: 0.0001 | Marine ecotoxicity: 0.0001 | Ozone depletion: 0.0 | Marine eutrophication: 0.0 | Human toxicity: 0.0097 | Particulate matter formation: 0.0004 | Terrestrial acidification: 0.0013 | Climate change: 0.5057 | Terrestrial ecotoxicity: 0.0 | Photochemical oxidant formation: 0.0009 | Ionising radiation: 0.1428 | Metal depletion: 0.0002 | Freshwater eutrophication: 0.0",0.0,0.50569743,0.0,0.00014784,1.54e-06,0.00971532,0.14275105,8.396e-05,3.395e-05,0.00018727,0.0,1.2e-07,0.0004489,0.00089393,0.00127174,8.21e-06,0.0,0.00116306
"Process steam from heavy fuel oil, consumption mix, at plant, heat plant, MJ",Product-as-a-Service,Energy carriers and technologies > Heat and steam,LV,MJ,process steam from heavy fuel oil,,other,"Process: Process steam from heavy fuel oil, consumption mix, at plant, heat plant, MJ | Category: Energy carriers and technologies > Heat and steam | Lifecycle Stage: Product-as-a-Service | Location: LV | Materials: other | Unit: 1 MJ | Reference Flow: process steam from heavy fuel oil | Description:  | Water depletion: 0.0 | Freshwater ecotoxicity: 0.0 | Marine ecotoxicity: 0.0002 | Marine eutrophication: 0.0 | Human toxicity: 0.0114 | Particulate matter formation: 0.0002 | Terrestrial acidification: 0.0008 | Climate change: 0.1006 | Terrestrial ecotoxicity: 0.0 | Photochemical oxidant formation: 0.0003 | Ionising radiation: 0.0003 | Metal depletion: 0.0001 | Freshwater eutrophication: 0.0",0.0,0.10058874,0.0,1.088e-05,1.12e-06,0.01137696,0.00032394,0.0001697,9.92e-06,6.893e-05,0.0,0.0,0.00020011,0.00030683,0.00075301,1.423e-05,0.0,6.65e-06
"Polystyrene (general purpose) granulate (GPPS), production mix, at plant, crystal form is pure polystyrene with few additives, used when clarity is required even though it is very   brittle",Raw Materials,Materials production > Plastics,RER,kg,polystyrene (general purpose) granulate (GPPS),,other,"Process: Polystyrene (general purpose) granulate (GPPS), production mix, at plant, crystal form is pure polystyrene with few additives, used when clarity is required even though it is very   brittle | Category: Materials production > Plastics | Lifecycle Stage: Raw Materials | Location: RER | Materials: other | Unit: 1 kg | Reference Flow: polystyrene (general purpose) granulate (GPPS) | Description:  | Water depletion: 0.133 | Freshwater ecotoxicity: 0.0005 | Marine ecotoxicity: 0.0006 | Marine eutrophication: 0.0002 | Human toxicity: 0.008 | Particulate matter formation: 0.0035 | Terrestrial acidification: 0.0103 | Climate change: 3.6401 | Terrestrial ecotoxicity: 0.0 | Photochemical oxidant formation: 0.0094 | Metal depletion: 0.0096 | Freshwater eutrophication: 0.0",0.0,3.64012211,0.0,0.00048693,6.18e-06,0.00796445,0.0,0.00061069,0.00022317,0.00955752,0.0,0.0,0.00353863,0.00935036,0.01029894,1.937e-05,0.0,0.13304305
"Container ship ocean, technology mix, 27.500 dwt pay load capacity",Transport & Packaging,Transport services > Water,GLO,kg,cargo,,other,"Process: Container ship ocean, technology mix, 27.500 dwt pay load capacity | Category: Transport services > Water | Lifecycle Stage: Transport & Packaging | Location: GLO | Materials: other | Unit: 1 kg | Reference Flow: cargo | Description: ",0.0,0.0,0.0,0.0,0.0,0.0,0.0,0.0,0.0,0.0,0.0,0.0,0.0,0.0,0.0,0.0,0.0,0.0
"Process steam from Light fuel oil 90 %, consumption mix, at power plant, heat plant, MJ, 90 % efficiency",Product-as-a-Service,Energy carriers and technologies > Heat and steam,DK,MJ,process steam,,other,"Process: Process steam from Light fuel oil 90 %, consumption mix, at power plant, heat plant, MJ, 90 % efficiency | Category: Energy carriers and technologies > Heat and steam | Lifecycle Stage: Product-as-a-Service | Location: DK | Materials: other | Unit: 1 MJ | Reference Flow: process steam | Description:  | Water depletion: 0.0 | Freshwater ecotoxicity: 0.0 | Marine ecotoxicity: 0.0001 | Marine eutrophication: 0.0 | Human toxicity: 0.0003 | Particulate matter formation: 0.0001 | Urban land occupation: 0.0 | Agricultural land occupation: 0.0 | Terrestrial acidification: 0.0003 | Climate change: 0.0935 | Terrestrial ecotoxicity: 0.0 | Photochemical oxidant formation: 0.0005 | Ionising radiation: 0.0 | Metal depletion: 0.0 | Freshwater eutrophication: 0.0 | Natural land transformation: -0.0",2.05e-06,0.09352172,0.0,3.6e-07,1e-08,0.0002543,4.703e-05,8.013e-05,1.725e-05,2.967e-05,-1e-08,0.0,0.00010938,0.0004506,0.00030515,1.1e-07,3.08e-06,6.99e-06
"Electricity Mix, consumption mix, at consumer, AC, 1kV - 60kV",Product-as-a-Service,Energy carriers and technologies > Electricity,FR,MJ,electricity mix,,other,"Process: Electricity Mix, consumption mix, at consumer, AC, 1kV - 60kV | Category: Energy carriers and technologies > Electricity | Lifecycle Stage: Product-as-a-Service | Location: FR | Materials: other | Unit: 1 MJ | Reference Flow: electricity mix | Description:  | Water depletion: 0.0017 | Freshwater ecotoxicity: 0.0004 | Marine ecotoxicity: 0.0001 | Ozone depletion: 0.0 | Marine eutrophication: 0.0 | Human toxicity: 0.0073 | Particulate matter formation: 0.0001 | Terrestrial acidification: 0.0005 | Climate change: 0.1469 | Terrestrial ecotoxicity: 0.0 | Photochemical oxidant formation: 0.0003 | Ionising radiation: 0.3808 | Metal depletion: 0.0001 | Freshwater eutrophication: 0.0",0.0,0.14690395,0.0,0.0003721,1.9e-07,0.00728173,0.38077624,9.709e-05,1.658e-05,0.00010133,0.0,3.2e-07,0.00014891,0.00031655,0.00046911,7.94e-06,0.0,0.00165374
"Process steam from natural gas, consumption mix, at plant, heat plant, MJ",Product-as-a-Service,Energy carriers and technologies > Heat and steam,GR,MJ,process steam from natural gas,,natural gas,"Process: Process steam from natural gas, consumption mix, at plant, heat plant, MJ | Category: Energy carriers and technologies > Heat and steam | Lifecycle Stage: Product-as-a-Service | Location: GR | Materials: natural gas | Unit: 1 MJ | Reference Flow: process steam from natural gas | Description:  | Water depletion: 0.0 | Freshwater ecotoxicity: 0.0 | Marine ecotoxicity: 0.0 | Marine eutrophication: 0.0 | Human toxicity: 0.0002 | Particulate matter formation: 0.0 | Terrestrial acidification: 0.0001 | Climate change: 0.0798 | Terrestrial ecotoxicity: 0.0 | Photochemical oxidant formation: 0.0001 | Ionising radiation: 0.0 | Metal depletion: 0.0001 | Freshwater eutrophication: 0.0",0.0,0.07983098,0.0,1.7e-06,7.9e-07,0.00024906,1.463e-05,2.42e-06,2.91e-06,5.515e-05,0.0,0.0,3.35e-05,9.467e-05,0.0001131,1.5e-07,0.0,2.44e-06
"Kerosene, consumption mix, at refinery, from crude oil, 700 ppm sulphur",Raw Materials,Energy carriers and technologies > Crude oil based fuels,EU-15,kg,kerosene,,crude oil,"Process: Kerosene, consumption mix, at refinery, from crude oil, 700 ppm sulphur | Category: Energy carriers and technologies > Crude oil based fuels | Lifecycle Stage: Raw Materials | Location: EU-15 | Materials: crude oil | Unit: 1 kg | Reference Flow: kerosene | Description:  | Water depletion: 0.0003 | Freshwater ecotoxicity: 0.0001 | Marine ecotoxicity: 0.001 | Ozone depletion: 0.0 | Marine eutrophication: 0.0 | Human toxicity: 0.011 | Particulate matter formation: 0.0005 | Terrestrial acidification: 0.002 | Climate change: 0.3616 | Terrestrial ecotoxicity: 0.0 | Photochemical oxidant formation: 0.0014 | Ionising radiation: 0.0066 | Metal depletion: 0.0008 | Freshwater eutrophication: 0.0",0.0,0.36157712,0.0,7.867e-05,1.12e-05,0.01101633,0.00657721,0.0009722,4.426e-05,0.000827,0.0,1e-08,0.00053878,0.00140669,0.00204573,9.33e-06,0.0,0.0003298
"Process steam from heavy fuel oil, consumption mix, at plant, heat plant, MJ",Product-as-a-Service,Energy carriers and technologies > Heat and steam,CY,MJ,process steam from heavy fuel oil,,other,"Process: Process steam from heavy fuel oil, consumption mix, at plant, heat plant, MJ | Category: Energy carriers and technologies > Heat and steam | Lifecycle Stage: Product-as-a-Service | Location: CY | Materials: other | Unit: 1 MJ | Reference Flow: process steam from heavy fuel oil | Description:  | Water depletion: 0.0 | Freshwater ecotoxicity: 0.0 | Marine ecotoxicity: 0.0001 | Marine eutrophication: 0.0 | Human toxicity: 0.0036 | Particulate matter formation: 0.0003 | Terrestrial acidification: 0.0012 | Climate change: 0.0987 | Terrestrial ecotoxicity: 0.0 | Photochemical oxidant formation: 0.0003 | Ionising radiation: 0.0 | Metal depletion: 0.0 | Freshwater eutrophication: 0.0",0.0,0.09870849,0.0,5.45e-06,5.3e-07,0.0035679,4.105e-05,7.345e-05,7.31e-06,3.749e-05,0.0,0.0,0.00029767,0.0002722,0.00122467,4.69e-06,0.0,6.37e-06
"Electricity grid mix, consumption mix, at consumer, AC, 230V",Product-as-a-Service,Energy carriers and technologies > Electricity,GR,MJ,Electricity,,other,"Process: Electricity grid mix, consumption mix, at consumer, AC, 230V | Category: Energy carriers and technologies > Electricity | Lifecycle Stage: Product-as-a-Service | Location: GR | Materials: other | Unit: 1 MJ | Reference Flow: Electricity | Description:  | Water depletion: 0.005 | Freshwater ecotoxicity: 0.0001 | Marine ecotoxicity: 0.0004 | Marine eutrophication: 0.0001 | Human toxicity: 0.056 | Particulate matter formation: 0.0023 | Urban land occupation: 0.0001 | Agricultural land occupation: 0.0001 | Terrestrial acidification: 0.0083 | Climate change: 1.0293 | Terrestrial ecotoxicity: 0.0 | Photochemical oxidant formation: 0.0022 | Ionising radiation: 0.0099 | Metal depletion: 0.0009 | Freshwater eutrophication: 0.0 | Natural land transformation: -0.0001",9.069e-05,1.02931492,0.0,8.192e-05,4e-08,0.05598639,0.00990983,0.00040059,6.648e-05,0.000924,-5.026e-05,0.0,0.00233402,0.00221572,0.00825815,4.181e-05,0.00013604,0.00496765
"Process steam from natural gas 90 %, consumption mix, at power plant, heat plant, MJ, 90 % efficiency",Product-as-a-Service,Energy carriers and technologies > Heat and steam,FI,MJ,process steam,,natural gas,"Process: Process steam from natural gas 90 %, consumption mix, at power plant, heat plant, MJ, 90 % efficiency | Category: Energy carriers and technologies > Heat and steam | Lifecycle Stage: Product-as-a-Service | Location: FI | Materials: natural gas | Unit: 1 MJ | Reference Flow: process steam | Description:  | Water depletion: 0.0 | Freshwater ecotoxicity: 0.0 | Marine ecotoxicity: 0.0 | Marine eutrophication: 0.0 | Human toxicity: 0.0002 | Particulate matter formation: 0.0 | Urban land occupation: 0.0 | Agricultural land occupation: 0.0 | Terrestrial acidification: 0.0001 | Climate change: 0.0757 | Terrestrial ecotoxicity: 0.0 | Photochemical oxidant formation: 0.0001 | Ionising radiation: 0.0002 | Metal depletion: 0.0001 | Natural land transformation: -0.0",9.88e-06,0.07570062,0.0,2.4e-06,0.0,0.00016152,0.00016716,2.57e-06,3e-06,0.00011372,-4e-08,0.0,2.145e-05,8.727e-05,6.42e-05,4e-08,1.482e-05,4.685e-05
"Electricity grid mix, consumption mix, at consumer, AC, 230V",Product-as-a-Service,Energy carriers and technologies > Electricity,SK,MJ,Electricity,,other,"Process: Electricity grid mix, consumption mix, at consumer, AC, 230V | Category: Energy carriers and technologies > Electricity | Lifecycle Stage: Product-as-a-Service | Location: SK | Materials: other | Unit: 1 MJ | Reference Flow: Electricity | Description:  | Water depletion: 0.0045 | Freshwater ecotoxicity: 0.0002 | Marine ecotoxicity: 0.0001 | Marine eutrophication: 0.0 | Human toxicity: 0.0192 | Particulate matter formation: 0.0009 | Urban land occupation: 0.0001 | Agricultural land occupation: 0.0001 | Terrestrial acidification: 0.003 | Climate change: 0.4671 | Terrestrial ecotoxicity: 0.0 | Photochemical oxidant formation: 0.0012 | Ionising radiation: 0.136 | Metal depletion: 0.0012 | Freshwater eutrophication: 0.0 | Natural land transformation: -0.0",6.071e-05,0.46713707,0.0,0.00020137,2e-08,0.01915541,0.13597952,0.00012738,4.317e-05,0.00122711,-1.256e-05,0.0,0.00090036,0.00119406,0.00301648,1.48e-05,9.106e-05,0.0045012
"corrugated board sheets, production mix, at plant, technology mix, 18% primary fibre, 82 % recycled fibre",Raw Materials,Systems > Packaging,EU-27,kg,"corrugated board sheets; production mix, at plant; 18% primary fibre, 82% recycled fibre",,other,"Process: corrugated board sheets, production mix, at plant, technology mix, 18% primary fibre, 82 % recycled fibre | Category: Systems > Packaging | Lifecycle Stage: Raw Materials | Location: EU-27 | Materials: other | Unit: 1 kg | Reference Flow: corrugated board sheets; production mix, at plant; 18% primary fibre, 82% recycled fibre | Description:  | Water depletion: 0.1604 | Freshwater ecotoxicity: 0.0001 | Marine ecotoxicity: 0.0001 | Ozone depletion: 0.0 | Marine eutrophication: 0.0008 | Human toxicity: 0.0065 | Particulate matter formation: 0.0003 | Terrestrial acidification: 0.0012 | Climate change: 0.7107 | Terrestrial ecotoxicity: 0.0 | Photochemical oxidant formation: 0.0003 | Ionising radiation: 0.0326 | Metal depletion: 0.0015 | Freshwater eutrophication: 0.0",0.0,0.71067182,0.0,7.125e-05,1.779e-05,0.00653987,0.03255741,0.00011055,0.00075055,0.00148083,0.0,3e-08,0.00027407,0.00026733,0.00122372,6.98e-06,0.0,0.16035886
"Process steam from natural gas 90 %, consumption mix, at power plant, heat plant, MJ, 90 % efficiency",Product-as-a-Service,Energy carriers and technologies > Heat and steam,NL,MJ,process steam,,natural gas,"Process: Process steam from natural gas 90 %, consumption mix, at power plant, heat plant, MJ, 90 % efficiency | Category: Energy carriers and technologies > Heat and steam | Lifecycle Stage: Product-as-a-Service | Location: NL | Materials: natural gas | Unit: 1 MJ | Reference Flow: process steam | Description:  | Water depletion: 0.0 | Freshwater ecotoxicity: 0.0 | Marine ecotoxicity: 0.0 | Marine eutrophication: 0.0 | Human toxicity: 0.0001 | Particulate matter formation: 0.0 | Urban land occupation: 0.0 | Agricultural land occupation: 0.0 | Terrestrial acidification: 0.0 | Climate change: 0.0704 | Terrestrial ecotoxicity: 0.0 | Photochemical oxidant formation: 0.0001 | Ionising radiation: 0.0 | Metal depletion: 0.0 | Natural land transformation: -0.0",4.18e-06,0.07037636,0.0,4.4e-07,0.0,0.00011627,2.63e-05,1.89e-06,2.44e-06,4.641e-05,-2e-08,0.0,1.52e-05,6.512e-05,4.067e-05,4e-08,6.28e-06,1.469e-05
"Nylon 66 granulate (PA 66), production mix, at plant",Raw Materials,Materials production > Plastics,RER,kg,nylon 66 granulate (PA 66),,other,"Process: Nylon 66 granulate (PA 66), production mix, at plant | Category: Materials production > Plastics | Lifecycle Stage: Raw Materials | Location: RER | Materials: other | Unit: 1 kg | Reference Flow: nylon 66 granulate (PA 66) | Description:  | Water depletion: 0.535 | Freshwater ecotoxicity: 0.0025 | Marine ecotoxicity: 0.0024 | Marine eutrophication: 0.0092 | Human toxicity: 0.0077 | Particulate matter formation: 0.0089 | Terrestrial acidification: 0.0271 | Climate change: 8.2393 | Terrestrial ecotoxicity: 0.0 | Photochemical oxidant formation: 0.0201 | Metal depletion: 0.0008 | Freshwater eutrophication: 0.0014",0.0,8.23925717,0.0,0.00249056,0.00141785,0.0077233,0.0,0.00238869,0.00920107,0.00076692,0.0,0.0,0.00890296,0.02005417,0.02707586,1.318e-05,0.0,0.53500368
"Landfill of municipal solid waste, BE, DK technology mix, at landfill site, landfill including landfill gas utilisation and leachate treatment, without collection, transport and   pre-treatment",Transport & Packaging,End-of-life treatment > Landfilling,EU-27,kg,municipal solid waste deposition,,other,"Process: Landfill of municipal solid waste, BE, DK technology mix, at landfill site, landfill including landfill gas utilisation and leachate treatment, without collection, transport and   pre-treatment | Category: End-of-life treatment > Landfilling | Lifecycle Stage: Transport & Packaging | Location: EU-27 | Materials: other | Unit: 1 kg | Reference Flow: municipal solid waste deposition | Description:  | Water depletion: 0.0002 | Freshwater ecotoxicity: 0.0 | Marine ecotoxicity: 0.0 | Marine eutrophication: 0.0003 | Human toxicity: 0.0015 | Particulate matter formation: 0.0004 | Terrestrial acidification: 0.0003 | Climate change: 0.8207 | Terrestrial ecotoxicity: 0.0 | Photochemical oxidant formation: 0.0006 | Ionising radiation: 0.0027 | Metal depletion: 0.001 | Freshwater eutrophication: 0.0006",-0.0,0.82067252,-0.0,5.67e-06,0.00058964,0.00150114,0.00273518,7.97e-06,0.00032801,0.00100843,-0.0,0.0,0.00038457,0.00059702,0.00029588,5.7e-07,-0.0,0.00023016
"Acrylonitrile-Butadiene-Styrene granulate (ABS), production mix, at plant",Raw Materials,Materials production > Plastics,RER,kg,acrylonitrile-butadiene-styrene granulate (ABS),,other,"Process: Acrylonitrile-Butadiene-Styrene granulate (ABS), production mix, at plant | Category: Materials production > Plastics | Lifecycle Stage: Raw Materials | Location: RER | Materials: other | Unit: 1 kg | Reference Flow: acrylonitrile-butadiene-styrene granulate (ABS) | Description:  | Water depletion: 0.1159 | Freshwater ecotoxicity: 0.0002 | Marine ecotoxicity: 0.0002 | Marine eutrophication: 0.0006 | Human toxicity: 0.0054 | Particulate matter formation: 0.0045 | Terrestrial acidification: 0.0111 | Climate change: 3.9593 | Terrestrial ecotoxicity: 0.0 | Photochemical oxidant formation: 0.0112 | Metal depletion: 0.0043 | Freshwater eutrophication: 0.0002",0.0,3.95927034,0.0,0.00015539,0.00021305,0.00536461,0.0,0.00023565,0.00061561,0.00429184,0.0,0.0,0.00448913,0.01116961,0.01105384,1.494e-05,0.0,0.11591325
"Electricity grid mix, consumption mix, at consumer, AC, 230V",Product-as-a-Service,Energy carriers and technologies > Electricity,IE,MJ,Electricity,,other,"Process: Electricity grid mix, consumption mix, at consumer, AC, 230V | Category: Energy carriers and technologies > Electricity | Lifecycle Stage: Product-as-a-Service | Location: IE | Materials: other | Unit: 1 MJ | Reference Flow: Electricity | Description:  | Water depletion: 0.0017 | Freshwater ecotoxicity: 0.0 | Marine ecotoxicity: 0.0001 | Marine eutrophication: 0.0 | Human toxicity: 0.0056 | Particulate matter formation: 0.0005 | Urban land occupation: 0.0002 | Agricultural land occupation: 0.0001 | Terrestrial acidification: 0.0017 | Climate change: 0.6094 | Terrestrial ecotoxicity: 0.0 | Photochemical oxidant formation: 0.0013 | Ionising radiation: 0.0017 | Metal depletion: 0.0004 | Freshwater eutrophication: 0.0 | Natural land transformation: -0.0",0.00012666,0.60940648,0.0,1.008e-05,2e-08,0.00564779,0.0017459,7.579e-05,4.631e-05,0.00040282,-2.76e-06,0.0,0.0005187,0.00127381,0.00168232,6.09e-06,0.00018999,0.00169963
"Waste incineration of paper fraction in municipal solid waste (MSW), at plant, average European waste-to-energy plant, without collection, transport and pre-treatment",Transport & Packaging,End-of-life treatment > Energy recycling,EU-27,kg,waste incineration of paper fraction in municipal solid waste (MSW),,paper,"Process: Waste incineration of paper fraction in municipal solid waste (MSW), at plant, average European waste-to-energy plant, without collection, transport and pre-treatment | Category: End-of-life treatment > Energy recycling | Lifecycle Stage: Transport & Packaging | Location: EU-27 | Materials: paper | Unit: 1 kg | Reference Flow: waste incineration of paper fraction in municipal solid waste (MSW) | Description:  | Water depletion: 3.633 | Freshwater ecotoxicity: 0.0006 | Marine ecotoxicity: -0.0048 | Ozone depletion: 0.0 | Marine eutrophication: 0.015 | Human toxicity: 1.4395 | Particulate matter formation: 0.031 | Terrestrial acidification: 0.1757 | Climate change: 37.2956 | Terrestrial ecotoxicity: -0.0004 | Photochemical oxidant formation: 0.2968 | Ionising radiation: 0.9593 | Metal depletion: -3.2238 | Freshwater eutrophication: 0.0001",-0.0,37.29559472,-0.0,0.00056214,9.723e-05,1.43954142,0.95925706,-0.00476226,0.01501847,-3.22384884,-0.0,8.3e-07,0.03096944,0.29680852,0.175738,-0.00038037,-0.0,3.633026
"Process steam from Light fuel oil 90 %, consumption mix, at power plant, heat plant, MJ, 90 % efficiency",Product-as-a-Service,Energy carriers and technologies > Heat and steam,PL,MJ,process steam,,other,"Process: Process steam from Light fuel oil 90 %, consumption mix, at power plant, heat plant, MJ, 90 % efficiency | Category: Energy carriers and technologies > Heat and steam | Lifecycle Stage: Product-as-a-Service | Location: PL | Materials: other | Unit: 1 MJ | Reference Flow: process steam | Description:  | Water depletion: 0.0001 | Freshwater ecotoxicity: 0.0 | Marine ecotoxicity: 0.0 | Marine eutrophication: 0.0 | Human toxicity: 0.0004 | Particulate matter formation: 0.0001 | Urban land occupation: 0.0 | Agricultural land occupation: 0.0 | Terrestrial acidification: 0.0002 | Climate change: 0.1043 | Terrestrial ecotoxicity: 0.0 | Photochemical oxidant formation: 0.0002 | Ionising radiation: 0.0001 | Metal depletion: 0.0001 | Freshwater eutrophication: 0.0 | Natural land transformation: -0.0",1.168e-05,0.1042645,0.0,3.02e-06,2e-08,0.00035905,8.882e-05,1.059e-05,7.52e-06,0.0001269,-1.1e-07,0.0,7.073e-05,0.00020468,0.00021239,2.2e-07,1.752e-05,6.036e-05
"Electricity Mix, consumption mix, at consumer, AC, 240V",Product-as-a-Service,Energy carriers and technologies > Electricity,MT,MJ,electricity mix,,other,"Process: Electricity Mix, consumption mix, at consumer, AC, 240V | Category: Energy carriers and technologies > Electricity | Lifecycle Stage: Product-as-a-Service | Location: MT | Materials: other | Unit: 1 MJ | Reference Flow: electricity mix | Description:  | Water depletion: 0.0019 | Freshwater ecotoxicity: 0.0 | Marine ecotoxicity: 0.0007 | Marine eutrophication: 0.0001 | Human toxicity: 0.0534 | Particulate matter formation: 0.0018 | Terrestrial acidification: 0.0076 | Climate change: 1.077 | Terrestrial ecotoxicity: 0.0 | Photochemical oxidant formation: 0.0027 | Ionising radiation: 0.0022 | Metal depletion: 0.0002 | Freshwater eutrophication: 0.0",0.0,1.07699649,0.0,3.971e-05,2.98e-06,0.05335105,0.00215134,0.00069255,8.559e-05,0.00024236,0.0,0.0,0.00182677,0.00274782,0.00759158,3.484e-05,0.0,0.00186887
"Electricity Mix, consumption mix, at consumer, AC, 220V",Product-as-a-Service,Energy carriers and technologies > Electricity,GR,MJ,electricity mix,,other,"Process: Electricity Mix, consumption mix, at consumer, AC, 220V | Category: Energy carriers and technologies > Electricity | Lifecycle Stage: Product-as-a-Service | Location: GR | Materials: other | Unit: 1 MJ | Reference Flow: electricity mix | Description:  | Water depletion: 0.0017 | Freshwater ecotoxicity: 0.0 | Marine ecotoxicity: 0.0003 | Ozone depletion: 0.0 | Marine eutrophication: 0.0001 | Human toxicity: 0.0402 | Particulate matter formation: 0.0029 | Terrestrial acidification: 0.0105 | Climate change: 1.1755 | Terrestrial ecotoxicity: 0.0 | Photochemical oxidant formation: 0.003 | Ionising radiation: 0.0144 | Metal depletion: 0.0002 | Freshwater eutrophication: 0.0",0.0,1.1755014,0.0,3.741e-05,2.05e-06,0.04022591,0.01442611,0.00025379,9.632e-05,0.00023418,0.0,1e-08,0.00285618,0.00303506,0.01049756,2.692e-05,0.0,0.0016841
"Process steam from Light fuel oil 90 %, consumption mix, at power plant, heat plant, MJ, 90 % efficiency",Product-as-a-Service,Energy carriers and technologies > Heat and steam,CY,MJ,process steam,,other,"Process: Process steam from Light fuel oil 90 %, consumption mix, at power plant, heat plant, MJ, 90 % efficiency | Category: Energy carriers and technologies > Heat and steam | Lifecycle Stage: Product-as-a-Service | Location: CY | Materials: other | Unit: 1 MJ | Reference Flow: process steam | Description:  | Water depletion: 0.0 | Freshwater ecotoxicity: 0.0 | Marine ecotoxicity: 0.0 | Marine eutrophication: 0.0 | Human toxicity: 0.0004 | Particulate matter formation: 0.0001 | Urban land occupation: 0.0 | Agricultural land occupation: 0.0 | Terrestrial acidification: 0.0002 | Climate change: 0.0994 | Terrestrial ecotoxicity: 0.0 | Photochemical oxidant formation: 0.0002 | Ionising radiation: 0.0 | Metal depletion: 0.0001 | Freshwater eutrophication: 0.0 | Natural land transformation: -0.0",5.85e-06,0.09940964,0.0,3.63e-06,1e-08,0.00036498,3.142e-05,1.779e-05,7.88e-06,7.248e-05,-3e-08,0.0,6.991e-05,0.00021718,0.00021332,1.6e-07,8.78e-06,3.361e-05
"Rail transport, technology mix, electricity driven, cargo",Transport & Packaging,Transport services > Rail,GLO,kg,cargo,,other,"Process: Rail transport, technology mix, electricity driven, cargo | Category: Transport services > Rail | Lifecycle Stage: Transport & Packaging | Location: GLO | Materials: other | Unit: 1 kg | Reference Flow: cargo | Description: ",0.0,0.0,0.0,0.0,0.0,0.0,0.0,0.0,0.0,0.0,0.0,0.0,0.0,0.0,0.0,0.0,0.0,0.0
"Process steam from natural gas, consumption mix, at plant, heat plant, MJ",Product-as-a-Service,Energy carriers and technologies > Heat and steam,GB,MJ,process steam from natural gas,,natural gas,"Process: Process steam from natural gas, consumption mix, at plant, heat plant, MJ | Category: Energy carriers and technologies > Heat and steam | Lifecycle Stage: Product-as-a-Service | Location: GB | Materials: natural gas | Unit: 1 MJ | Reference Flow: process steam from natural gas | Description:  | Water depletion: 0.0 | Freshwater ecotoxicity: 0.0 | Marine ecotoxicity: 0.0 | Marine eutrophication: 0.0 | Human toxicity: 0.0001 | Particulate matter formation: 0.0 | Terrestrial acidification: 0.0 | Climate change: 0.068 | Terrestrial ecotoxicity: 0.0 | Photochemical oxidant formation: 0.0001 | Ionising radiation: 0.0001 | Metal depletion: 0.0 | Freshwater eutrophication: 0.0",0.0,0.06803534,0.0,1.2e-07,1e-08,0.00014362,8.797e-05,1.66e-06,1.93e-06,1.111e-05,0.0,0.0,1.412e-05,5.465e-05,3.614e-05,7e-08,0.0,1.29e-06
"Container ship ocean, technology mix, 27.500 dwt pay load capacity",Transport & Packaging,Transport services > Water,RER,t*km,transport in t*km,,other,"Process: Container ship ocean, technology mix, 27.500 dwt pay load capacity | Category: Transport services > Water | Lifecycle Stage: Transport & Packaging | Location: RER | Materials: other | Unit: 1 t*km | Reference Flow: transport in t*km | Description:  | Water depletion: 0.0 | Freshwater ecotoxicity: 0.0 | Marine ecotoxicity: 0.0 | Marine eutrophication: 0.0 | Human toxicity: 0.0 | Particulate matter formation: 0.0001 | Terrestrial acidification: 0.0004 | Climate change: 0.0131 | Terrestrial ecotoxicity: 0.0 | Photochemical oxidant formation: 0.0003 | Ionising radiation: 0.0 | Metal depletion: 0.0 | Freshwater eutrophication: 0.0",0.0,0.01313309,0.0,2.7e-07,4e-08,4.311e-05,2.629e-05,3.28e-06,1.229e-05,2.72e-06,0.0,0.0,0.00012264,0.00034451,0.00040604,4e-08,0.0,9.8e-07
"Liquid Packaging Board (LPB) production, production mix, at plant, production, mineral coated LPB (n=4), basis weight: 266 g/m2",Raw Materials,Systems > Packaging,EU-27,kg,liquid packaging board (LPB),,other,"Process: Liquid Packaging Board (LPB) production, production mix, at plant, production, mineral coated LPB (n=4), basis weight: 266 g/m2 | Category: Systems > Packaging | Lifecycle Stage: Raw Materials | Location: EU-27 | Materials: other | Unit: 1 kg | Reference Flow: liquid packaging board (LPB) | Description:  | Water depletion: 82.3 | Freshwater ecotoxicity: 0.7011 | Marine ecotoxicity: 0.7075 | Ozone depletion: 0.0 | Marine eutrophication: 0.1832 | Human toxicity: 30.3087 | Particulate matter formation: 0.3201 | Terrestrial acidification: 1.6487 | Climate change: 459.2646 | Terrestrial ecotoxicity: 0.0095 | Photochemical oxidant formation: 0.2805 | Ionising radiation: 427.0735 | Metal depletion: 0.1468 | Freshwater eutrophication: 0.0376",0.0,459.26459151,0.0,0.70107027,0.03762,30.3086555,427.07352799,0.70751044,0.18315725,0.1467865,0.0,3.84e-06,0.320112,0.28051173,1.64867,0.00945942,0.0,82.3
"Steel hot dip galvanized, including recycling, production mix, at plant, blast furnace route, 1kg, typical thickness between 0.3 - 3 mm. typical width between 600 - 2100 mm.",End-of-Life,Materials production > Metals and semimetals,GLO,kg,Steel hot-dip galvanised coil,,steel,"Process: Steel hot dip galvanized, including recycling, production mix, at plant, blast furnace route, 1kg, typical thickness between 0.3 - 3 mm. typical width between 600 - 2100 mm. | Category: Materials production > Metals and semimetals | Lifecycle Stage: End-of-Life | Location: GLO | Materials: steel | Unit: 1 kg | Reference Flow: Steel hot-dip galvanised coil | Description:  | Water depletion: 0.0032 | Freshwater ecotoxicity: 0.0003 | Marine ecotoxicity: 0.0004 | Ozone depletion: 0.0 | Marine eutrophication: 0.0002 | Human toxicity: 0.1061 | Particulate matter formation: 0.0015 | Terrestrial acidification: 0.0043 | Climate change: 1.3727 | Terrestrial ecotoxicity: 0.0001 | Photochemical oxidant formation: 0.0032 | Ionising radiation: 0.0811 | Metal depletion: 0.2865 | Freshwater eutrophication: 0.0",0.0,1.37267519,0.0,0.00032167,2.8e-06,0.10607863,0.08111957,0.00044171,0.00019955,0.28654162,0.0,7e-08,0.00150486,0.00324605,0.00429937,5.62e-05,0.0,0.00321006
"Electricity grid mix 1kV-60kV, consumption mix, at consumer, AC, 1kV - 60kV",Product-as-a-Service,Energy carriers and technologies > Electricity,DE,MJ,Electricity,,other,"Process: Electricity grid mix 1kV-60kV, consumption mix, at consumer, AC, 1kV - 60kV | Category: Energy carriers and technologies > Electricity | Lifecycle Stage: Product-as-a-Service | Location: DE | Materials: other | Unit: 1 MJ | Reference Flow: Electricity | Description:  | Water depletion: 0.0022 | Freshwater ecotoxicity: 0.0001 | Marine ecotoxicity: 0.0001 | Marine eutrophication: 0.0 | Human toxicity: 0.0156 | Particulate matter formation: 0.0003 | Urban land occupation: 0.0002 | Agricultural land occupation: 0.0001 | Terrestrial acidification: 0.0009 | Climate change: 0.6061 | Terrestrial ecotoxicity: 0.0 | Photochemical oxidant formation: 0.0007 | Ionising radiation: 0.0801 | Metal depletion: 0.0004 | Freshwater eutrophication: 0.0 | Natural land transformation: -0.0",0.00011309,0.60605574,0.0,0.00013363,2e-08,0.01558574,0.08013261,8.636e-05,3.325e-05,0.00042129,-1.545e-05,0.0,0.00026993,0.00072294,0.00088892,6.6e-06,0.00016964,0.00223549
"Waste incineration of textile fraction in municipal solid waste (MSW), at plant, average European waste-to-energy plant, without collection, transport and pre-treatment",Transport & Packaging,End-of-life treatment > Energy recycling,EU-27,kg,waste incineration of textile fraction in municipal solid waste (MSW),,other,"Process: Waste incineration of textile fraction in municipal solid waste (MSW), at plant, average European waste-to-energy plant, without collection, transport and pre-treatment | Category: End-of-life treatment > Energy recycling | Lifecycle Stage: Transport & Packaging | Location: EU-27 | Materials: other | Unit: 1 kg | Reference Flow: waste incineration of textile fraction in municipal solid waste (MSW) | Description:  | Water depletion: 4.1745 | Freshwater ecotoxicity: 0.0033 | Marine ecotoxicity: 0.0172 | Ozone depletion: 0.0 | Marine eutrophication: 0.0669 | Human toxicity: 16.3669 | Particulate matter formation: 0.3464 | Terrestrial acidification: 0.9884 | Climate change: 407.4558 | Terrestrial ecotoxicity: 0.0027 | Photochemical oxidant formation: 1.473 | Ionising radiation: 3.4272 | Metal depletion: -3.7696 | Freshwater eutrophication: 0.0002",-0.0,407.45578058,-0.0,0.00334763,0.00016262,16.3668846,3.427243,0.01718452,0.06689747,-3.76964393,-0.0,2.9e-06,0.34644534,1.47303498,0.98841168,0.00274311,-0.0,4.17452361
"Natural Gas Mix, consumption mix, at consumer, technology mix, onshore and offshore production incl. pipeline and LNG transprt",Raw Materials,Energy carriers and technologies > Natural gas based fuels,EU-27,kg,"Natural gas, at consumer EU-27",,natural gas,"Process: Natural Gas Mix, consumption mix, at consumer, technology mix, onshore and offshore production incl. pipeline and LNG transprt | Category: Energy carriers and technologies > Natural gas based fuels | Lifecycle Stage: Raw Materials | Location: EU-27 | Materials: natural gas | Unit: 1 kg | Reference Flow: Natural gas, at consumer EU-27 | Description:  | Water depletion: 0.0014 | Freshwater ecotoxicity: 0.0003 | Marine ecotoxicity: 0.0003 | Ozone depletion: 0.0 | Marine eutrophication: 0.0 | Human toxicity: 0.0417 | Particulate matter formation: 0.0004 | Urban land occupation: 0.0003 | Agricultural land occupation: 0.0002 | Terrestrial acidification: 0.0014 | Climate change: 0.5432 | Terrestrial ecotoxicity: 0.0 | Photochemical oxidant formation: 0.0012 | Ionising radiation: 0.0161 | Metal depletion: 0.0016 | Freshwater eutrophication: 0.0 | Natural land transformation: -0.0",0.0002243,0.5432481,0.0,0.00028633,2e-08,0.04173352,0.01606129,0.00031114,2.564e-05,0.00161328,-2.04e-06,1e-08,0.00036973,0.00124015,0.00141079,2.39e-06,0.00033645,0.00137778
"Process steam from Heavy fuel oil 90 %, consumption mix, at power plant, heat plant, MJ, 90 % efficiency",Product-as-a-Service,Energy carriers and technologies > Heat and steam,BG,MJ,process steam,,other,"Process: Process steam from Heavy fuel oil 90 %, consumption mix, at power plant, heat plant, MJ, 90 % efficiency | Category: Energy carriers and technologies > Heat and steam | Lifecycle Stage: Product-as-a-Service | Location: BG | Materials: other | Unit: 1 MJ | Reference Flow: process steam | Description:  | Water depletion: 0.0001 | Freshwater ecotoxicity: 0.0 | Marine ecotoxicity: 0.0 | Marine eutrophication: 0.0 | Human toxicity: 0.0016 | Particulate matter formation: 0.0001 | Urban land occupation: 0.0 | Agricultural land occupation: 0.0 | Terrestrial acidification: 0.0002 | Climate change: 0.0949 | Terrestrial ecotoxicity: 0.0 | Photochemical oxidant formation: 0.0001 | Ionising radiation: 0.0001 | Metal depletion: 0.0001 | Freshwater eutrophication: 0.0 | Natural land transformation: -0.0",1.07e-05,0.09492295,0.0,4.12e-06,2e-08,0.00164,0.00014754,2.372e-05,4.69e-06,0.00012072,-7e-08,0.0,7.867e-05,0.00012273,0.00023665,1.9e-06,1.604e-05,5.297e-05
"Electricity Mix, consumption mix, at consumer, AC, 1kV - 60kV",Product-as-a-Service,Energy carriers and technologies > Electricity,CH,MJ,electricity mix,,other,"Process: Electricity Mix, consumption mix, at consumer, AC, 1kV - 60kV | Category: Energy carriers and technologies > Electricity | Lifecycle Stage: Product-as-a-Service | Location: CH | Materials: other | Unit: 1 MJ | Reference Flow: electricity mix | Description:  | Water depletion: 0.0009 | Freshwater ecotoxicity: 0.0002 | Marine ecotoxicity: 0.0 | Ozone depletion: 0.0 | Marine eutrophication: 0.0 | Human toxicity: 0.0039 | Particulate matter formation: 0.0 | Terrestrial acidification: 0.0001 | Climate change: 0.0816 | Terrestrial ecotoxicity: 0.0 | Photochemical oxidant formation: 0.0001 | Ionising radiation: 0.2014 | Metal depletion: 0.0002 | Freshwater eutrophication: 0.0",0.0,0.08157082,0.0,0.00019895,5e-08,0.00391865,0.2014125,4.883e-05,6.57e-06,0.00022605,0.0,1.7e-07,4.548e-05,0.0001006,0.00014183,3.98e-06,0.0,0.00093697
"Electricity Mix, consumption mix, at consumer, AC, 1kV - 60kV",Product-as-a-Service,Energy carriers and technologies > Electricity,RO,MJ,electricity mix,,other,"Process: Electricity Mix, consumption mix, at consumer, AC, 1kV - 60kV | Category: Energy carriers and technologies > Electricity | Lifecycle Stage: Product-as-a-Service | Location: RO | Materials: other | Unit: 1 MJ | Reference Flow: electricity mix | Description:  | Water depletion: 0.0011 | Freshwater ecotoxicity: 0.0001 | Marine ecotoxicity: 0.0004 | Ozone depletion: 0.0 | Marine eutrophication: 0.0001 | Human toxicity: 0.0659 | Particulate matter formation: 0.0048 | Terrestrial acidification: 0.0162 | Climate change: 0.9926 | Terrestrial ecotoxicity: 0.0001 | Photochemical oxidant formation: 0.0039 | Ionising radiation: 0.0517 | Metal depletion: 0.0003 | Freshwater eutrophication: 0.0",0.0,0.99256342,0.0,8.235e-05,9.5e-07,0.06590911,0.05170313,0.00042545,0.00010234,0.00030341,0.0,4e-08,0.00475071,0.00386904,0.01620145,5.165e-05,0.0,0.00107785
"Copper wire; technology mix; market mix, at plant; cross section 1 mm, Technology and Market Mix for Wire fabrication representing main European production countries, Market Mix for Copper cathode in Europe (primary and secondary Cu cathode production...",Manufacturing,Materials production > Metals and semimetals,EU-25,kg,Copper wire,,"copper, tin","Process: Copper wire; technology mix; market mix, at plant; cross section 1 mm, Technology and Market Mix for Wire fabrication representing main European production countries, Market Mix for Copper cathode in Europe (primary and secondary Cu cathode production... | Category: Materials production > Metals and semimetals | Lifecycle Stage: Manufacturing | Location: EU-25 | Materials: copper, tin | Unit: 1 kg | Reference Flow: Copper wire | Description:  | Water depletion: 19.0187 | Freshwater ecotoxicity: 0.5014 | Marine ecotoxicity: 0.4969 | Ozone depletion: 0.0001 | Marine eutrophication: 0.0906 | Human toxicity: 49.5239 | Particulate matter formation: 3.3488 | Terrestrial acidification: 4.0217 | Climate change: 808.0245 | Terrestrial ecotoxicity: 0.0444 | Photochemical oxidant formation: 2.194 | Ionising radiation: 67.4275 | Metal depletion: 4428.01 | Freshwater eutrophication: 0.0024",0.0,808.0244881,0.0,0.50138399,0.00241778,49.52391384,67.4275322,0.49691926,0.09062763,4428.01004233,0.0,6.028e-05,3.34881752,2.19404767,4.02172941,0.04442754,0.0,19.01871384
"Process steam from Light fuel oil 90 %, consumption mix, at power plant, heat plant, MJ, 90 % efficiency",Product-as-a-Service,Energy carriers and technologies > Heat and steam,GR,MJ,process steam,,other,"Process: Process steam from Light fuel oil 90 %, consumption mix, at power plant, heat plant, MJ, 90 % efficiency | Category: Energy carriers and technologies > Heat and steam | Lifecycle Stage: Product-as-a-Service | Location: GR | Materials: other | Unit: 1 MJ | Reference Flow: process steam | Description:  | Water depletion: 0.0 | Freshwater ecotoxicity: 0.0 | Marine ecotoxicity: 0.0 | Marine eutrophication: 0.0 | Human toxicity: 0.0005 | Particulate matter formation: 0.0001 | Urban land occupation: 0.0 | Agricultural land occupation: 0.0 | Terrestrial acidification: 0.0003 | Climate change: 0.1065 | Terrestrial ecotoxicity: 0.0 | Photochemical oxidant formation: 0.0002 | Ionising radiation: 0.0 | Metal depletion: 0.0001 | Freshwater eutrophication: 0.0 | Natural land transformation: -0.0",5.98e-06,0.10650214,0.0,3.06e-06,2e-08,0.00046859,4.787e-05,6.03e-06,8.65e-06,7.454e-05,-1.3e-07,0.0,8.883e-05,0.00024482,0.00025511,3e-07,8.97e-06,4.393e-05
"Electricity Mix, consumption mix, at consumer, AC, < 1kV",Product-as-a-Service,Energy carriers and technologies > Electricity,UCTE,MJ,electricity mix,,other,"Process: Electricity Mix, consumption mix, at consumer, AC, < 1kV | Category: Energy carriers and technologies > Electricity | Lifecycle Stage: Product-as-a-Service | Location: UCTE | Materials: other | Unit: 1 MJ | Reference Flow: electricity mix | Description:  | Water depletion: 0.0016 | Freshwater ecotoxicity: 0.0002 | Marine ecotoxicity: 0.0001 | Ozone depletion: 0.0 | Marine eutrophication: 0.0 | Human toxicity: 0.0202 | Particulate matter formation: 0.001 | Terrestrial acidification: 0.0038 | Climate change: 0.5966 | Terrestrial ecotoxicity: 0.0 | Photochemical oxidant formation: 0.0013 | Ionising radiation: 0.179 | Metal depletion: 0.0002 | Freshwater eutrophication: 0.0",0.0,0.5966153,0.0,0.00018599,6.3e-07,0.02020682,0.17899152,0.00012262,4.505e-05,0.00019594,0.0,1.5e-07,0.00102023,0.00132844,0.00378281,1.35e-05,0.0,0.00155739
"Electricity grid mix 1kV-60kV, consumption mix, at consumer, AC, 1kV - 60kV",Product-as-a-Service,Energy carriers and technologies > Electricity,EU-27,MJ,Electricity,,other,"Process: Electricity grid mix 1kV-60kV, consumption mix, at consumer, AC, 1kV - 60kV | Category: Energy carriers and technologies > Electricity | Lifecycle Stage: Product-as-a-Service | Location: EU-27 | Materials: other | Unit: 1 MJ | Reference Flow: Electricity | Description:  | Water depletion: 0.0034 | Freshwater ecotoxicity: 0.0001 | Marine ecotoxicity: 0.0001 | Ozone depletion: 0.0 | Marine eutrophication: 0.0 | Human toxicity: 0.0125 | Particulate matter formation: 0.0005 | Urban land occupation: 0.0002 | Agricultural land occupation: 0.0001 | Terrestrial acidification: 0.0017 | Climate change: 0.4716 | Terrestrial ecotoxicity: 0.0 | Photochemical oxidant formation: 0.0009 | Ionising radiation: 0.0909 | Metal depletion: 0.0012 | Freshwater eutrophication: 0.0 | Natural land transformation: -0.0",0.00012812,0.4715654,0.0,0.00013396,3e-08,0.01245879,0.09085809,8.619e-05,3.552e-05,0.0011864,-8.4e-06,3e-08,0.00048664,0.00093233,0.00170832,7.24e-06,0.00019217,0.00342379
"Polyethylene terephthalate (PET) granulate, production mix, at plant, bottle grade",Raw Materials,Materials production > Plastics,RER,kg,polyethylene terephthalate (PET) granulate,,polyethylene,"Process: Polyethylene terephthalate (PET) granulate, production mix, at plant, bottle grade | Category: Materials production > Plastics | Lifecycle Stage: Raw Materials | Location: RER | Materials: polyethylene | Unit: 1 kg | Reference Flow: polyethylene terephthalate (PET) granulate | Description:  | Water depletion: 0.0589 | Freshwater ecotoxicity: 0.0001 | Marine ecotoxicity: 0.0006 | Marine eutrophication: 0.0003 | Human toxicity: 0.0058 | Particulate matter formation: 0.0056 | Terrestrial acidification: 0.0144 | Climate change: 3.4998 | Terrestrial ecotoxicity: 0.0 | Photochemical oxidant formation: 0.018 | Metal depletion: 0.0004 | Freshwater eutrophication: 0.0",0.0,3.49975646,0.0,0.00012938,2.1e-07,0.00578735,0.0,0.00060377,0.00028531,0.00035375,0.0,0.0,0.00560832,0.01800479,0.01442924,3.57e-05,0.0,0.05891249
"Process steam from Heavy fuel oil 90 %, consumption mix, at power plant, heat plant, MJ, 90 % efficiency",Product-as-a-Service,Energy carriers and technologies > Heat and steam,PT,MJ,process steam,,other,"Process: Process steam from Heavy fuel oil 90 %, consumption mix, at power plant, heat plant, MJ, 90 % efficiency | Category: Energy carriers and technologies > Heat and steam | Lifecycle Stage: Product-as-a-Service | Location: PT | Materials: other | Unit: 1 MJ | Reference Flow: process steam | Description:  | Water depletion: 0.0 | Freshwater ecotoxicity: 0.0 | Marine ecotoxicity: 0.0 | Marine eutrophication: 0.0 | Human toxicity: 0.0019 | Particulate matter formation: 0.0002 | Urban land occupation: 0.0 | Agricultural land occupation: 0.0 | Terrestrial acidification: 0.0005 | Climate change: 0.1066 | Terrestrial ecotoxicity: 0.0 | Photochemical oxidant formation: 0.0005 | Ionising radiation: 0.0 | Metal depletion: 0.0 | Freshwater eutrophication: 0.0 | Natural land transformation: -0.0",2.53e-06,0.10661527,0.0,6.94e-06,2e-08,0.00193106,3.121e-05,3.924e-05,1.78e-05,4.487e-05,-2e-08,0.0,0.00017154,0.00049592,0.0005309,2.02e-06,3.79e-06,3.18e-05
"Sodium chloride (NaCl, dissolved), production mix for PVC production, at plant",Raw Materials,Materials production > Inorganic chemicals,RER,kg,sodium chloride,,other,"Process: Sodium chloride (NaCl, dissolved), production mix for PVC production, at plant | Category: Materials production > Inorganic chemicals | Lifecycle Stage: Raw Materials | Location: RER | Materials: other | Unit: 1 kg | Reference Flow: sodium chloride | Description:  | Water depletion: 0.0027 | Freshwater ecotoxicity: 0.0 | Marine ecotoxicity: 0.0 | Marine eutrophication: 0.0 | Human toxicity: 0.0054 | Particulate matter formation: 0.0006 | Terrestrial acidification: 0.001 | Climate change: 0.1697 | Terrestrial ecotoxicity: 0.0 | Photochemical oxidant formation: 0.0006 | Metal depletion: 0.0001 | Freshwater eutrophication: 0.0",0.0,0.1697074,0.0,4.324e-05,7e-07,0.00544174,0.0,4.509e-05,1.888e-05,9.987e-05,0.0,0.0,0.00060246,0.00058507,0.00099188,1.04e-06,0.0,0.0026509
"Process steam from heavy fuel oil, consumption mix, at plant, heat plant, MJ",Product-as-a-Service,Energy carriers and technologies > Heat and steam,BE,MJ,process steam from heavy fuel oil,,other,"Process: Process steam from heavy fuel oil, consumption mix, at plant, heat plant, MJ | Category: Energy carriers and technologies > Heat and steam | Lifecycle Stage: Product-as-a-Service | Location: BE | Materials: other | Unit: 1 MJ | Reference Flow: process steam from heavy fuel oil | Description:  | Water depletion: 0.0 | Freshwater ecotoxicity: 0.0 | Marine ecotoxicity: 0.0001 | Marine eutrophication: 0.0 | Human toxicity: 0.0035 | Particulate matter formation: 0.0002 | Terrestrial acidification: 0.0008 | Climate change: 0.0968 | Terrestrial ecotoxicity: 0.0 | Photochemical oxidant formation: 0.0002 | Ionising radiation: 0.0002 | Metal depletion: 0.0 | Freshwater eutrophication: 0.0",0.0,0.09679302,0.0,4.79e-06,3.8e-07,0.00347781,0.00024653,7.571e-05,7.95e-06,2.664e-05,0.0,0.0,0.00018955,0.00023786,0.00077252,4.6e-06,0.0,6.13e-06
"Waste incineration of ferro metals, at plant, average European waste-to-energy plant, without collection, transport and pre-treatment",Transport & Packaging,End-of-life treatment > Energy recycling,EU-27,kg,waste incineration of ferro metals,,other,"Process: Waste incineration of ferro metals, at plant, average European waste-to-energy plant, without collection, transport and pre-treatment | Category: End-of-life treatment > Energy recycling | Lifecycle Stage: Transport & Packaging | Location: EU-27 | Materials: other | Unit: 1 kg | Reference Flow: waste incineration of ferro metals | Description:  | Water depletion: 5.4296 | Freshwater ecotoxicity: -0.0358 | Marine ecotoxicity: -0.3892 | Ozone depletion: 0.0 | Marine eutrophication: -0.0685 | Human toxicity: 63.4018 | Particulate matter formation: -1.3903 | Terrestrial acidification: -2.5273 | Climate change: -779.2783 | Terrestrial ecotoxicity: -0.0365 | Photochemical oxidant formation: -2.4527 | Ionising radiation: 48.0438 | Metal depletion: -1214.3253 | Freshwater eutrophication: -0.0003",-0.0,-779.27828946,-0.0,-0.03584877,-0.00031714,63.40175627,48.04375053,-0.38924054,-0.06854228,-1214.32530726,-0.0,3.768e-05,-1.39026752,-2.45271793,-2.52727475,-0.03645438,-0.0,5.42959561
"Process steam from Heavy fuel oil 90 %, consumption mix, at power plant, heat plant, MJ, 90 % efficiency",Product-as-a-Service,Energy carriers and technologies > Heat and steam,HU,MJ,process steam,,other,"Process: Process steam from Heavy fuel oil 90 %, consumption mix, at power plant, heat plant, MJ, 90 % efficiency | Category: Energy carriers and technologies > Heat and steam | Lifecycle Stage: Product-as-a-Service | Location: HU | Materials: other | Unit: 1 MJ | Reference Flow: process steam | Description:  | Water depletion: 0.0001 | Freshwater ecotoxicity: 0.0 | Marine ecotoxicity: 0.0 | Marine eutrophication: 0.0 | Human toxicity: 0.0018 | Particulate matter formation: 0.0001 | Urban land occupation: 0.0 | Agricultural land occupation: 0.0 | Terrestrial acidification: 0.0005 | Climate change: 0.1091 | Terrestrial ecotoxicity: 0.0 | Photochemical oxidant formation: 0.0002 | Ionising radiation: 0.0002 | Metal depletion: 0.0001 | Freshwater eutrophication: 0.0 | Natural land transformation: -0.0",1.225e-05,0.1091084,0.0,5.15e-06,2e-08,0.00180345,0.00020502,2.595e-05,7.4e-06,0.00014571,-8e-08,0.0,0.00013027,0.00021834,0.00050258,2.09e-06,1.838e-05,5.327e-05
"Electricity Mix, consumption mix, at consumer, AC, 1kV - 60kV",Product-as-a-Service,Energy carriers and technologies > Electricity,GR,MJ,electricity mix,,other,"Process: Electricity Mix, consumption mix, at consumer, AC, 1kV - 60kV | Category: Energy carriers and technologies > Electricity | Lifecycle Stage: Product-as-a-Service | Location: GR | Materials: other | Unit: 1 MJ | Reference Flow: electricity mix | Description:  | Water depletion: 0.0016 | Freshwater ecotoxicity: 0.0 | Marine ecotoxicity: 0.0002 | Ozone depletion: 0.0 | Marine eutrophication: 0.0001 | Human toxicity: 0.0381 | Particulate matter formation: 0.0027 | Terrestrial acidification: 0.0099 | Climate change: 1.1121 | Terrestrial ecotoxicity: 0.0 | Photochemical oxidant formation: 0.0029 | Ionising radiation: 0.0136 | Metal depletion: 0.0002 | Freshwater eutrophication: 0.0",0.0,1.11210411,0.0,3.539e-05,1.94e-06,0.03805644,0.01364808,0.0002401,9.113e-05,0.00022155,0.0,1e-08,0.00270214,0.00287137,0.0099314,2.547e-05,0.0,0.00159327
"Pre-cast concrete, production mix, at plant, minimum reinforcement, concrete type C20/25, without consideration of casings",Raw Materials,Systems > Construction,RER,kg,pre-cast concrete,,"concrete, cement","Process: Pre-cast concrete, production mix, at plant, minimum reinforcement, concrete type C20/25, without consideration of casings | Category: Systems > Construction | Lifecycle Stage: Raw Materials | Location: RER | Materials: concrete, cement | Unit: 1 kg | Reference Flow: pre-cast concrete | Description:  | Water depletion: 0.0002 | Freshwater ecotoxicity: 0.0 | Marine ecotoxicity: 0.0 | Marine eutrophication: 0.0 | Human toxicity: 0.0045 | Particulate matter formation: 0.0001 | Terrestrial acidification: 0.0002 | Climate change: 0.1214 | Terrestrial ecotoxicity: 0.0 | Photochemical oxidant formation: 0.0003 | Ionising radiation: 0.003 | Metal depletion: 0.0044 | Freshwater eutrophication: 0.0",0.0,0.12141611,0.0,4.05e-06,8e-08,0.00452048,0.00301336,1.076e-05,1.069e-05,0.0044149,0.0,0.0,9.679e-05,0.00028759,0.0002076,1.29e-06,0.0,0.00018412
"Sand 0/2, production mix, at plant, wet and dry quarry, undried",Raw Materials,Materials production > Other mineral materials,RER,kg,sand 0/2,,other,"Process: Sand 0/2, production mix, at plant, wet and dry quarry, undried | Category: Materials production > Other mineral materials | Lifecycle Stage: Raw Materials | Location: RER | Materials: other | Unit: 1 kg | Reference Flow: sand 0/2 | Description:  | Water depletion: 0.0 | Freshwater ecotoxicity: 0.0 | Marine ecotoxicity: 0.0 | Marine eutrophication: 0.0 | Human toxicity: 0.0001 | Particulate matter formation: 0.0 | Terrestrial acidification: 0.0 | Climate change: 0.0025 | Terrestrial ecotoxicity: 0.0 | Photochemical oxidant formation: 0.0 | Ionising radiation: 0.0005 | Metal depletion: 0.0",0.0,0.00246656,0.0,5e-07,0.0,5.367e-05,0.00046407,5.8e-07,6.1e-07,7e-07,0.0,0.0,6.59e-06,1.767e-05,1.802e-05,4e-08,0.0,4.18e-06
"Gravel 2/32, production mix, at plant, wet and dry quarry, undried",Raw Materials,Materials production > Other mineral materials,RER,kg,gravel 2/32,,other,"Process: Gravel 2/32, production mix, at plant, wet and dry quarry, undried | Category: Materials production > Other mineral materials | Lifecycle Stage: Raw Materials | Location: RER | Materials: other | Unit: 1 kg | Reference Flow: gravel 2/32 | Description:  | Water depletion: 0.0005 | Freshwater ecotoxicity: 0.0 | Marine ecotoxicity: 0.0 | Marine eutrophication: 0.0 | Human toxicity: 0.0001 | Particulate matter formation: 0.0 | Terrestrial acidification: 0.0 | Climate change: 0.0034 | Terrestrial ecotoxicity: 0.0 | Photochemical oxidant formation: 0.0 | Ionising radiation: 0.0008 | Metal depletion: 0.0 | Freshwater eutrophication: 0.0",0.0,0.00342217,0.0,8e-07,1e-08,8.528e-05,0.00075731,7.7e-07,6.7e-07,1e-06,0.0,0.0,8.12e-06,1.935e-05,2.409e-05,6e-08,0.0,0.00052028
"Crushed stone 16/32, production mix, at plant, open pit mining, undried",Raw Materials,Materials production > Other mineral materials,RER,kg,crushed stone 16/32,,other,"Process: Crushed stone 16/32, production mix, at plant, open pit mining, undried | Category: Materials production > Other mineral materials | Lifecycle Stage: Raw Materials | Location: RER | Materials: other | Unit: 1 kg | Reference Flow: crushed stone 16/32 | Description:  | Water depletion: 0.001 | Freshwater ecotoxicity: 0.0 | Marine ecotoxicity: 0.0 | Marine eutrophication: 0.0 | Human toxicity: 0.0004 | Particulate matter formation: 0.0 | Terrestrial acidification: 0.0001 | Climate change: 0.0141 | Terrestrial ecotoxicity: 0.0 | Photochemical oxidant formation: 0.0001 | Ionising radiation: 0.0034 | Metal depletion: 0.0 | Freshwater eutrophication: 0.0",0.0,0.01405313,0.0,3.58e-06,2e-08,0.00037658,0.00339811,2.97e-06,2.37e-06,4.19e-06,0.0,0.0,2.942e-05,6.084e-05,9.516e-05,2.6e-07,0.0,0.00101238
"Aerated concrete block, production mix, at plant, mix of P2 04 and P4 05, average density 433 kg/m3",Raw Materials,Systems > Construction,RER,kg,aerated concrete block,,concrete,"Process: Aerated concrete block, production mix, at plant, mix of P2 04 and P4 05, average density 433 kg/m3 | Category: Systems > Construction | Lifecycle Stage: Raw Materials | Location: RER | Materials: concrete | Unit: 1 kg | Reference Flow: aerated concrete block | Description:  | Water depletion: 0.0013 | Freshwater ecotoxicity: 0.0 | Marine ecotoxicity: 0.0 | Ozone depletion: 0.0 | Marine eutrophication: 0.0 | Human toxicity: 0.0155 | Particulate matter formation: 0.0003 | Terrestrial acidification: 0.0007 | Climate change: 0.4688 | Terrestrial ecotoxicity: 0.0 | Photochemical oxidant formation: 0.0007 | Ionising radiation: 0.0153 | Metal depletion: 0.0396 | Freshwater eutrophication: 0.0",0.0,0.46882461,0.0,2.177e-05,6e-07,0.01551061,0.01528752,4.192e-05,2.482e-05,0.03961958,0.0,2e-08,0.00029246,0.00073403,0.00066983,4.79e-06,0.0,0.00130549
"Lightweight concrete block, production mix, at plant, expanded clay as base material",Raw Materials,Systems > Construction,RER,kg,lightweight concrete block,,concrete,"Process: Lightweight concrete block, production mix, at plant, expanded clay as base material | Category: Systems > Construction | Lifecycle Stage: Raw Materials | Location: RER | Materials: concrete | Unit: 1 kg | Reference Flow: lightweight concrete block | Description:  | Water depletion: 0.0005 | Freshwater ecotoxicity: 0.0 | Marine ecotoxicity: 0.0 | Ozone depletion: 0.0 | Marine eutrophication: 0.0 | Human toxicity: 0.0046 | Particulate matter formation: 0.0004 | Terrestrial acidification: 0.0012 | Climate change: 0.2609 | Terrestrial ecotoxicity: 0.0 | Photochemical oxidant formation: 0.0007 | Ionising radiation: 0.0104 | Metal depletion: 0.009 | Freshwater eutrophication: 0.0",0.0,0.26085705,0.0,1.429e-05,5.3e-07,0.0045781,0.01044171,2.692e-05,2.717e-05,0.00899952,0.0,1e-08,0.0003936,0.00072732,0.00118054,1.89e-06,0.0,0.00048105
"Calcium silicate, production mix, at plant, blocks and elements, density 1400 to 2000 kg/m3",Raw Materials,Systems > Construction,RER,kg,calcium silicate,,other,"Process: Calcium silicate, production mix, at plant, blocks and elements, density 1400 to 2000 kg/m3 | Category: Systems > Construction | Lifecycle Stage: Raw Materials | Location: RER | Materials: other | Unit: 1 kg | Reference Flow: calcium silicate | Description:  | Water depletion: 0.0002 | Freshwater ecotoxicity: 0.0 | Marine ecotoxicity: 0.0 | Marine eutrophication: 0.0 | Human toxicity: 0.0058 | Particulate matter formation: 0.0001 | Terrestrial acidification: 0.0002 | Climate change: 0.1477 | Terrestrial ecotoxicity: 0.0 | Photochemical oxidant formation: 0.0002 | Ionising radiation: 0.0031 | Metal depletion: 0.0015 | Freshwater eutrophication: 0.0",0.0,0.1476599,0.0,7.24e-06,9.5e-07,0.00578819,0.00307454,1.362e-05,6.37e-06,0.00153629,0.0,0.0,6.229e-05,0.00016311,0.00015322,1.27e-06,0.0,0.0001784
"Glass wool, production mix, at plant, fleece, density between 10 to 100 kg/m3",Raw Materials,Systems > Construction,RER,kg,glass wool,,glass,"Process: Glass wool, production mix, at plant, fleece, density between 10 to 100 kg/m3 | Category: Systems > Construction | Lifecycle Stage: Raw Materials | Location: RER | Materials: glass | Unit: 1 kg | Reference Flow: glass wool | Description:  | Water depletion: 0.0083 | Freshwater ecotoxicity: 0.0005 | Marine ecotoxicity: 0.0005 | Ozone depletion: 0.0 | Marine eutrophication: 0.0007 | Human toxicity: 0.0723 | Particulate matter formation: 0.0114 | Terrestrial acidification: 0.0156 | Climate change: 3.3668 | Terrestrial ecotoxicity: 0.0 | Photochemical oxidant formation: 0.0093 | Ionising radiation: 0.4535 | Metal depletion: 0.005 | Freshwater eutrophication: 0.0",0.0,3.36678423,0.0,0.00054259,8.24e-06,0.07226692,0.4534949,0.00048197,0.00066147,0.00502054,0.0,3.8e-07,0.01141287,0.00925072,0.01564957,4.597e-05,0.0,0.00833981
"Rock wool, production mix, at plant, fleece, density between 30 to 180 kg/m3",Raw Materials,Systems > Construction,RER,kg,rock wool,,other,"Process: Rock wool, production mix, at plant, fleece, density between 30 to 180 kg/m3 | Category: Systems > Construction | Lifecycle Stage: Raw Materials | Location: RER | Materials: other | Unit: 1 kg | Reference Flow: rock wool | Description:  | Water depletion: 0.0071 | Freshwater ecotoxicity: 0.0004 | Marine ecotoxicity: 0.0006 | Ozone depletion: 0.0 | Marine eutrophication: 0.0012 | Human toxicity: 0.121 | Particulate matter formation: 0.01 | Terrestrial acidification: 0.0402 | Climate change: 5.0916 | Terrestrial ecotoxicity: 0.0001 | Photochemical oxidant formation: 0.0112 | Ionising radiation: 0.3116 | Metal depletion: 0.1942 | Freshwater eutrophication: 0.0",0.0,5.09157368,0.0,0.00039154,6.85e-06,0.12102717,0.31159449,0.00056524,0.00121251,0.19423199,0.0,2.6e-07,0.01000221,0.01122418,0.04022382,6.854e-05,0.0,0.00707894
"Waste incineration of municipal solid waste (MSW), at plant, average European waste-to-energy plant, without collection, transport and pre-treatment",Transport & Packaging,End-of-life treatment > Energy recycling,EU-27,kg,waste incineration of municipal solid waste (MSW),,other,"Process: Waste incineration of municipal solid waste (MSW), at plant, average European waste-to-energy plant, without collection, transport and pre-treatment | Category: End-of-life treatment > Energy recycling | Lifecycle Stage: Transport & Packaging | Location: EU-27 | Materials: other | Unit: 1 kg | Reference Flow: waste incineration of municipal solid waste (MSW) | Description:  | Water depletion: 0.0031 | Freshwater ecotoxicity: -0.0001 | Marine ecotoxicity: -0.0001 | Ozone depletion: -0.0 | Marine eutrophication: -0.0 | Human toxicity: 0.0008 | Particulate matter formation: -0.0006 | Terrestrial acidification: -0.002 | Climate change: -0.1057 | Terrestrial ecotoxicity: -0.0 | Photochemical oxidant formation: -0.0005 | Ionising radiation: -0.048 | Metal depletion: -0.0814 | Freshwater eutrophication: -0.0",-0.0,-0.10569878,-0.0,-6.332e-05,-6e-07,0.00077497,-0.04801126,-0.00011172,-9.77e-06,-0.08136278,-0.0,-4e-08,-0.00057252,-0.00051797,-0.00199753,-1.307e-05,-0.0,0.00312092
"Waste incineration of paper fraction in municipal solid waste (MSW), at plant, average European waste-to-energy plant, without collection, transport and pre-treatment",Transport & Packaging,End-of-life treatment > Energy recycling,EU-27,kg,waste incineration of paper fraction in municipal solid waste (MSW),,paper,"Process: Waste incineration of paper fraction in municipal solid waste (MSW), at plant, average European waste-to-energy plant, without collection, transport and pre-treatment | Category: End-of-life treatment > Energy recycling | Lifecycle Stage: Transport & Packaging | Location: EU-27 | Materials: paper | Unit: 1 kg | Reference Flow: waste incineration of paper fraction in municipal solid waste (MSW) | Description:  | Water depletion: 0.003 | Freshwater ecotoxicity: -0.0001 | Marine ecotoxicity: -0.0001 | Ozone depletion: -0.0 | Marine eutrophication: -0.0 | Human toxicity: -0.011 | Particulate matter formation: -0.0006 | Terrestrial acidification: -0.0022 | Climate change: -0.4302 | Terrestrial ecotoxicity: -0.0 | Photochemical oxidant formation: -0.0007 | Ionising radiation: -0.052 | Metal depletion: -0.0034 | Freshwater eutrophication: -0.0",-0.0,-0.43022963,-0.0,-5.98e-05,-6.5e-07,-0.01103613,-0.05202437,-6.138e-05,-1.909e-05,-0.00337358,-0.0,-4e-08,-0.00061635,-0.0007181,-0.00218849,-8.34e-06,-0.0,0.00304683
"Waste incineration of biodegradable waste fraction in municipal solid waste (MSW), at plant, average European waste-to-energy plant, without collection, transport and pre-treatment",Transport & Packaging,End-of-life treatment > Energy recycling,EU-27,kg,waste incineration of biodegradable waste fraction in municipal solid waste (MSW),,other,"Process: Waste incineration of biodegradable waste fraction in municipal solid waste (MSW), at plant, average European waste-to-energy plant, without collection, transport and pre-treatment | Category: End-of-life treatment > Energy recycling | Lifecycle Stage: Transport & Packaging | Location: EU-27 | Materials: other | Unit: 1 kg | Reference Flow: waste incineration of biodegradable waste fraction in municipal solid waste (MSW) | Description:  | Water depletion: 0.003 | Freshwater ecotoxicity: -0.0 | Marine ecotoxicity: -0.0 | Ozone depletion: -0.0 | Marine eutrophication: 0.0 | Human toxicity: -0.0032 | Particulate matter formation: -0.0001 | Terrestrial acidification: -0.0005 | Climate change: -0.1415 | Terrestrial ecotoxicity: -0.0 | Photochemical oxidant formation: 0.0002 | Ionising radiation: -0.0203 | Metal depletion: -0.0012 | Freshwater eutrophication: -0.0",-0.0,-0.14146149,-0.0,-2.256e-05,-1.6e-07,-0.00320813,-0.02032578,-1.922e-05,1.511e-05,-0.00118095,-0.0,-2e-08,-9.888e-05,0.00023312,-0.00050311,-2.88e-06,-0.0,0.00301627
"Waste incineration of textile fraction in municipal solid waste (MSW), at plant, average European waste-to-energy plant, without collection, transport and pre-treatment",Transport & Packaging,End-of-life treatment > Energy recycling,EU-27,kg,waste incineration of textile fraction in municipal solid waste (MSW),,other,"Process: Waste incineration of textile fraction in municipal solid waste (MSW), at plant, average European waste-to-energy plant, without collection, transport and pre-treatment | Category: End-of-life treatment > Energy recycling | Lifecycle Stage: Transport & Packaging | Location: EU-27 | Materials: other | Unit: 1 kg | Reference Flow: waste incineration of textile fraction in municipal solid waste (MSW) | Description:  | Water depletion: 0.0032 | Freshwater ecotoxicity: -0.0001 | Marine ecotoxicity: -0.0001 | Ozone depletion: -0.0 | Marine eutrophication: 0.0 | Human toxicity: -0.0036 | Particulate matter formation: -0.0007 | Terrestrial acidification: -0.0028 | Climate change: -0.3406 | Terrestrial ecotoxicity: -0.0 | Photochemical oxidant formation: -0.0002 | Ionising radiation: -0.0832 | Metal depletion: -0.004 | Freshwater eutrophication: -0.0",-0.0,-0.34061404,-0.0,-9.507e-05,-1.02e-06,-0.00362666,-0.08324451,-7.412e-05,1.23e-05,-0.00400912,-0.0,-7e-08,-0.00069066,-0.00015106,-0.00280074,-1.003e-05,-0.0,0.00322255
"Waste incineration of plastics (unspecified) fraction in municipal solid waste (MSW), at plant, average European waste-to-energy plant, without collection, transport and pre-treatment",Transport & Packaging,End-of-life treatment > Energy recycling,EU-27,kg,waste incineration of plastics (unspecified) fraction in municipal solid waste (MSW),,plastic,"Process: Waste incineration of plastics (unspecified) fraction in municipal solid waste (MSW), at plant, average European waste-to-energy plant, without collection, transport and pre-treatment | Category: End-of-life treatment > Energy recycling | Lifecycle Stage: Transport & Packaging | Location: EU-27 | Materials: plastic | Unit: 1 kg | Reference Flow: waste incineration of plastics (unspecified) fraction in municipal solid waste (MSW) | Description:  | Water depletion: 0.0035 | Freshwater ecotoxicity: -0.0002 | Marine ecotoxicity: -0.0002 | Ozone depletion: -0.0 | Marine eutrophication: -0.0001 | Human toxicity: -0.0382 | Particulate matter formation: -0.0021 | Terrestrial acidification: -0.0077 | Climate change: 0.6752 | Terrestrial ecotoxicity: -0.0 | Photochemical oxidant formation: -0.003 | Ionising radiation: -0.1732 | Metal depletion: -0.0069 | Freshwater eutrophication: -0.0",-0.0,0.67522735,-0.0,-0.00020109,-2.46e-06,-0.03821761,-0.17318514,-0.00019313,-9.038e-05,-0.00687756,-0.0,-1.4e-07,-0.00210265,-0.00297498,-0.00766644,-2.705e-05,-0.0,0.00351276
"Waste incineration of plastics (PE, PP, PS, PB), at plant, average European waste-to-energy plant, without collection, transport and pre-treatment",Transport & Packaging,End-of-life treatment > Energy recycling,EU-27,kg,"waste incineration of plastics (PE, PP, PS, PB)",,plastic,"Process: Waste incineration of plastics (PE, PP, PS, PB), at plant, average European waste-to-energy plant, without collection, transport and pre-treatment | Category: End-of-life treatment > Energy recycling | Lifecycle Stage: Transport & Packaging | Location: EU-27 | Materials: plastic | Unit: 1 kg | Reference Flow: waste incineration of plastics (PE, PP, PS, PB) | Description:  | Water depletion: 0.0037 | Freshwater ecotoxicity: -0.0003 | Marine ecotoxicity: -0.0003 | Ozone depletion: -0.0 | Marine eutrophication: -0.0002 | Human toxicity: -0.0624 | Particulate matter formation: -0.0032 | Terrestrial acidification: -0.0116 | Climate change: 0.8631 | Terrestrial ecotoxicity: 0.0 | Photochemical oxidant formation: -0.0049 | Ionising radiation: -0.2537 | Metal depletion: -0.0007 | Freshwater eutrophication: -0.0",-0.0,0.86311789,-0.0,-0.00029055,-3.69e-06,-0.06239195,-0.25370591,-0.00027766,-0.00015722,-0.00074028,-0.0,-2.1e-07,-0.00318645,-0.00491508,-0.01157707,-3.973e-05,-0.0,0.00371857
"Waste incineration of plastics (PET, PMMA, PC), at plant, average European waste-to-energy plant, without collection, transport and pre-treatment",Transport & Packaging,End-of-life treatment > Energy recycling,EU-27,kg,"waste incineration of plastics (PET, PMMA, PC)",,plastic,"Process: Waste incineration of plastics (PET, PMMA, PC), at plant, average European waste-to-energy plant, without collection, transport and pre-treatment | Category: End-of-life treatment > Energy recycling | Lifecycle Stage: Transport & Packaging | Location: EU-27 | Materials: plastic | Unit: 1 kg | Reference Flow: waste incineration of plastics (PET, PMMA, PC) | Description:  | Water depletion: 0.0034 | Freshwater ecotoxicity: -0.0002 | Marine ecotoxicity: -0.0002 | Ozone depletion: -0.0 | Marine eutrophication: -0.0001 | Human toxicity: -0.0364 | Particulate matter formation: -0.0018 | Terrestrial acidification: -0.0067 | Climate change: 1.0388 | Terrestrial ecotoxicity: -0.0 | Photochemical oxidant formation: -0.0028 | Ionising radiation: -0.1485 | Metal depletion: -0.0004 | Freshwater eutrophication: -0.0",-0.0,1.03881498,-0.0,-0.0001698,-2.12e-06,-0.03644345,-0.14848073,-0.00016155,-8.918e-05,-0.00042812,-0.0,-1.2e-07,-0.00184854,-0.0028131,-0.00672844,-2.321e-05,-0.0,0.00338384
"Waste incineration of plastics (Nylon 6, Nylon 66, PAN), at plant, average European waste-to-energy plant, without collection, transport and pre-treatment",Transport & Packaging,End-of-life treatment > Energy recycling,EU-27,kg,"waste incineration of plastics (Nylon 6, Nylon 66, PAN)",,plastic,"Process: Waste incineration of plastics (Nylon 6, Nylon 66, PAN), at plant, average European waste-to-energy plant, without collection, transport and pre-treatment | Category: End-of-life treatment > Energy recycling | Lifecycle Stage: Transport & Packaging | Location: EU-27 | Materials: plastic | Unit: 1 kg | Reference Flow: waste incineration of plastics (Nylon 6, Nylon 66, PAN) | Description:  | Water depletion: 0.0037 | Freshwater ecotoxicity: -0.0002 | Marine ecotoxicity: -0.0002 | Ozone depletion: -0.0 | Marine eutrophication: 0.0003 | Human toxicity: -0.0366 | Particulate matter formation: -0.0001 | Terrestrial acidification: -0.0022 | Climate change: 0.9948 | Terrestrial ecotoxicity: -0.0 | Photochemical oxidant formation: 0.0053 | Ionising radiation: -0.1695 | Metal depletion: -0.0004 | Freshwater eutrophication: -0.0",-0.0,0.99477256,-0.0,-0.00018853,-1.69e-06,-0.03661611,-0.16950863,-0.0001676,0.00026896,-0.00037556,-0.0,-1.4e-07,-7.975e-05,0.00527736,-0.00223987,-2.354e-05,-0.0,0.00370135
"Waste incineration of plastics (Nylon 6 GF 30, Nylon 66 GF 30), at plant, average European waste-to-energy plant, without collection, transport and pre-treatment",Transport & Packaging,End-of-life treatment > Energy recycling,EU-27,kg,"waste incineration of plastics (Nylon 6 GF 30, Nylon 66 GF 30)",,plastic,"Process: Waste incineration of plastics (Nylon 6 GF 30, Nylon 66 GF 30), at plant, average European waste-to-energy plant, without collection, transport and pre-treatment | Category: End-of-life treatment > Energy recycling | Lifecycle Stage: Transport & Packaging | Location: EU-27 | Materials: plastic | Unit: 1 kg | Reference Flow: waste incineration of plastics (Nylon 6 GF 30, Nylon 66 GF 30) | Description:  | Water depletion: 0.0034 | Freshwater ecotoxicity: -0.0001 | Marine ecotoxicity: -0.0001 | Ozone depletion: -0.0 | Marine eutrophication: 0.0001 | Human toxicity: -0.0239 | Particulate matter formation: -0.0003 | Terrestrial acidification: -0.0022 | Climate change: 0.6471 | Terrestrial ecotoxicity: -0.0 | Photochemical oxidant formation: 0.0026 | Ionising radiation: -0.1136 | Metal depletion: -0.0009 | Freshwater eutrophication: -0.0",-0.0,0.64709318,-0.0,-0.00012688,-1.19e-06,-0.02386951,-0.11361742,-0.00011387,0.0001379,-0.00088593,-0.0,-9e-08,-0.00027861,0.00256591,-0.00215072,-1.618e-05,-0.0,0.00340893
"Waste incineration of plastics (rigid PVC), at plant, average European waste-to-energy plant, without collection, transport and pre-treatment",Transport & Packaging,End-of-life treatment > Energy recycling,EU-27,kg,waste incineration of plastics (rigid PVC),,plastic,"Process: Waste incineration of plastics (rigid PVC), at plant, average European waste-to-energy plant, without collection, transport and pre-treatment | Category: End-of-life treatment > Energy recycling | Lifecycle Stage: Transport & Packaging | Location: EU-27 | Materials: plastic | Unit: 1 kg | Reference Flow: waste incineration of plastics (rigid PVC) | Description:  | Water depletion: 0.0071 | Freshwater ecotoxicity: 0.0 | Marine ecotoxicity: -0.0001 | Ozone depletion: -0.0 | Marine eutrophication: -0.0 | Human toxicity: -0.0083 | Particulate matter formation: -0.0005 | Terrestrial acidification: -0.0027 | Climate change: 1.6988 | Terrestrial ecotoxicity: -0.0 | Photochemical oxidant formation: -0.0005 | Ionising radiation: -0.0434 | Metal depletion: 0.0007 | Freshwater eutrophication: -0.0",-0.0,1.69880168,-0.0,-4.256e-05,-8.4e-07,-0.00827523,-0.0434043,-5.439e-05,-1.144e-05,0.0007259,-0.0,-3e-08,-0.00051504,-0.00047102,-0.00273628,-8.59e-06,-0.0,0.00708992
"Waste incineration of ferro metals, at plant, average European waste-to-energy plant, without collection, transport and pre-treatment",Transport & Packaging,End-of-life treatment > Energy recycling,EU-27,kg,waste incineration of ferro metals,,other,"Process: Waste incineration of ferro metals, at plant, average European waste-to-energy plant, without collection, transport and pre-treatment | Category: End-of-life treatment > Energy recycling | Lifecycle Stage: Transport & Packaging | Location: EU-27 | Materials: other | Unit: 1 kg | Reference Flow: waste incineration of ferro metals | Description:  | Water depletion: 0.0056 | Freshwater ecotoxicity: -0.0 | Marine ecotoxicity: -0.0004 | Ozone depletion: 0.0 | Marine eutrophication: -0.0001 | Human toxicity: 0.0678 | Particulate matter formation: -0.0012 | Terrestrial acidification: -0.0017 | Climate change: -0.6241 | Terrestrial ecotoxicity: 0.0 | Photochemical oxidant formation: -0.0021 | Ionising radiation: 0.0636 | Metal depletion: -1.2143 | Freshwater eutrophication: -0.0",-0.0,-0.62412185,-0.0,-1.77e-05,-6e-08,0.06776306,0.06363258,-0.00037082,-5.725e-05,-1.21427553,-0.0,5e-08,-0.00117685,-0.00211611,-0.00174928,-3.375e-05,-0.0,0.00560919
"Waste incineration of glass/inert material, at plant, average European waste-to-energy plant, without collection, transport and pre-treatment",Transport & Packaging,End-of-life treatment > Energy recycling,EU-27,kg,waste incineration of glass/inert material,,glass,"Process: Waste incineration of glass/inert material, at plant, average European waste-to-energy plant, without collection, transport and pre-treatment | Category: End-of-life treatment > Energy recycling | Lifecycle Stage: Transport & Packaging | Location: EU-27 | Materials: glass | Unit: 1 kg | Reference Flow: waste incineration of glass/inert material | Description:  | Water depletion: 0.0028 | Freshwater ecotoxicity: 0.0 | Marine ecotoxicity: 0.0 | Ozone depletion: 0.0 | Marine eutrophication: 0.0 | Human toxicity: 0.0082 | Particulate matter formation: 0.0002 | Terrestrial acidification: 0.0005 | Climate change: 0.126 | Terrestrial ecotoxicity: 0.0 | Photochemical oxidant formation: 0.0004 | Ionising radiation: 0.0105 | Metal depletion: -0.0021 | Freshwater eutrophication: 0.0",-0.0,0.12598836,-0.0,1.232e-05,2.7e-07,0.00817986,0.01046917,1.062e-05,1.608e-05,-0.00209149,-0.0,1e-08,0.00018463,0.00041945,0.00051458,1.4e-06,-0.0,0.00284305
"Waste incineration of untreated wood (10,7% water content), at plant, average European waste-to-energy plant, without collection, transport and pre-treatment",Transport & Packaging,End-of-life treatment > Energy recycling,EU-27,kg,waste incineration of untreated wood (10.7% water content),,"wood, water","Process: Waste incineration of untreated wood (10,7% water content), at plant, average European waste-to-energy plant, without collection, transport and pre-treatment | Category: End-of-life treatment > Energy recycling | Lifecycle Stage: Transport & Packaging | Location: EU-27 | Materials: wood, water | Unit: 1 kg | Reference Flow: waste incineration of untreated wood (10.7% water content) | Description:  | Water depletion: 0.0032 | Freshwater ecotoxicity: -0.0001 | Marine ecotoxicity: -0.0001 | Ozone depletion: -0.0 | Marine eutrophication: 0.0 | Human toxicity: -0.0141 | Particulate matter formation: -0.001 | Terrestrial acidification: -0.0038 | Climate change: -0.7785 | Terrestrial ecotoxicity: -0.0 | Photochemical oxidant formation: -0.0015 | Ionising radiation: -0.0867 | Metal depletion: -0.0007 | Freshwater eutrophication: -0.0",-0.0,-0.77850398,-0.0,-9.892e-05,-1.19e-06,-0.01414423,-0.08669483,-8.576e-05,-4.683e-05,-0.00069786,-0.0,-7e-08,-0.001049,-0.00152451,-0.00384182,-1.217e-05,-0.0,0.00319027
"Waste incineration of wood products (OSB, particle board), at plant, average European waste-to-energy plant, without collection, transport and pre-treatment",Transport & Packaging,End-of-life treatment > Energy recycling,EU-27,kg,"waste incineration of wood products (OSB, particle board)",,wood,"Process: Waste incineration of wood products (OSB, particle board), at plant, average European waste-to-energy plant, without collection, transport and pre-treatment | Category: End-of-life treatment > Energy recycling | Lifecycle Stage: Transport & Packaging | Location: EU-27 | Materials: wood | Unit: 1 kg | Reference Flow: waste incineration of wood products (OSB, particle board) | Description:  | Water depletion: 0.0032 | Freshwater ecotoxicity: -0.0001 | Marine ecotoxicity: -0.0001 | Ozone depletion: -0.0 | Marine eutrophication: -0.0 | Human toxicity: -0.0151 | Particulate matter formation: -0.0009 | Terrestrial acidification: -0.0035 | Climate change: -0.79 | Terrestrial ecotoxicity: -0.0 | Photochemical oxidant formation: -0.0008 | Ionising radiation: -0.0908 | Metal depletion: -0.0007 | Freshwater eutrophication: -0.0",-0.0,-0.79000732,-0.0,-0.00010307,-1.18e-06,-0.01506157,-0.09076436,-8.902e-05,-1.372e-05,-0.00067323,-0.0,-7e-08,-0.0009049,-0.00078719,-0.00350473,-1.26e-05,-0.0,0.00322704
"Landfill of municipal solid waste, AT, DE, IT, LU, NL, SE, CH technology mix, at landfill site, landfill including landfill gas utilisation and leachate treatment, without collection, transport and   pre-treatment",Transport & Packaging,End-of-life treatment > Landfilling,EU-27,kg,municipal solid waste deposition,,other,"Process: Landfill of municipal solid waste, AT, DE, IT, LU, NL, SE, CH technology mix, at landfill site, landfill including landfill gas utilisation and leachate treatment, without collection, transport and   pre-treatment | Category: End-of-life treatment > Landfilling | Lifecycle Stage: Transport & Packaging | Location: EU-27 | Materials: other | Unit: 1 kg | Reference Flow: municipal solid waste deposition | Description:  | Water depletion: 0.0002 | Freshwater ecotoxicity: 0.0 | Marine ecotoxicity: 0.0 | Marine eutrophication: 0.0003 | Human toxicity: 0.0015 | Particulate matter formation: 0.0004 | Terrestrial acidification: 0.0003 | Climate change: 0.8068 | Terrestrial ecotoxicity: 0.0 | Photochemical oxidant formation: 0.0006 | Ionising radiation: 0.0027 | Metal depletion: 0.001 | Freshwater eutrophication: 0.0005",-0.0,0.80675726,-0.0,5.67e-06,0.00054145,0.00147551,0.00273518,7.97e-06,0.00030036,0.00100843,-0.0,0.0,0.00038781,0.00059981,0.00030353,5.7e-07,-0.0,0.00023874
"Landfill of municipal solid waste, ES, GR, PT technology mix, at landfill site, landfill including landfill gas utilisation and leachate treatment, without collection, transport and   pre-treatment",Transport & Packaging,End-of-life treatment > Landfilling,EU-27,kg,municipal solid waste deposition,,other,"Process: Landfill of municipal solid waste, ES, GR, PT technology mix, at landfill site, landfill including landfill gas utilisation and leachate treatment, without collection, transport and   pre-treatment | Category: End-of-life treatment > Landfilling | Lifecycle Stage: Transport & Packaging | Location: EU-27 | Materials: other | Unit: 1 kg | Reference Flow: municipal solid waste deposition | Description:  | Water depletion: 0.0001 | Freshwater ecotoxicity: 0.0 | Marine ecotoxicity: 0.0 | Marine eutrophication: 0.0001 | Human toxicity: 0.0011 | Particulate matter formation: 0.0003 | Terrestrial acidification: 0.0002 | Climate change: 1.0656 | Terrestrial ecotoxicity: 0.0 | Photochemical oxidant formation: 0.0006 | Ionising radiation: 0.0018 | Metal depletion: 0.001 | Freshwater eutrophication: 0.0007",-0.0,1.06560599,-0.0,2.99e-06,0.00065924,0.00107242,0.00179225,5.16e-06,7.212e-05,0.00099868,-0.0,0.0,0.00034704,0.00059801,0.00019853,4.7e-07,-0.0,0.00012016
"Landfill of municipal solid waste, FR, GB, IE, FI, NO technology mix, at landfill site, landfill including landfill gas utilisation and leachate treatment, without collection, transport and   pre-treatment",Transport & Packaging,End-of-life treatment > Landfilling,EU-27,kg,municipal solid waste deposition,,other,"Process: Landfill of municipal solid waste, FR, GB, IE, FI, NO technology mix, at landfill site, landfill including landfill gas utilisation and leachate treatment, without collection, transport and   pre-treatment | Category: End-of-life treatment > Landfilling | Lifecycle Stage: Transport & Packaging | Location: EU-27 | Materials: other | Unit: 1 kg | Reference Flow: municipal solid waste deposition | Description:  | Water depletion: 0.0002 | Freshwater ecotoxicity: 0.0 | Marine ecotoxicity: 0.0 | Marine eutrophication: 0.0002 | Human toxicity: 0.0012 | Particulate matter formation: 0.0004 | Terrestrial acidification: 0.0003 | Climate change: 0.7975 | Terrestrial ecotoxicity: 0.0 | Photochemical oxidant formation: 0.0006 | Ionising radiation: 0.0025 | Metal depletion: 0.001 | Freshwater eutrophication: 0.0004",-0.0,0.79749836,-0.0,5.08e-06,0.00043022,0.00123907,0.00253627,6.96e-06,0.00024398,0.00100626,-0.0,0.0,0.00038594,0.00059193,0.00029779,5.2e-07,-0.0,0.00023604
"Landfill of paper waste, at landfill site, landfill including landfill gas utilisation and leachate treatment and without collection, transport and   pre-treatment",Transport & Packaging,End-of-life treatment > Landfilling,EU-27,kg,landfill of paper waste,,paper,"Process: Landfill of paper waste, at landfill site, landfill including landfill gas utilisation and leachate treatment and without collection, transport and   pre-treatment | Category: End-of-life treatment > Landfilling | Lifecycle Stage: Transport & Packaging | Location: EU-27 | Materials: paper | Unit: 1 kg | Reference Flow: landfill of paper waste | Description:  | Water depletion: 0.0003 | Freshwater ecotoxicity: 0.0 | Marine ecotoxicity: 0.0 | Marine eutrophication: 0.0002 | Human toxicity: 0.0008 | Particulate matter formation: 0.0005 | Terrestrial acidification: 0.0004 | Climate change: 0.9904 | Terrestrial ecotoxicity: 0.0 | Photochemical oxidant formation: 0.0007 | Ionising radiation: 0.0036 | Metal depletion: 0.0013 | Freshwater eutrophication: 0.0001",-0.0,0.99041629,-0.0,6.2e-06,8.811e-05,0.00084658,0.00358742,9.04e-06,0.00015704,0.00132334,-0.0,0.0,0.00049749,0.00072442,0.00037219,4.8e-07,-0.0,0.00029216
"Landfill of biodegradable waste, at landfill site, landfill including landfill gas utilisation and leachate treatment and without collection, transport and   pre-treatment",Transport & Packaging,End-of-life treatment > Landfilling,EU-27,kg,landfill of biodegradable waste,,other,"Process: Landfill of biodegradable waste, at landfill site, landfill including landfill gas utilisation and leachate treatment and without collection, transport and   pre-treatment | Category: End-of-life treatment > Landfilling | Lifecycle Stage: Transport & Packaging | Location: EU-27 | Materials: other | Unit: 1 kg | Reference Flow: landfill of biodegradable waste | Description:  | Water depletion: 0.0002 | Freshwater ecotoxicity: 0.0 | Marine ecotoxicity: 0.0 | Marine eutrophication: 0.0004 | Human toxicity: 0.0007 | Particulate matter formation: 0.0005 | Terrestrial acidification: 0.0003 | Climate change: 0.5771 | Terrestrial ecotoxicity: 0.0 | Photochemical oxidant formation: 0.0005 | Ionising radiation: 0.0036 | Metal depletion: 0.0013 | Freshwater eutrophication: 0.0005",-0.0,0.57706923,-0.0,5.8e-06,0.00045867,0.00074299,0.00358742,8.67e-06,0.00042428,0.00132333,-0.0,0.0,0.00047188,0.00049199,0.00031015,4.1e-07,-0.0,0.00021612
"Landfill of textiles, at landfill site, landfill including landfill gas utilisation and leachate treatment and without collection, transport and   pre-treatment",Transport & Packaging,End-of-life treatment > Landfilling,EU-27,kg,landfill of textiles,,other,"Process: Landfill of textiles, at landfill site, landfill including landfill gas utilisation and leachate treatment and without collection, transport and   pre-treatment | Category: End-of-life treatment > Landfilling | Lifecycle Stage: Transport & Packaging | Location: EU-27 | Materials: other | Unit: 1 kg | Reference Flow: landfill of textiles | Description:  | Water depletion: 0.0003 | Freshwater ecotoxicity: 0.0 | Marine ecotoxicity: 0.0 | Marine eutrophication: 0.0009 | Human toxicity: 0.0009 | Particulate matter formation: 0.0005 | Terrestrial acidification: 0.0004 | Climate change: 1.0223 | Terrestrial ecotoxicity: 0.0 | Photochemical oxidant formation: 0.0007 | Ionising radiation: 0.0036 | Metal depletion: 0.0013 | Freshwater eutrophication: 0.0001",-0.0,1.02230556,-0.0,6.44e-06,0.00014987,0.00089721,0.00358742,9.26e-06,0.00088932,0.00132334,-0.0,0.0,0.00049931,0.00074237,0.00037662,5.5e-07,-0.0,0.00029758
"Process steam from heavy fuel oil, consumption mix, at plant, heat plant, MJ",Product-as-a-Service,Energy carriers and technologies > Heat and steam,FI,MJ,process steam from heavy fuel oil,,other,"Process: Process steam from heavy fuel oil, consumption mix, at plant, heat plant, MJ | Category: Energy carriers and technologies > Heat and steam | Lifecycle Stage: Product-as-a-Service | Location: FI | Materials: other | Unit: 1 MJ | Reference Flow: process steam from heavy fuel oil | Description:  | Water depletion: 0.0 | Freshwater ecotoxicity: 0.0 | Marine ecotoxicity: 0.0001 | Marine eutrophication: 0.0 | Human toxicity: 0.005 | Particulate matter formation: 0.0002 | Terrestrial acidification: 0.0007 | Climate change: 0.0987 | Terrestrial ecotoxicity: 0.0 | Photochemical oxidant formation: 0.0002 | Ionising radiation: 0.0003 | Metal depletion: 0.0 | Freshwater eutrophication: 0.0",0.0,0.09872002,0.0,3.73e-06,6.7e-07,0.00495997,0.00034488,5.288e-05,7.84e-06,4.471e-05,0.0,0.0,0.00016577,0.00024821,0.00069077,3.25e-06,0.0,4.35e-06
"Process steam from heavy fuel oil, consumption mix, at plant, heat plant, MJ",Product-as-a-Service,Energy carriers and technologies > Heat and steam,NL,MJ,process steam from heavy fuel oil,,other,"Process: Process steam from heavy fuel oil, consumption mix, at plant, heat plant, MJ | Category: Energy carriers and technologies > Heat and steam | Lifecycle Stage: Product-as-a-Service | Location: NL | Materials: other | Unit: 1 MJ | Reference Flow: process steam from heavy fuel oil | Description:  | Water depletion: 0.0 | Freshwater ecotoxicity: 0.0 | Marine ecotoxicity: 0.0 | Marine eutrophication: 0.0 | Human toxicity: 0.0021 | Particulate matter formation: 0.0001 | Terrestrial acidification: 0.0002 | Climate change: 0.0976 | Terrestrial ecotoxicity: 0.0 | Photochemical oxidant formation: 0.0001 | Ionising radiation: 0.0001 | Metal depletion: 0.0 | Freshwater eutrophication: 0.0",0.0,0.09756347,0.0,2.34e-06,2.7e-07,0.00206637,6.394e-05,4.219e-05,4.39e-06,2.166e-05,0.0,0.0,6.525e-05,0.00011048,0.00023711,1.99e-06,0.0,3.73e-06
"Electricity grid mix 1kV-60kV, consumption mix, at consumer, AC, 1kV - 60kV",Product-as-a-Service,Energy carriers and technologies > Electricity,PL,MJ,Electricity,,other,"Process: Electricity grid mix 1kV-60kV, consumption mix, at consumer, AC, 1kV - 60kV | Category: Energy carriers and technologies > Electricity | Lifecycle Stage: Product-as-a-Service | Location: PL | Materials: other | Unit: 1 MJ | Reference Flow: Electricity | Description:  | Water depletion: 0.0022 | Freshwater ecotoxicity: 0.0 | Marine ecotoxicity: 0.0001 | Marine eutrophication: 0.0001 | Human toxicity: 0.0237 | Particulate matter formation: 0.0015 | Urban land occupation: 0.0002 | Agricultural land occupation: 0.0001 | Terrestrial acidification: 0.0055 | Climate change: 1.0371 | Terrestrial ecotoxicity: 0.0 | Photochemical oxidant formation: 0.0025 | Ionising radiation: 0.0065 | Metal depletion: 0.0006 | Freshwater eutrophication: 0.0 | Natural land transformation: -0.0",0.00010088,1.03712274,0.0,3.222e-05,2e-08,0.02368084,0.00653315,0.00010715,9.039e-05,0.00058746,-2.545e-05,0.0,0.00154275,0.00252442,0.00551486,1.9e-05,0.00015131,0.00223363
"Gypsum plaster (CaSO4 alpha hemihydrates), production mix, at plant, via calcination of calcium sulphate dihydrate, grinded and purified product",Raw Materials,Systems > Construction,DE,kg,gypsum plaster (CaSO4 alpha hemihydrates),,other,"Process: Gypsum plaster (CaSO4 alpha hemihydrates), production mix, at plant, via calcination of calcium sulphate dihydrate, grinded and purified product | Category: Systems > Construction | Lifecycle Stage: Raw Materials | Location: DE | Materials: other | Unit: 1 kg | Reference Flow: gypsum plaster (CaSO4 alpha hemihydrates) | Description:  | Water depletion: 0.0003 | Freshwater ecotoxicity: 0.0 | Marine ecotoxicity: 0.0 | Ozone depletion: 0.0 | Marine eutrophication: 0.0 | Human toxicity: 0.0018 | Particulate matter formation: 0.0001 | Terrestrial acidification: 0.0003 | Climate change: 0.2458 | Terrestrial ecotoxicity: 0.0 | Photochemical oxidant formation: 0.0002 | Ionising radiation: 0.0075 | Metal depletion: 0.0001 | Freshwater eutrophication: 0.0",0.0,0.24578677,0.0,1.337e-05,9.8e-07,0.00178308,0.00749788,2.642e-05,9.22e-06,0.00012071,0.0,1e-08,8.665e-05,0.00024508,0.00027098,1.08e-06,0.0,0.00026125
"Process steam from heavy fuel oil, consumption mix, at plant, heat plant, MJ",Product-as-a-Service,Energy carriers and technologies > Heat and steam,LT,MJ,process steam from heavy fuel oil,,other,"Process: Process steam from heavy fuel oil, consumption mix, at plant, heat plant, MJ | Category: Energy carriers and technologies > Heat and steam | Lifecycle Stage: Product-as-a-Service | Location: LT | Materials: other | Unit: 1 MJ | Reference Flow: process steam from heavy fuel oil | Description:  | Water depletion: 0.0 | Freshwater ecotoxicity: 0.0 | Marine ecotoxicity: 0.0002 | Marine eutrophication: 0.0 | Human toxicity: 0.0114 | Particulate matter formation: 0.0002 | Terrestrial acidification: 0.0008 | Climate change: 0.1006 | Terrestrial ecotoxicity: 0.0 | Photochemical oxidant formation: 0.0003 | Ionising radiation: 0.0003 | Metal depletion: 0.0001 | Freshwater eutrophication: 0.0",0.0,0.10058874,0.0,1.088e-05,1.12e-06,0.01137696,0.00032394,0.0001697,9.92e-06,6.893e-05,0.0,0.0,0.00020011,0.00030682,0.00075301,1.423e-05,0.0,6.65e-06
"Process steam from light fuel oil, consumption mix, at plant, heat plant, MJ",Product-as-a-Service,Energy carriers and technologies > Heat and steam,EU-27,MJ,process steam from light fuel oil,,other,"Process: Process steam from light fuel oil, consumption mix, at plant, heat plant, MJ | Category: Energy carriers and technologies > Heat and steam | Lifecycle Stage: Product-as-a-Service | Location: EU-27 | Materials: other | Unit: 1 MJ | Reference Flow: process steam from light fuel oil | Description:  | Water depletion: 0.0 | Freshwater ecotoxicity: 0.0 | Marine ecotoxicity: 0.0 | Marine eutrophication: 0.0 | Human toxicity: 0.0004 | Particulate matter formation: 0.0001 | Terrestrial acidification: 0.0002 | Climate change: 0.0933 | Terrestrial ecotoxicity: 0.0 | Photochemical oxidant formation: 0.0003 | Ionising radiation: 0.0002 | Metal depletion: 0.0 | Freshwater eutrophication: 0.0",0.0,0.09325795,0.0,2.14e-06,2.9e-07,0.00040988,0.00024082,2.626e-05,9.46e-06,2.657e-05,0.0,0.0,8.055e-05,0.00025398,0.00024271,3.8e-07,0.0,6.76e-06
"Process steam from Heavy fuel oil 90 %, consumption mix, at power plant, heat plant, MJ, 90 % efficiency",Product-as-a-Service,Energy carriers and technologies > Heat and steam,RO,MJ,process steam,,other,"Process: Process steam from Heavy fuel oil 90 %, consumption mix, at power plant, heat plant, MJ, 90 % efficiency | Category: Energy carriers and technologies > Heat and steam | Lifecycle Stage: Product-as-a-Service | Location: RO | Materials: other | Unit: 1 MJ | Reference Flow: process steam | Description:  | Water depletion: 0.0001 | Freshwater ecotoxicity: 0.0 | Marine ecotoxicity: 0.0002 | Marine eutrophication: 0.0 | Human toxicity: 0.0099 | Particulate matter formation: 0.0002 | Urban land occupation: 0.0 | Agricultural land occupation: 0.0 | Terrestrial acidification: 0.0008 | Climate change: 0.099 | Terrestrial ecotoxicity: 0.0 | Photochemical oxidant formation: 0.0003 | Ionising radiation: 0.0002 | Metal depletion: 0.0001 | Freshwater eutrophication: 0.0 | Natural land transformation: -0.0",8.83e-06,0.09901013,0.0,1.171e-05,2e-08,0.00991801,0.00015241,0.00015933,1.087e-05,0.00011989,-1.1e-07,0.0,0.00021846,0.00033243,0.00080952,1.395e-05,1.325e-05,5.488e-05
"Electricity grid mix, consumption mix, at consumer, AC, 230V",Product-as-a-Service,Energy carriers and technologies > Electricity,LT,MJ,Electricity,,other,"Process: Electricity grid mix, consumption mix, at consumer, AC, 230V | Category: Energy carriers and technologies > Electricity | Lifecycle Stage: Product-as-a-Service | Location: LT | Materials: other | Unit: 1 MJ | Reference Flow: Electricity | Description:  | Water depletion: 0.0039 | Freshwater ecotoxicity: 0.0005 | Marine ecotoxicity: 0.0003 | Marine eutrophication: 0.0 | Human toxicity: 0.047 | Particulate matter formation: 0.0005 | Urban land occupation: 0.0001 | Agricultural land occupation: 0.0001 | Terrestrial acidification: 0.0017 | Climate change: 0.3327 | Terrestrial ecotoxicity: 0.0 | Photochemical oxidant formation: 0.001 | Ionising radiation: 0.2082 | Metal depletion: 0.0016 | Freshwater eutrophication: 0.0 | Natural land transformation: -0.0",7.154e-05,0.33268981,0.0,0.00046618,3e-08,0.04701199,0.20824663,0.00032278,3.7e-05,0.00160998,-1.77e-06,0.0,0.00051541,0.00097177,0.00167835,1.105e-05,0.00010731,0.0039292
"Process steam from Heavy fuel oil 90 %, consumption mix, at power plant, heat plant, MJ, 90 % efficiency",Product-as-a-Service,Energy carriers and technologies > Heat and steam,GB,MJ,process steam,,other,"Process: Process steam from Heavy fuel oil 90 %, consumption mix, at power plant, heat plant, MJ, 90 % efficiency | Category: Energy carriers and technologies > Heat and steam | Lifecycle Stage: Product-as-a-Service | Location: GB | Materials: other | Unit: 1 MJ | Reference Flow: process steam | Description:  | Water depletion: 0.0 | Freshwater ecotoxicity: 0.0 | Marine ecotoxicity: 0.0001 | Marine eutrophication: 0.0 | Human toxicity: 0.0017 | Particulate matter formation: 0.0001 | Urban land occupation: 0.0 | Agricultural land occupation: 0.0 | Terrestrial acidification: 0.0005 | Climate change: 0.1006 | Terrestrial ecotoxicity: 0.0 | Photochemical oxidant formation: 0.0003 | Ionising radiation: 0.0001 | Metal depletion: 0.0 | Freshwater eutrophication: 0.0 | Natural land transformation: -0.0",4.1e-06,0.10062948,0.0,2.59e-06,2e-08,0.00170575,8.692e-05,0.00010326,1.202e-05,4.408e-05,-2e-08,0.0,0.00014185,0.00032986,0.00046483,1.94e-06,6.15e-06,1.125e-05
"Pine log with bark, production mix entry to saw mill, at plant, refostered managed forest, 44% water content",Raw Materials,Materials production > Wood,DE,kg,pine log with bark,,water,"Process: Pine log with bark, production mix entry to saw mill, at plant, refostered managed forest, 44% water content | Category: Materials production > Wood | Lifecycle Stage: Raw Materials | Location: DE | Materials: water | Unit: 1 kg | Reference Flow: pine log with bark | Description:  | Water depletion: 0.0007 | Freshwater ecotoxicity: 0.0 | Marine ecotoxicity: 0.0 | Marine eutrophication: 0.0 | Human toxicity: 0.0 | Particulate matter formation: 0.0 | Terrestrial acidification: 0.0001 | Climate change: 0.0067 | Terrestrial ecotoxicity: 0.0 | Photochemical oxidant formation: 0.0001 | Ionising radiation: 0.0 | Metal depletion: 0.0 | Freshwater eutrophication: 0.0",0.0,0.00673194,0.0,2.3e-07,4e-08,2.82e-05,1.576e-05,1.3e-06,2.94e-06,2.6e-06,0.0,0.0,2.403e-05,0.00012976,5.115e-05,1.9e-07,0.0,0.00073836
"Process steam from natural gas 90 %, consumption mix, at power plant, heat plant, MJ, 90 % efficiency",Product-as-a-Service,Energy carriers and technologies > Heat and steam,IT,MJ,process steam,,natural gas,"Process: Process steam from natural gas 90 %, consumption mix, at power plant, heat plant, MJ, 90 % efficiency | Category: Energy carriers and technologies > Heat and steam | Lifecycle Stage: Product-as-a-Service | Location: IT | Materials: natural gas | Unit: 1 MJ | Reference Flow: process steam | Description:  | Water depletion: 0.0 | Freshwater ecotoxicity: 0.0 | Marine ecotoxicity: 0.0 | Marine eutrophication: 0.0 | Human toxicity: 0.0002 | Particulate matter formation: 0.0 | Urban land occupation: 0.0 | Agricultural land occupation: 0.0 | Terrestrial acidification: 0.0001 | Climate change: 0.0838 | Terrestrial ecotoxicity: 0.0 | Photochemical oxidant formation: 0.0001 | Ionising radiation: 0.0001 | Metal depletion: 0.0001 | Natural land transformation: -0.0",5.33e-06,0.08380645,0.0,1.25e-06,0.0,0.00016592,6.206e-05,1.73e-06,2.45e-06,6.509e-05,-3e-08,0.0,2.082e-05,8.409e-05,6.557e-05,4e-08,8e-06,3.66e-05
"Electricity grid mix 1kV-60kV, consumption mix, at consumer, AC, 1kV - 60kV",Product-as-a-Service,Energy carriers and technologies > Electricity,FR,MJ,Electricity,,other,"Process: Electricity grid mix 1kV-60kV, consumption mix, at consumer, AC, 1kV - 60kV | Category: Energy carriers and technologies > Electricity | Lifecycle Stage: Product-as-a-Service | Location: FR | Materials: other | Unit: 1 MJ | Reference Flow: Electricity | Description:  | Water depletion: 0.0046 | Freshwater ecotoxicity: 0.0003 | Marine ecotoxicity: 0.0001 | Ozone depletion: 0.0 | Marine eutrophication: 0.0 | Human toxicity: 0.0066 | Particulate matter formation: 0.0001 | Urban land occupation: 0.0 | Agricultural land occupation: 0.0 | Terrestrial acidification: 0.0004 | Climate change: 0.1058 | Terrestrial ecotoxicity: 0.0 | Photochemical oxidant formation: 0.0002 | Ionising radiation: 0.2418 | Metal depletion: 0.0014 | Freshwater eutrophication: 0.0 | Natural land transformation: -0.0",2.26e-05,0.10577204,0.0,0.00029974,3e-08,0.00661978,0.24175835,8.422e-05,1.587e-05,0.00136932,-7.2e-07,1.5e-07,0.00010619,0.00024475,0.00035322,5.99e-06,3.39e-05,0.00455761
"Process steam from Heavy fuel oil 90 %, consumption mix, at power plant, heat plant, MJ, 90 % efficiency",Product-as-a-Service,Energy carriers and technologies > Heat and steam,FI,MJ,process steam,,other,"Process: Process steam from Heavy fuel oil 90 %, consumption mix, at power plant, heat plant, MJ, 90 % efficiency | Category: Energy carriers and technologies > Heat and steam | Lifecycle Stage: Product-as-a-Service | Location: FI | Materials: other | Unit: 1 MJ | Reference Flow: process steam | Description:  | Water depletion: 0.0001 | Freshwater ecotoxicity: 0.0 | Marine ecotoxicity: 0.0 | Marine eutrophication: 0.0 | Human toxicity: 0.0017 | Particulate matter formation: 0.0001 | Urban land occupation: 0.0 | Agricultural land occupation: 0.0 | Terrestrial acidification: 0.0004 | Climate change: 0.1031 | Terrestrial ecotoxicity: 0.0 | Photochemical oxidant formation: 0.0003 | Ionising radiation: 0.0003 | Metal depletion: 0.0001 | Freshwater eutrophication: 0.0 | Natural land transformation: -0.0",9.77e-06,0.10307189,0.0,4.07e-06,2e-08,0.00174062,0.00029759,3.843e-05,9.7e-06,0.00011225,-4e-08,0.0,0.00013409,0.00026685,0.00043716,1.99e-06,1.465e-05,5.149e-05
"Light fuel oil, consumption mix, at refinery, from crude oil, 2000 ppm sulphur",Product-as-a-Service,Energy carriers and technologies > Crude oil based fuels,EU-15,kg,light fuel oil,,crude oil,"Process: Light fuel oil, consumption mix, at refinery, from crude oil, 2000 ppm sulphur | Category: Energy carriers and technologies > Crude oil based fuels | Lifecycle Stage: Product-as-a-Service | Location: EU-15 | Materials: crude oil | Unit: 1 kg | Reference Flow: light fuel oil | Description:  | Water depletion: 0.0003 | Freshwater ecotoxicity: 0.0001 | Marine ecotoxicity: 0.001 | Ozone depletion: 0.0 | Marine eutrophication: 0.0 | Human toxicity: 0.013 | Particulate matter formation: 0.0006 | Terrestrial acidification: 0.0023 | Climate change: 0.4053 | Terrestrial ecotoxicity: 0.0 | Photochemical oxidant formation: 0.0015 | Ionising radiation: 0.0088 | Metal depletion: 0.0008 | Freshwater eutrophication: 0.0",0.0,0.40534947,0.0,8.407e-05,1.136e-05,0.01295755,0.00878998,0.00100428,4.989e-05,0.00083538,0.0,1e-08,0.00059071,0.00152827,0.00225026,1.179e-05,0.0,0.00031812
"Electricity grid mix 1kV-60kV, consumption mix, at consumer, AC, 1kV - 60kV",Product-as-a-Service,Energy carriers and technologies > Electricity,RO,MJ,Electricity,,other,"Process: Electricity grid mix 1kV-60kV, consumption mix, at consumer, AC, 1kV - 60kV | Category: Energy carriers and technologies > Electricity | Lifecycle Stage: Product-as-a-Service | Location: RO | Materials: other | Unit: 1 MJ | Reference Flow: Electricity | Description:  | Water depletion: 0.0081 | Freshwater ecotoxicity: 0.0001 | Marine ecotoxicity: 0.0001 | Ozone depletion: 0.0 | Marine eutrophication: 0.0001 | Human toxicity: 0.0367 | Particulate matter formation: 0.0021 | Urban land occupation: 0.0001 | Agricultural land occupation: 0.0001 | Terrestrial acidification: 0.0079 | Climate change: 0.5941 | Terrestrial ecotoxicity: 0.0 | Photochemical oxidant formation: 0.002 | Ionising radiation: 0.0604 | Metal depletion: 0.0022 | Freshwater eutrophication: 0.0 | Natural land transformation: 0.0",6.177e-05,0.59406687,0.0,8.591e-05,1e-08,0.03673508,0.06043505,0.00012017,5.6e-05,0.00224685,-3.511e-05,1e-08,0.00205062,0.00201864,0.00789404,2.061e-05,9.266e-05,0.00806773
"Process steam from natural gas 90%, consumption mix, at power plant, heat plant, MJ, 90 % efficiency",Product-as-a-Service,Energy carriers and technologies > Heat and steam,EU-27,MJ,process steam,,natural gas,"Process: Process steam from natural gas 90%, consumption mix, at power plant, heat plant, MJ, 90 % efficiency | Category: Energy carriers and technologies > Heat and steam | Lifecycle Stage: Product-as-a-Service | Location: EU-27 | Materials: natural gas | Unit: 1 MJ | Reference Flow: process steam | Description:  | Water depletion: 0.0 | Freshwater ecotoxicity: 0.0 | Marine ecotoxicity: 0.0 | Marine eutrophication: 0.0 | Human toxicity: 0.0012 | Particulate matter formation: 0.0 | Urban land occupation: 0.0 | Agricultural land occupation: 0.0 | Terrestrial acidification: 0.0001 | Climate change: 0.0816 | Terrestrial ecotoxicity: 0.0 | Photochemical oxidant formation: 0.0001 | Ionising radiation: 0.0004 | Metal depletion: 0.0001 | Natural land transformation: -0.0",5.92e-06,0.08160149,0.0,7.56e-06,0.0,0.00115081,0.00042193,8.2e-06,2.55e-06,6.883e-05,-6e-08,0.0,2.124e-05,8.126e-05,6.414e-05,9e-08,8.88e-06,3.614e-05
"Process Steam from Light fuel oil 90 %, consumption mix, at power plant, heat plant, MJ, 90 % efficiency",Product-as-a-Service,Energy carriers and technologies > Heat and steam,SE,MJ,process steam,,other,"Process: Process Steam from Light fuel oil 90 %, consumption mix, at power plant, heat plant, MJ, 90 % efficiency | Category: Energy carriers and technologies > Heat and steam | Lifecycle Stage: Product-as-a-Service | Location: SE | Materials: other | Unit: 1 MJ | Reference Flow: process steam | Description:  | Water depletion: 0.0 | Freshwater ecotoxicity: 0.0 | Marine ecotoxicity: 0.0001 | Marine eutrophication: 0.0 | Human toxicity: 0.0003 | Particulate matter formation: 0.0 | Urban land occupation: 0.0 | Agricultural land occupation: 0.0 | Terrestrial acidification: 0.0001 | Climate change: 0.0961 | Terrestrial ecotoxicity: 0.0 | Photochemical oxidant formation: 0.0001 | Ionising radiation: 0.0003 | Metal depletion: 0.0001 | Freshwater eutrophication: 0.0 | Natural land transformation: -0.0",5.38e-06,0.09608842,0.0,2.23e-06,2e-08,0.00032993,0.00031053,5.817e-05,4.2e-06,7.197e-05,-3e-08,0.0,3.288e-05,0.00011218,9.968e-05,1.5e-07,8.07e-06,3.318e-05
"Electricity grid mix 1kV-60kV, consumption mix, at consumer, AC, 1kV - 60kV",Product-as-a-Service,Energy carriers and technologies > Electricity,CH,MJ,Electricity,,other,"Process: Electricity grid mix 1kV-60kV, consumption mix, at consumer, AC, 1kV - 60kV | Category: Energy carriers and technologies > Electricity | Lifecycle Stage: Product-as-a-Service | Location: CH | Materials: other | Unit: 1 MJ | Reference Flow: Electricity | Description:  | Water depletion: 0.004 | Freshwater ecotoxicity: 0.0002 | Marine ecotoxicity: 0.0001 | Ozone depletion: 0.0 | Marine eutrophication: 0.0 | Human toxicity: 0.0197 | Particulate matter formation: 0.0001 | Urban land occupation: 0.0 | Agricultural land occupation: 0.0 | Terrestrial acidification: 0.0003 | Climate change: 0.1622 | Terrestrial ecotoxicity: 0.0 | Photochemical oxidant formation: 0.0002 | Ionising radiation: 0.1306 | Metal depletion: 0.0044 | Freshwater eutrophication: 0.0 | Natural land transformation: -0.0",3.11e-05,0.16216854,0.0,0.00024352,3e-08,0.01965043,0.1306327,0.00012993,1.21e-05,0.00439529,-2.97e-06,4e-08,8.769e-05,0.00023287,0.00028698,4.1e-06,4.665e-05,0.00404936
"Process steam from heavy fuel oil, consumption mix, at plant, heat plant, MJ",Product-as-a-Service,Energy carriers and technologies > Heat and steam,IT,MJ,process steam from heavy fuel oil,,other,"Process: Process steam from heavy fuel oil, consumption mix, at plant, heat plant, MJ | Category: Energy carriers and technologies > Heat and steam | Lifecycle Stage: Product-as-a-Service | Location: IT | Materials: other | Unit: 1 MJ | Reference Flow: process steam from heavy fuel oil | Description:  | Water depletion: 0.0 | Freshwater ecotoxicity: 0.0 | Marine ecotoxicity: 0.0001 | Marine eutrophication: 0.0 | Human toxicity: 0.005 | Particulate matter formation: 0.0002 | Terrestrial acidification: 0.0007 | Climate change: 0.1013 | Terrestrial ecotoxicity: 0.0 | Photochemical oxidant formation: 0.0003 | Ionising radiation: 0.0001 | Metal depletion: 0.0 | Freshwater eutrophication: 0.0",0.0,0.10130714,0.0,5.14e-06,3.4e-07,0.0050306,6.816e-05,6.462e-05,7.92e-06,3.198e-05,0.0,0.0,0.00016966,0.0002567,0.00070605,3.25e-06,0.0,9.47e-06
"Chlorine, production mix for PVC production, at plant",Raw Materials,Materials production > Inorganic chemicals,RER,kg,chlorine,,other,"Process: Chlorine, production mix for PVC production, at plant | Category: Materials production > Inorganic chemicals | Lifecycle Stage: Raw Materials | Location: RER | Materials: other | Unit: 1 kg | Reference Flow: chlorine | Description:  | Water depletion: 0.0044 | Freshwater ecotoxicity: 0.0002 | Marine ecotoxicity: 0.0052 | Marine eutrophication: 0.0001 | Human toxicity: 0.6361 | Particulate matter formation: 0.0025 | Terrestrial acidification: 0.0075 | Climate change: 1.1811 | Terrestrial ecotoxicity: 0.0007 | Photochemical oxidant formation: 0.0042 | Metal depletion: 0.0001 | Freshwater eutrophication: 0.0",0.0,1.1811184,0.0,0.00015516,1.2e-06,0.6360541,0.0,0.0052477,0.00011569,0.00013118,0.0,0.0,0.0024897,0.00418895,0.00749161,0.00066825,0.0,0.00443042
"Process steam from light fuel oil, consumption mix, at plant, heat plant, MJ",Product-as-a-Service,Energy carriers and technologies > Heat and steam,CZ,MJ,process steam from light fuel oil,,other,"Process: Process steam from light fuel oil, consumption mix, at plant, heat plant, MJ | Category: Energy carriers and technologies > Heat and steam | Lifecycle Stage: Product-as-a-Service | Location: CZ | Materials: other | Unit: 1 MJ | Reference Flow: process steam from light fuel oil | Description:  | Water depletion: 0.0 | Freshwater ecotoxicity: 0.0 | Marine ecotoxicity: 0.0 | Marine eutrophication: 0.0 | Human toxicity: 0.0005 | Particulate matter formation: 0.0001 | Terrestrial acidification: 0.0002 | Climate change: 0.0934 | Terrestrial ecotoxicity: 0.0 | Photochemical oxidant formation: 0.0003 | Ionising radiation: 0.0002 | Metal depletion: 0.0 | Freshwater eutrophication: 0.0",0.0,0.09340168,0.0,2.28e-06,3e-07,0.00045654,0.00023381,2.615e-05,9.48e-06,2.702e-05,0.0,0.0,7.405e-05,0.00025238,0.00020638,4.2e-07,0.0,8.42e-06
"Electricity from wind power, production mix, at power plant, AC, <1kV",Product-as-a-Service,Energy carriers and technologies > Electricity,RER,MJ,Electricity,,other,"Process: Electricity from wind power, production mix, at power plant, AC, <1kV | Category: Energy carriers and technologies > Electricity | Lifecycle Stage: Product-as-a-Service | Location: RER | Materials: other | Unit: 1 MJ | Reference Flow: Electricity | Description:  | Water depletion: 0.0 | Freshwater ecotoxicity: 0.0 | Marine ecotoxicity: 0.0 | Marine eutrophication: 0.0 | Human toxicity: -0.0008 | Particulate matter formation: 0.0 | Urban land occupation: 0.0 | Agricultural land occupation: 0.0 | Terrestrial acidification: 0.0 | Climate change: 0.011 | Terrestrial ecotoxicity: -0.0 | Photochemical oxidant formation: 0.0 | Ionising radiation: 0.0004 | Metal depletion: -0.0022 | Natural land transformation: 0.0",1.677e-05,0.01095837,0.0,6.39e-06,0.0,-0.00080524,0.00035512,5.96e-06,4.2e-07,-0.00216363,3.63e-06,0.0,8.27e-06,2.317e-05,2.518e-05,-1e-07,2.515e-05,1.719e-05
"Waste incineration of plastics (rigid PVC), at plant, average European waste-to-energy plant, without collection, transport and pre-treatment",Transport & Packaging,End-of-life treatment > Energy recycling,EU-27,kg,waste incineration of plastics (rigid PVC),,plastic,"Process: Waste incineration of plastics (rigid PVC), at plant, average European waste-to-energy plant, without collection, transport and pre-treatment | Category: End-of-life treatment > Energy recycling | Lifecycle Stage: Transport & Packaging | Location: EU-27 | Materials: plastic | Unit: 1 kg | Reference Flow: waste incineration of plastics (rigid PVC) | Description:  | Water depletion: 8.2071 | Freshwater ecotoxicity: 0.0715 | Marine ecotoxicity: 0.0462 | Ozone depletion: 0.0001 | Marine eutrophication: 0.0466 | Human toxicity: 13.0933 | Particulate matter formation: 0.5918 | Terrestrial acidification: 1.3147 | Climate change: 2492.0875 | Terrestrial ecotoxicity: 0.0051 | Photochemical oxidant formation: 1.2522 | Ionising radiation: 58.4619 | Metal depletion: 0.9795 | Freshwater eutrophication: 0.0004",-0.0,2492.08748983,-0.0,0.07147744,0.0003802,13.09331602,58.46194243,0.04619991,0.04660391,0.97945451,-0.0,5.876e-05,0.59179421,1.25220037,1.31467983,0.00514415,-0.0,8.20709734
"Electricity grid mix 1kV-60kV, consumption mix, at consumer, AC, 1kV - 60kV",Product-as-a-Service,Energy carriers and technologies > Electricity,ES,MJ,Electricity,,other,"Process: Electricity grid mix 1kV-60kV, consumption mix, at consumer, AC, 1kV - 60kV | Category: Energy carriers and technologies > Electricity | Lifecycle Stage: Product-as-a-Service | Location: ES | Materials: other | Unit: 1 MJ | Reference Flow: Electricity | Description:  | Water depletion: 0.0043 | Freshwater ecotoxicity: 0.0001 | Marine ecotoxicity: 0.0001 | Ozone depletion: 0.0 | Marine eutrophication: 0.0 | Human toxicity: 0.0063 | Particulate matter formation: 0.0005 | Urban land occupation: 0.0001 | Agricultural land occupation: 0.0001 | Terrestrial acidification: 0.0019 | Climate change: 0.4384 | Terrestrial ecotoxicity: 0.0 | Photochemical oxidant formation: 0.0011 | Ionising radiation: 0.0619 | Metal depletion: 0.0008 | Freshwater eutrophication: 0.0 | Natural land transformation: -0.0",5.347e-05,0.43840626,0.0,8.548e-05,2e-08,0.00626245,0.06192714,5.925e-05,3.509e-05,0.00080705,-2.32e-06,1e-08,0.00053339,0.00108182,0.00189248,6.12e-06,8.02e-05,0.00425778
"Electricity grid mix 1kV-60kV, consumption mix, at consumer, AC, 1kV - 60kV",Product-as-a-Service,Energy carriers and technologies > Electricity,PT,MJ,Electricity,,other,"Process: Electricity grid mix 1kV-60kV, consumption mix, at consumer, AC, 1kV - 60kV | Category: Energy carriers and technologies > Electricity | Lifecycle Stage: Product-as-a-Service | Location: PT | Materials: other | Unit: 1 MJ | Reference Flow: Electricity | Description:  | Water depletion: 0.0056 | Freshwater ecotoxicity: 0.0 | Marine ecotoxicity: 0.0001 | Marine eutrophication: 0.0001 | Human toxicity: 0.0122 | Particulate matter formation: 0.0008 | Urban land occupation: 0.0001 | Agricultural land occupation: 0.0001 | Terrestrial acidification: 0.0027 | Climate change: 0.521 | Terrestrial ecotoxicity: 0.0 | Photochemical oxidant formation: 0.0016 | Ionising radiation: 0.0126 | Metal depletion: 0.0011 | Freshwater eutrophication: 0.0 | Natural land transformation: -0.0",8.75e-05,0.52100315,0.0,3.391e-05,2e-08,0.01217886,0.01262002,0.00013604,5.217e-05,0.0010687,-3.78e-06,0.0,0.0007602,0.00163875,0.00270093,1.557e-05,0.00013125,0.00561174
"Process steam from heavy fuel oil, consumption mix, at plant, heat plant, MJ",Product-as-a-Service,Energy carriers and technologies > Heat and steam,EE,MJ,process steam from heavy fuel oil,,other,"Process: Process steam from heavy fuel oil, consumption mix, at plant, heat plant, MJ | Category: Energy carriers and technologies > Heat and steam | Lifecycle Stage: Product-as-a-Service | Location: EE | Materials: other | Unit: 1 MJ | Reference Flow: process steam from heavy fuel oil | Description:  | Water depletion: 0.0 | Freshwater ecotoxicity: 0.0 | Marine ecotoxicity: 0.0002 | Marine eutrophication: 0.0 | Human toxicity: 0.0114 | Particulate matter formation: 0.0002 | Terrestrial acidification: 0.0008 | Climate change: 0.1012 | Terrestrial ecotoxicity: 0.0 | Photochemical oxidant formation: 0.0003 | Ionising radiation: 0.0001 | Metal depletion: 0.0001 | Freshwater eutrophication: 0.0",0.0,0.1011587,0.0,1.067e-05,1.12e-06,0.01140267,0.00010802,0.00016968,9.97e-06,6.895e-05,0.0,0.0,0.00020381,0.00030963,0.00076927,1.424e-05,0.0,6.82e-06
"Process steam from natural gas, consumption mix, at plant, heat plant, MJ",Product-as-a-Service,Energy carriers and technologies > Heat and steam,FR,MJ,process steam from natural gas,,natural gas,"Process: Process steam from natural gas, consumption mix, at plant, heat plant, MJ | Category: Energy carriers and technologies > Heat and steam | Lifecycle Stage: Product-as-a-Service | Location: FR | Materials: natural gas | Unit: 1 MJ | Reference Flow: process steam from natural gas | Description:  | Water depletion: 0.0 | Freshwater ecotoxicity: 0.0 | Marine ecotoxicity: 0.0 | Marine eutrophication: 0.0 | Human toxicity: 0.0002 | Particulate matter formation: 0.0 | Terrestrial acidification: 0.0001 | Climate change: 0.078 | Terrestrial ecotoxicity: 0.0 | Photochemical oxidant formation: 0.0002 | Ionising radiation: 0.0006 | Metal depletion: 0.0 | Freshwater eutrophication: 0.0",0.0,0.07803689,0.0,1.67e-06,3.4e-07,0.00020431,0.00062705,1.92e-06,5.28e-06,3.779e-05,0.0,0.0,3.665e-05,0.00015684,0.00010342,1.3e-07,0.0,3.12e-06
"Process steam from natural gas 90 %, consumption mix, at power plant, heat plant, MJ, 90 % efficiency",Product-as-a-Service,Energy carriers and technologies > Heat and steam,LU,MJ,process steam,,natural gas,"Process: Process steam from natural gas 90 %, consumption mix, at power plant, heat plant, MJ, 90 % efficiency | Category: Energy carriers and technologies > Heat and steam | Lifecycle Stage: Product-as-a-Service | Location: LU | Materials: natural gas | Unit: 1 MJ | Reference Flow: process steam | Description:  | Water depletion: 0.0 | Freshwater ecotoxicity: 0.0 | Marine ecotoxicity: 0.0 | Marine eutrophication: 0.0 | Human toxicity: 0.0001 | Particulate matter formation: 0.0 | Urban land occupation: 0.0 | Agricultural land occupation: 0.0 | Terrestrial acidification: 0.0 | Climate change: 0.0727 | Terrestrial ecotoxicity: 0.0 | Photochemical oxidant formation: 0.0001 | Ionising radiation: 0.0 | Metal depletion: 0.0001 | Natural land transformation: -0.0",4.55e-06,0.07267718,0.0,9e-07,0.0,0.00013452,1.464e-05,1.6e-06,2.62e-06,5.91e-05,-2e-08,0.0,1.686e-05,7.305e-05,4.628e-05,4e-08,6.82e-06,1.537e-05
"Electricity from hydroelectric power plants, production mix, at power plant, AC, < 1kV",Product-as-a-Service,Energy carriers and technologies > Electricity,RER,MJ,electricity from hydroelectric power plant,,other,"Process: Electricity from hydroelectric power plants, production mix, at power plant, AC, < 1kV | Category: Energy carriers and technologies > Electricity | Lifecycle Stage: Product-as-a-Service | Location: RER | Materials: other | Unit: 1 MJ | Reference Flow: electricity from hydroelectric power plant | Description:  | Water depletion: 0.0 | Freshwater ecotoxicity: 0.0 | Marine ecotoxicity: 0.0 | Marine eutrophication: 0.0 | Human toxicity: 0.0002 | Particulate matter formation: 0.0 | Terrestrial acidification: 0.0 | Climate change: 0.0244 | Terrestrial ecotoxicity: 0.0 | Photochemical oxidant formation: 0.0 | Ionising radiation: 0.0001 | Metal depletion: 0.0003 | Freshwater eutrophication: 0.0",0.0,0.0244046,0.0,5.02e-06,1e-08,0.00017894,0.0001306,4.1e-07,3.3e-07,0.00033766,0.0,0.0,3.42e-06,9.31e-06,6.73e-06,7e-08,0.0,2.341e-05
"Process steam from Light fuel oil 90 %, consumption mix, at power plant, heat plant, MJ, 90 % efficiency",Product-as-a-Service,Energy carriers and technologies > Heat and steam,NL,MJ,process steam,,other,"Process: Process steam from Light fuel oil 90 %, consumption mix, at power plant, heat plant, MJ, 90 % efficiency | Category: Energy carriers and technologies > Heat and steam | Lifecycle Stage: Product-as-a-Service | Location: NL | Materials: other | Unit: 1 MJ | Reference Flow: process steam | Description:  | Water depletion: 0.0 | Freshwater ecotoxicity: 0.0 | Marine ecotoxicity: 0.0001 | Marine eutrophication: 0.0 | Human toxicity: 0.0004 | Particulate matter formation: 0.0 | Urban land occupation: 0.0 | Agricultural land occupation: 0.0 | Terrestrial acidification: 0.0001 | Climate change: 0.0989 | Terrestrial ecotoxicity: 0.0 | Photochemical oxidant formation: 0.0001 | Ionising radiation: 0.0001 | Metal depletion: 0.0001 | Freshwater eutrophication: 0.0 | Natural land transformation: -0.0",5.61e-06,0.09891277,0.0,3.64e-06,2e-08,0.00037972,6.437e-05,5.316e-05,5.21e-06,6.941e-05,-3e-08,0.0,4.569e-05,0.00014404,0.00014342,1.4e-07,8.41e-06,2.991e-05
"Steel sections, including recycling, production mix, at plant, blast furnace route / electric arc furnace route, 1kg",End-of-Life,Materials production > Metals and semimetals,GLO,kg,Steel sections,,steel,"Process: Steel sections, including recycling, production mix, at plant, blast furnace route / electric arc furnace route, 1kg | Category: Materials production > Metals and semimetals | Lifecycle Stage: End-of-Life | Location: GLO | Materials: steel | Unit: 1 kg | Reference Flow: Steel sections | Description:  | Water depletion: 0.0015 | Freshwater ecotoxicity: 0.0 | Marine ecotoxicity: 0.0002 | Ozone depletion: 0.0 | Marine eutrophication: 0.0002 | Human toxicity: 0.0769 | Particulate matter formation: 0.0018 | Terrestrial acidification: 0.0033 | Climate change: 1.2271 | Terrestrial ecotoxicity: 0.0 | Photochemical oxidant formation: 0.0031 | Ionising radiation: 0.0585 | Metal depletion: 0.489 | Freshwater eutrophication: 0.0",0.0,1.22705015,0.0,2.64e-05,8.3e-07,0.07692857,0.05846425,0.00017649,0.00019359,0.48896485,0.0,5e-08,0.00179944,0.00305728,0.00333252,2.364e-05,0.0,0.00153201
"Waste incineration of plastics (PET, PMMA, PC), at plant, average European waste-to-energy plant, without collection, transport and pre-treatment",Transport & Packaging,End-of-life treatment > Energy recycling,EU-27,kg,"waste incineration of plastics (PET, PMMA, PC)",,plastic,"Process: Waste incineration of plastics (PET, PMMA, PC), at plant, average European waste-to-energy plant, without collection, transport and pre-treatment | Category: End-of-life treatment > Energy recycling | Lifecycle Stage: Transport & Packaging | Location: EU-27 | Materials: plastic | Unit: 1 kg | Reference Flow: waste incineration of plastics (PET, PMMA, PC) | Description:  | Water depletion: 5.0814 | Freshwater ecotoxicity: 0.004 | Marine ecotoxicity: 0.0042 | Ozone depletion: 0.0 | Marine eutrophication: 0.0118 | Human toxicity: 0.4404 | Particulate matter formation: 0.0661 | Terrestrial acidification: 0.2607 | Climate change: 2424.3117 | Terrestrial ecotoxicity: 0.0003 | Photochemical oxidant formation: 0.194 | Ionising radiation: 3.3076 | Metal depletion: 0.0158 | Freshwater eutrophication: 0.0001",-0.0,2424.31173978,-0.0,0.00400341,0.00010959,0.44038211,3.30761836,0.00424817,0.01182077,0.01580979,-0.0,2.73e-06,0.06608731,0.19403877,0.26065986,0.00027461,-0.0,5.08143123
"Electricity Mix, consumption mix, at consumer, AC, 1kV - 60kV",Product-as-a-Service,Energy carriers and technologies > Electricity,LT,MJ,electricity mix,,other,"Process: Electricity Mix, consumption mix, at consumer, AC, 1kV - 60kV | Category: Energy carriers and technologies > Electricity | Lifecycle Stage: Product-as-a-Service | Location: LT | Materials: other | Unit: 1 MJ | Reference Flow: electricity mix | Description:  | Water depletion: 0.0018 | Freshwater ecotoxicity: 0.0004 | Marine ecotoxicity: 0.0002 | Ozone depletion: 0.0 | Marine eutrophication: 0.0 | Human toxicity: 0.0113 | Particulate matter formation: 0.0002 | Terrestrial acidification: 0.0006 | Climate change: 0.1806 | Terrestrial ecotoxicity: 0.0 | Photochemical oxidant formation: 0.0004 | Ionising radiation: 0.4329 | Metal depletion: 0.0002 | Freshwater eutrophication: 0.0",0.0,0.18055927,0.0,0.00042728,1.72e-06,0.01134137,0.43291046,0.00016863,2.109e-05,0.00016521,0.0,3.6e-07,0.00020477,0.0004405,0.00063587,1.404e-05,0.0,0.00178667
"Rail transport, technology mix, electricity driven, cargo",Transport & Packaging,Transport services > Rail,RER,t*km,transport in t*km,,other,"Process: Rail transport, technology mix, electricity driven, cargo | Category: Transport services > Rail | Lifecycle Stage: Transport & Packaging | Location: RER | Materials: other | Unit: 1 t*km | Reference Flow: transport in t*km | Description:  | Water depletion: 0.0001 | Freshwater ecotoxicity: 0.0 | Marine ecotoxicity: 0.0 | Ozone depletion: 0.0 | Marine eutrophication: 0.0 | Human toxicity: 0.0008 | Particulate matter formation: 0.0 | Terrestrial acidification: 0.0002 | Climate change: 0.0266 | Terrestrial ecotoxicity: 0.0 | Photochemical oxidant formation: 0.0001 | Ionising radiation: 0.0077 | Metal depletion: 0.0 | Freshwater eutrophication: 0.0",0.0,0.02655322,0.0,8.03e-06,3e-08,0.00084015,0.00773876,5.37e-06,2.07e-06,8.27e-06,0.0,1e-08,4.647e-05,6.139e-05,0.00017266,5.9e-07,0.0,6.863e-05
"Process steam from Light fuel oil 90 %, consumption mix, at power plant, heat plant, MJ, 90 % efficiency",Product-as-a-Service,Energy carriers and technologies > Heat and steam,SI,MJ,process steam,,other,"Process: Process steam from Light fuel oil 90 %, consumption mix, at power plant, heat plant, MJ, 90 % efficiency | Category: Energy carriers and technologies > Heat and steam | Lifecycle Stage: Product-as-a-Service | Location: SI | Materials: other | Unit: 1 MJ | Reference Flow: process steam | Description:  | Water depletion: 0.0001 | Freshwater ecotoxicity: 0.0 | Marine ecotoxicity: 0.0 | Marine eutrophication: 0.0 | Human toxicity: 0.0004 | Particulate matter formation: 0.0001 | Urban land occupation: 0.0 | Agricultural land occupation: 0.0 | Terrestrial acidification: 0.0002 | Climate change: 0.1014 | Terrestrial ecotoxicity: 0.0 | Photochemical oxidant formation: 0.0002 | Ionising radiation: 0.0002 | Metal depletion: 0.0001 | Freshwater eutrophication: 0.0 | Natural land transformation: -0.0",1.204e-05,0.10135668,0.0,3.61e-06,2e-08,0.00039034,0.00018005,4.36e-06,9e-06,0.0001356,-8e-08,0.0,7.659e-05,0.00024318,0.00022384,1.8e-07,1.806e-05,5.971e-05
"Excavator, technology mix, 100 kW, Construction",Raw Materials,Transport services > Other transport,GLO,kg,excavated material,,other,"Process: Excavator, technology mix, 100 kW, Construction | Category: Transport services > Other transport | Lifecycle Stage: Raw Materials | Location: GLO | Materials: other | Unit: 1 kg | Reference Flow: excavated material | Description: ",0.0,0.0,0.0,0.0,0.0,0.0,0.0,0.0,0.0,0.0,0.0,0.0,0.0,0.0,0.0,0.0,0.0,0.0
"Electricity grid mix 1kV-60kV, consumption mix, at consumer, AC, 1kV - 60kV",Product-as-a-Service,Energy carriers and technologies > Electricity,DK,MJ,Electricity,,other,"Process: Electricity grid mix 1kV-60kV, consumption mix, at consumer, AC, 1kV - 60kV | Category: Energy carriers and technologies > Electricity | Lifecycle Stage: Product-as-a-Service | Location: DK | Materials: other | Unit: 1 MJ | Reference Flow: Electricity | Description:  | Water depletion: 0.0023 | Freshwater ecotoxicity: 0.0 | Marine ecotoxicity: 0.0001 | Marine eutrophication: 0.0 | Human toxicity: 0.0091 | Particulate matter formation: 0.0003 | Urban land occupation: 0.0002 | Agricultural land occupation: 0.0002 | Terrestrial acidification: 0.0008 | Climate change: 0.466 | Terrestrial ecotoxicity: 0.0 | Photochemical oxidant formation: 0.0009 | Ionising radiation: 0.0268 | Metal depletion: 0.0014 | Freshwater eutrophication: 0.0 | Natural land transformation: -0.0",0.00015151,0.46599238,0.0,4.906e-05,3e-08,0.00914487,0.02683447,5.83e-05,3.707e-05,0.00137806,-3e-06,0.0,0.0002701,0.00090323,0.00079808,3.46e-06,0.00022726,0.00234738
"Process steam from Light fuel oil 90 %, consumption mix, at power plant, heat plant, MJ, 90 % efficiency",Product-as-a-Service,Energy carriers and technologies > Heat and steam,FI,MJ,process steam,,other,"Process: Process steam from Light fuel oil 90 %, consumption mix, at power plant, heat plant, MJ, 90 % efficiency | Category: Energy carriers and technologies > Heat and steam | Lifecycle Stage: Product-as-a-Service | Location: FI | Materials: other | Unit: 1 MJ | Reference Flow: process steam | Description:  | Water depletion: 0.0001 | Freshwater ecotoxicity: 0.0 | Marine ecotoxicity: 0.0 | Marine eutrophication: 0.0 | Human toxicity: 0.0004 | Particulate matter formation: 0.0 | Urban land occupation: 0.0 | Agricultural land occupation: 0.0 | Terrestrial acidification: 0.0001 | Climate change: 0.1009 | Terrestrial ecotoxicity: 0.0 | Photochemical oxidant formation: 0.0001 | Ionising radiation: 0.0003 | Metal depletion: 0.0001 | Freshwater eutrophication: 0.0 | Natural land transformation: -0.0",1.076e-05,0.10092069,0.0,3.03e-06,2e-08,0.00035555,0.0003229,1.912e-05,4.61e-06,0.00012113,-5e-08,0.0,3.772e-05,0.00012315,0.00012046,1.8e-07,1.613e-05,5.822e-05
"Process steam from natural gas, consumption mix, at plant, heat plant, MJ",Product-as-a-Service,Energy carriers and technologies > Heat and steam,FI,MJ,process steam from natural gas,,natural gas,"Process: Process steam from natural gas, consumption mix, at plant, heat plant, MJ | Category: Energy carriers and technologies > Heat and steam | Lifecycle Stage: Product-as-a-Service | Location: FI | Materials: natural gas | Unit: 1 MJ | Reference Flow: process steam from natural gas | Description:  | Water depletion: 0.0 | Freshwater ecotoxicity: 0.0 | Marine ecotoxicity: 0.0 | Marine eutrophication: 0.0 | Human toxicity: 0.0001 | Particulate matter formation: 0.0 | Terrestrial acidification: 0.0001 | Climate change: 0.0792 | Terrestrial ecotoxicity: 0.0 | Photochemical oxidant formation: 0.0001 | Ionising radiation: 0.0002 | Metal depletion: 0.0001 | Freshwater eutrophication: 0.0",0.0,0.07924239,0.0,2.18e-06,1.05e-06,0.00014422,0.0002006,2.07e-06,2.56e-06,6.509e-05,0.0,0.0,2.588e-05,7.818e-05,9.077e-05,9e-08,0.0,2.4e-06
"Electricity Mix, consumption mix, at consumer, AC, 1kV - 60kV",Product-as-a-Service,Energy carriers and technologies > Electricity,DE,MJ,electricity mix,,other,"Process: Electricity Mix, consumption mix, at consumer, AC, 1kV - 60kV | Category: Energy carriers and technologies > Electricity | Lifecycle Stage: Product-as-a-Service | Location: DE | Materials: other | Unit: 1 MJ | Reference Flow: electricity mix | Description:  | Water depletion: 0.0016 | Freshwater ecotoxicity: 0.0002 | Marine ecotoxicity: 0.0001 | Ozone depletion: 0.0 | Marine eutrophication: 0.0 | Human toxicity: 0.0133 | Particulate matter formation: 0.0004 | Terrestrial acidification: 0.0011 | Climate change: 0.6911 | Terrestrial ecotoxicity: 0.0 | Photochemical oxidant formation: 0.0007 | Ionising radiation: 0.1464 | Metal depletion: 0.0002 | Freshwater eutrophication: 0.0",0.0,0.6911411,0.0,0.00015247,3.7e-07,0.0132907,0.14641352,6.868e-05,3.357e-05,0.0001837,0.0,1.2e-07,0.00035162,0.00070738,0.00107005,7.66e-06,0.0,0.00160407
"Copper tube, consumption mix, at plant, technology mix, diameter 15 mm, 1 mm thickness",Raw Materials,Materials production > Metals and semimetals,EU-15,kg,copper tube,,copper,"Process: Copper tube, consumption mix, at plant, technology mix, diameter 15 mm, 1 mm thickness | Category: Materials production > Metals and semimetals | Lifecycle Stage: Raw Materials | Location: EU-15 | Materials: copper | Unit: 1 kg | Reference Flow: copper tube | Description:  | Water depletion: 11.0311 | Freshwater ecotoxicity: 0.1369 | Marine ecotoxicity: 0.0921 | Ozone depletion: 0.0002 | Marine eutrophication: 0.1227 | Human toxicity: 24.111 | Particulate matter formation: 1.8219 | Terrestrial acidification: 5.1353 | Climate change: 991.5902 | Terrestrial ecotoxicity: 0.0104 | Photochemical oxidant formation: 3.5526 | Ionising radiation: 154.2672 | Metal depletion: 1959.1499 | Freshwater eutrophication: 0.0002",0.0,991.5901859,0.0,0.13693806,0.00021292,24.11096081,154.26722019,0.09210761,0.12269683,1959.14990741,0.0,0.00018976,1.82189728,3.5525896,5.13533317,0.01037099,0.0,11.03113249
"Electricity from hydro power, production mix, at power plant, AC, 230V",Product-as-a-Service,Energy carriers and technologies > Electricity,RER,MJ,Electricity,,other,"Process: Electricity from hydro power, production mix, at power plant, AC, 230V | Category: Energy carriers and technologies > Electricity | Lifecycle Stage: Product-as-a-Service | Location: RER | Materials: other | Unit: 1 MJ | Reference Flow: Electricity | Description:  | Water depletion: 0.0008 | Freshwater ecotoxicity: 0.0 | Marine ecotoxicity: 0.0 | Marine eutrophication: 0.0 | Human toxicity: 0.0009 | Particulate matter formation: 0.0 | Urban land occupation: 0.0 | Agricultural land occupation: 0.0 | Terrestrial acidification: 0.0 | Climate change: 0.006 | Terrestrial ecotoxicity: 0.0 | Photochemical oxidant formation: 0.0 | Ionising radiation: 0.0001 | Metal depletion: 0.0107 | Natural land transformation: -0.0",1.452e-05,0.00596112,0.0,3.58e-06,0.0,0.00089371,8.22e-05,4.94e-06,4.3e-07,0.01067464,-3.7e-07,0.0,3.46e-06,9.43e-06,7.98e-06,1.3e-07,2.178e-05,0.00075821
"Process steam from light fuel oil, consumption mix, at plant, heat plant, MJ",Product-as-a-Service,Energy carriers and technologies > Heat and steam,PL,MJ,process steam from light fuel oil,,other,"Process: Process steam from light fuel oil, consumption mix, at plant, heat plant, MJ | Category: Energy carriers and technologies > Heat and steam | Lifecycle Stage: Product-as-a-Service | Location: PL | Materials: other | Unit: 1 MJ | Reference Flow: process steam from light fuel oil | Description:  | Water depletion: 0.0 | Freshwater ecotoxicity: 0.0 | Marine ecotoxicity: 0.0 | Marine eutrophication: 0.0 | Human toxicity: 0.0004 | Particulate matter formation: 0.0001 | Terrestrial acidification: 0.0002 | Climate change: 0.0935 | Terrestrial ecotoxicity: 0.0 | Photochemical oxidant formation: 0.0003 | Ionising radiation: 0.0002 | Metal depletion: 0.0 | Freshwater eutrophication: 0.0",0.0,0.09351691,0.0,2.27e-06,3e-07,0.0004082,0.00023358,2.614e-05,9.9e-06,2.702e-05,0.0,0.0,7.643e-05,0.0002621,0.00021239,3.7e-07,0.0,8.41e-06
"Electricity grid mix 1kV-60kV, consumption mix, at consumer, AC, 1kV - 60kV",Product-as-a-Service,Energy carriers and technologies > Electricity,HU,MJ,Electricity,,other,"Process: Electricity grid mix 1kV-60kV, consumption mix, at consumer, AC, 1kV - 60kV | Category: Energy carriers and technologies > Electricity | Lifecycle Stage: Product-as-a-Service | Location: HU | Materials: other | Unit: 1 MJ | Reference Flow: Electricity | Description:  | Water depletion: 0.0031 | Freshwater ecotoxicity: 0.0002 | Marine ecotoxicity: 0.0001 | Marine eutrophication: 0.0 | Human toxicity: 0.0159 | Particulate matter formation: 0.0005 | Urban land occupation: 0.0001 | Agricultural land occupation: 0.0001 | Terrestrial acidification: 0.0015 | Climate change: 0.5036 | Terrestrial ecotoxicity: 0.0 | Photochemical oxidant formation: 0.001 | Ionising radiation: 0.1041 | Metal depletion: 0.0009 | Freshwater eutrophication: 0.0 | Natural land transformation: -0.0",7.92e-05,0.50362058,0.0,0.00018781,2e-08,0.01593946,0.10405999,9.45e-05,4.023e-05,0.00086508,-1.403e-05,0.0,0.00047594,0.00101594,0.00151938,7.38e-06,0.0001188,0.00305295
"Nylon 6 glass filled (PA 6 GF), production mix, at plant",Raw Materials,Materials production > Plastics,RER,kg,nylon 6 glas filled (PA 6 GF),,glass,"Process: Nylon 6 glass filled (PA 6 GF), production mix, at plant | Category: Materials production > Plastics | Lifecycle Stage: Raw Materials | Location: RER | Materials: glass | Unit: 1 kg | Reference Flow: nylon 6 glas filled (PA 6 GF) | Description:  | Water depletion: 0.2602 | Freshwater ecotoxicity: 0.0013 | Marine ecotoxicity: 0.0014 | Marine eutrophication: 0.0035 | Human toxicity: 0.0073 | Particulate matter formation: 0.0111 | Terrestrial acidification: 0.0257 | Climate change: 7.3519 | Terrestrial ecotoxicity: 0.0 | Photochemical oxidant formation: 0.023 | Metal depletion: 0.0016 | Freshwater eutrophication: 0.0003",0.0,7.35186296,0.0,0.00134162,0.00030782,0.00725035,0.0,0.00140115,0.00346054,0.00162859,0.0,0.0,0.01109347,0.02303602,0.02568625,1.607e-05,0.0,0.26022959
"Process steam from natural gas, consumption mix, at plant, heat plant, MJ",Product-as-a-Service,Energy carriers and technologies > Heat and steam,ES,MJ,process steam from natural gas,,natural gas,"Process: Process steam from natural gas, consumption mix, at plant, heat plant, MJ | Category: Energy carriers and technologies > Heat and steam | Lifecycle Stage: Product-as-a-Service | Location: ES | Materials: natural gas | Unit: 1 MJ | Reference Flow: process steam from natural gas | Description:  | Water depletion: 0.0 | Freshwater ecotoxicity: 0.0 | Marine ecotoxicity: 0.0 | Marine eutrophication: 0.0 | Human toxicity: 0.0002 | Particulate matter formation: 0.0 | Terrestrial acidification: 0.0001 | Climate change: 0.0836 | Terrestrial ecotoxicity: 0.0 | Photochemical oxidant formation: 0.0001 | Ionising radiation: 0.0003 | Metal depletion: 0.0 | Freshwater eutrophication: 0.0",0.0,0.08363954,0.0,8e-07,8e-08,0.000249,0.00025411,3.15e-06,3.53e-06,2.148e-05,0.0,0.0,3.025e-05,0.00012452,9.314e-05,2.1e-07,0.0,3.25e-06
"Process steam from Light fuel oil 90 %, consumption mix, at power plant, heat plant, MJ, 90 % efficiency",Product-as-a-Service,Energy carriers and technologies > Heat and steam,ES,MJ,process steam,,other,"Process: Process steam from Light fuel oil 90 %, consumption mix, at power plant, heat plant, MJ, 90 % efficiency | Category: Energy carriers and technologies > Heat and steam | Lifecycle Stage: Product-as-a-Service | Location: ES | Materials: other | Unit: 1 MJ | Reference Flow: process steam | Description:  | Water depletion: 0.0 | Freshwater ecotoxicity: 0.0 | Marine ecotoxicity: 0.0 | Marine eutrophication: 0.0 | Human toxicity: 0.0004 | Particulate matter formation: 0.0001 | Urban land occupation: 0.0 | Agricultural land occupation: 0.0 | Terrestrial acidification: 0.0002 | Climate change: 0.1052 | Terrestrial ecotoxicity: 0.0 | Photochemical oxidant formation: 0.0002 | Ionising radiation: 0.0001 | Metal depletion: 0.0001 | Freshwater eutrophication: 0.0 | Natural land transformation: -0.0",4.01e-06,0.10519869,0.0,4.19e-06,2e-08,0.00039202,0.00014538,1.923e-05,7.62e-06,5.346e-05,-2e-08,0.0,6.747e-05,0.0002271,0.00021291,1.6e-07,6.02e-06,3.184e-05
"Steel tinplate without EoL recycling  (collection year 2012/2013), European, production mix, at plant, blast furnace route, 1kg, typical thickness between 0.13 - 0.49 mm. typical width between 600 - 1100 mm.",End-of-Life,Materials production > Metals and semimetals,RER,kg,Tin plate,,"steel, tin","Process: Steel tinplate without EoL recycling  (collection year 2012/2013), European, production mix, at plant, blast furnace route, 1kg, typical thickness between 0.13 - 0.49 mm. typical width between 600 - 1100 mm. | Category: Materials production > Metals and semimetals | Lifecycle Stage: End-of-Life | Location: RER | Materials: steel, tin | Unit: 1 kg | Reference Flow: Tin plate | Description:  | Water depletion: 0.0054 | Freshwater ecotoxicity: 0.0001 | Marine ecotoxicity: 0.0003 | Marine eutrophication: 0.0001 | Human toxicity: 0.0897 | Particulate matter formation: 0.002 | Urban land occupation: 15.6646 | Agricultural land occupation: 10.443 | Terrestrial acidification: 0.0046 | Climate change: 2.301 | Terrestrial ecotoxicity: 0.0 | Photochemical oxidant formation: 0.0044 | Ionising radiation: 0.0489 | Metal depletion: 1.1726 | Freshwater eutrophication: 0.0",10.44304475,2.30104382,0.0,9.242e-05,6.9e-07,0.08974327,0.04891772,0.00028576,0.00014345,1.17255414,0.0,0.0,0.00195833,0.00442236,0.00464385,3.396e-05,15.66456713,0.00536852
"Process steam from natural gas, consumption mix, at plant, heat plant, MJ",Product-as-a-Service,Energy carriers and technologies > Heat and steam,EE,MJ,process steam from natural gas,,natural gas,"Process: Process steam from natural gas, consumption mix, at plant, heat plant, MJ | Category: Energy carriers and technologies > Heat and steam | Lifecycle Stage: Product-as-a-Service | Location: EE | Materials: natural gas | Unit: 1 MJ | Reference Flow: process steam from natural gas | Description:  | Water depletion: 0.0 | Freshwater ecotoxicity: 0.0 | Marine ecotoxicity: 0.0 | Marine eutrophication: 0.0 | Human toxicity: 0.0004 | Particulate matter formation: 0.0001 | Terrestrial acidification: 0.0002 | Climate change: 0.0793 | Terrestrial ecotoxicity: 0.0 | Photochemical oxidant formation: 0.0002 | Ionising radiation: 0.0009 | Metal depletion: 0.0001 | Freshwater eutrophication: 0.0",0.0,0.0792748,0.0,3.04e-06,1.04e-06,0.0004243,0.00089857,4.21e-06,6.79e-06,6.487e-05,0.0,0.0,5.92e-05,0.00018871,0.00018219,3.2e-07,0.0,1.366e-05
"Aerated concrete block, production mix, at plant, type P4 05 reinforced, average density 485 kg/m3",Raw Materials,Systems > Construction,RER,kg,aerated concrete block,,concrete,"Process: Aerated concrete block, production mix, at plant, type P4 05 reinforced, average density 485 kg/m3 | Category: Systems > Construction | Lifecycle Stage: Raw Materials | Location: RER | Materials: concrete | Unit: 1 kg | Reference Flow: aerated concrete block | Description:  | Water depletion: 0.0021 | Freshwater ecotoxicity: 0.0 | Marine ecotoxicity: 0.0001 | Ozone depletion: 0.0 | Marine eutrophication: 0.0 | Human toxicity: 0.0219 | Particulate matter formation: 0.0004 | Terrestrial acidification: 0.0009 | Climate change: 0.5211 | Terrestrial ecotoxicity: 0.0 | Photochemical oxidant formation: 0.0009 | Ionising radiation: 0.027 | Metal depletion: 0.0655 | Freshwater eutrophication: 0.0",0.0,0.5211047,0.0,3.334e-05,6.4e-07,0.02193291,0.02700356,5.277e-05,2.988e-05,0.06551822,0.0,3e-08,0.0003772,0.00086274,0.00090932,6.16e-06,0.0,0.00206369
"Electricity Mix, consumption mix, at consumer, AC, 1kV - 60kV",Product-as-a-Service,Energy carriers and technologies > Electricity,SI,MJ,electricity mix,,other,"Process: Electricity Mix, consumption mix, at consumer, AC, 1kV - 60kV | Category: Energy carriers and technologies > Electricity | Lifecycle Stage: Product-as-a-Service | Location: SI | Materials: other | Unit: 1 MJ | Reference Flow: electricity mix | Description:  | Water depletion: 0.0013 | Freshwater ecotoxicity: 0.0002 | Marine ecotoxicity: 0.0001 | Ozone depletion: 0.0 | Marine eutrophication: 0.0001 | Human toxicity: 0.0338 | Particulate matter formation: 0.0029 | Terrestrial acidification: 0.0125 | Climate change: 0.5956 | Terrestrial ecotoxicity: 0.0 | Photochemical oxidant formation: 0.0023 | Ionising radiation: 0.185 | Metal depletion: 0.0001 | Freshwater eutrophication: 0.0",0.0,0.5955638,0.0,0.00018963,1.4e-07,0.03376035,0.18499377,0.00012147,5.248e-05,0.00014086,0.0,1.5e-07,0.00289032,0.00227646,0.01254528,1.98e-05,0.0,0.00134563
"Electricity Mix, consumption mix, at consumer, AC, 1kV - 60kV",Product-as-a-Service,Energy carriers and technologies > Electricity,BG,MJ,electricity mix,,other,"Process: Electricity Mix, consumption mix, at consumer, AC, 1kV - 60kV | Category: Energy carriers and technologies > Electricity | Lifecycle Stage: Product-as-a-Service | Location: BG | Materials: other | Unit: 1 MJ | Reference Flow: electricity mix | Description:  | Water depletion: 0.0019 | Freshwater ecotoxicity: 0.0003 | Marine ecotoxicity: 0.0003 | Ozone depletion: 0.0 | Marine eutrophication: 0.0001 | Human toxicity: 0.0511 | Particulate matter formation: 0.0062 | Terrestrial acidification: 0.0237 | Climate change: 0.7838 | Terrestrial ecotoxicity: 0.0 | Photochemical oxidant formation: 0.0044 | Ionising radiation: 0.2659 | Metal depletion: 0.0001 | Freshwater eutrophication: 0.0",0.0,0.78381455,0.0,0.00027462,7.5e-07,0.05113447,0.26588252,0.00027594,0.00010231,0.00013892,0.0,2.2e-07,0.00624564,0.00438189,0.0237307,3.571e-05,0.0,0.00194449
"Compressed air, production mix, 10 bar, high efficiency, low power consumption",Raw Materials,Energy carriers and technologies > Mechanical energy,GLO,m3,compressed air,,other,"Process: Compressed air, production mix, 10 bar, high efficiency, low power consumption | Category: Energy carriers and technologies > Mechanical energy | Lifecycle Stage: Raw Materials | Location: GLO | Materials: other | Unit: 1 m3 | Reference Flow: compressed air | Description: ",0.0,0.0,0.0,0.0,0.0,0.0,0.0,0.0,0.0,0.0,0.0,0.0,0.0,0.0,0.0,0.0,0.0,0.0
"Process steam from natural gas, consumption mix, at plant, heat plant, MJ",Product-as-a-Service,Energy carriers and technologies > Heat and steam,DK,MJ,process steam from natural gas,,natural gas,"Process: Process steam from natural gas, consumption mix, at plant, heat plant, MJ | Category: Energy carriers and technologies > Heat and steam | Lifecycle Stage: Product-as-a-Service | Location: DK | Materials: natural gas | Unit: 1 MJ | Reference Flow: process steam from natural gas | Description:  | Water depletion: 0.0 | Freshwater ecotoxicity: 0.0 | Marine ecotoxicity: 0.0 | Marine eutrophication: 0.0 | Human toxicity: 0.0001 | Particulate matter formation: 0.0 | Terrestrial acidification: 0.0 | Climate change: 0.0689 | Terrestrial ecotoxicity: 0.0 | Photochemical oxidant formation: 0.0001 | Ionising radiation: 0.0 | Metal depletion: 0.0 | Freshwater eutrophication: 0.0",0.0,0.06886272,0.0,7e-08,2e-08,5.023e-05,6.88e-06,1.69e-06,2.06e-06,1.208e-05,0.0,0.0,1.387e-05,5.587e-05,3.905e-05,3e-08,0.0,8.7e-07
"Process steam from Light fuel oil 90 %, consumption mix, at power plant, heat plant, MJ, 90 % efficiency",Product-as-a-Service,Energy carriers and technologies > Heat and steam,IT,MJ,process steam,,other,"Process: Process steam from Light fuel oil 90 %, consumption mix, at power plant, heat plant, MJ, 90 % efficiency | Category: Energy carriers and technologies > Heat and steam | Lifecycle Stage: Product-as-a-Service | Location: IT | Materials: other | Unit: 1 MJ | Reference Flow: process steam | Description:  | Water depletion: 0.0 | Freshwater ecotoxicity: 0.0 | Marine ecotoxicity: 0.0 | Marine eutrophication: 0.0 | Human toxicity: 0.0004 | Particulate matter formation: 0.0001 | Urban land occupation: 0.0 | Agricultural land occupation: 0.0 | Terrestrial acidification: 0.0002 | Climate change: 0.1016 | Terrestrial ecotoxicity: 0.0 | Photochemical oxidant formation: 0.0002 | Ionising radiation: 0.0 | Metal depletion: 0.0001 | Freshwater eutrophication: 0.0 | Natural land transformation: -0.0",4.01e-06,0.10163584,0.0,3.8e-06,2e-08,0.00037399,4.914e-05,1.045e-05,5.82e-06,5.814e-05,-2e-08,0.0,5.303e-05,0.00017199,0.00017125,1.5e-07,6.02e-06,3.373e-05
"Electricity Mix, consumption mix, at consumer, AC, 1kV - 60kV",Product-as-a-Service,Energy carriers and technologies > Electricity,LU,MJ,electricity mix,,other,"Process: Electricity Mix, consumption mix, at consumer, AC, 1kV - 60kV | Category: Energy carriers and technologies > Electricity | Lifecycle Stage: Product-as-a-Service | Location: LU | Materials: other | Unit: 1 MJ | Reference Flow: electricity mix | Description:  | Water depletion: 0.0014 | Freshwater ecotoxicity: 0.0001 | Marine ecotoxicity: 0.0 | Ozone depletion: 0.0 | Marine eutrophication: 0.0 | Human toxicity: 0.0084 | Particulate matter formation: 0.0002 | Terrestrial acidification: 0.0007 | Climate change: 0.5893 | Terrestrial ecotoxicity: 0.0 | Photochemical oxidant formation: 0.0006 | Ionising radiation: 0.0895 | Metal depletion: 0.0003 | Freshwater eutrophication: 0.0",0.0,0.58927156,0.0,9.621e-05,3.5e-07,0.00843786,0.08949169,4.95e-05,2.264e-05,0.00030196,0.0,7e-08,0.00023678,0.00055693,0.00068977,4.94e-06,0.0,0.00138963
"Polycarbonate granulate (PC), production mix, at plant",Raw Materials,Materials production > Plastics,RER,kg,polycarbonate granulate (PC),,carbon,"Process: Polycarbonate granulate (PC), production mix, at plant | Category: Materials production > Plastics | Lifecycle Stage: Raw Materials | Location: RER | Materials: carbon | Unit: 1 kg | Reference Flow: polycarbonate granulate (PC) | Description:  | Water depletion: 0.0757 | Freshwater ecotoxicity: 0.0001 | Marine ecotoxicity: 0.0007 | Marine eutrophication: 0.0005 | Human toxicity: 0.4936 | Particulate matter formation: 0.0139 | Terrestrial acidification: 0.0224 | Climate change: 8.1083 | Terrestrial ecotoxicity: 0.0001 | Photochemical oxidant formation: 0.0181 | Metal depletion: 0.0009 | Freshwater eutrophication: 0.0004",0.0,8.10831093,0.0,6.184e-05,0.00043035,0.49356472,0.0,0.00068479,0.00047816,0.00090709,0.0,0.0,0.01392997,0.01805898,0.02239572,0.00010397,0.0,0.07568574
"Electricity grid mix, consumption mix, at consumer, AC, 230V",Product-as-a-Service,Energy carriers and technologies > Electricity,GB,MJ,Electricity,,other,"Process: Electricity grid mix, consumption mix, at consumer, AC, 230V | Category: Energy carriers and technologies > Electricity | Lifecycle Stage: Product-as-a-Service | Location: GB | Materials: other | Unit: 1 MJ | Reference Flow: Electricity | Description:  | Water depletion: 0.0022 | Freshwater ecotoxicity: 0.0001 | Marine ecotoxicity: 0.0001 | Ozone depletion: 0.0 | Marine eutrophication: 0.0001 | Human toxicity: 0.0084 | Particulate matter formation: 0.0005 | Urban land occupation: 0.0009 | Agricultural land occupation: 0.0006 | Terrestrial acidification: 0.0018 | Climate change: 0.5948 | Terrestrial ecotoxicity: 0.0 | Photochemical oxidant formation: 0.0014 | Ionising radiation: 0.0577 | Metal depletion: 0.0004 | Freshwater eutrophication: 0.0 | Natural land transformation: -0.0",0.00058619,0.59476692,0.0,7.716e-05,4e-08,0.0084336,0.05774984,5.835e-05,5.543e-05,0.00042888,-4.54e-06,1e-08,0.00053828,0.001431,0.00176201,4.59e-06,0.00087928,0.00224384
"Process steam from natural gas, consumption mix, at plant, heat plant, MJ",Product-as-a-Service,Energy carriers and technologies > Heat and steam,DE,MJ,process steam from natural gas,,natural gas,"Process: Process steam from natural gas, consumption mix, at plant, heat plant, MJ | Category: Energy carriers and technologies > Heat and steam | Lifecycle Stage: Product-as-a-Service | Location: DE | Materials: natural gas | Unit: 1 MJ | Reference Flow: process steam from natural gas | Description:  | Water depletion: 0.0 | Freshwater ecotoxicity: 0.0 | Marine ecotoxicity: 0.0 | Marine eutrophication: 0.0 | Human toxicity: 0.0002 | Particulate matter formation: 0.0 | Terrestrial acidification: 0.0001 | Climate change: 0.0727 | Terrestrial ecotoxicity: 0.0 | Photochemical oxidant formation: 0.0001 | Ionising radiation: 0.0001 | Metal depletion: 0.0001 | Freshwater eutrophication: 0.0",0.0,0.07266805,0.0,1.87e-06,4e-07,0.00015519,0.00013954,2.36e-06,2.18e-06,5.981e-05,0.0,0.0,1.76e-05,6.335e-05,5.577e-05,8e-08,0.0,1.89e-06
"High impact polystyrene granulate (HIPS), production mix, at plant",Raw Materials,Materials production > Plastics,RER,kg,high impact polystyrene granulate (HIPS),,other,"Process: High impact polystyrene granulate (HIPS), production mix, at plant | Category: Materials production > Plastics | Lifecycle Stage: Raw Materials | Location: RER | Materials: other | Unit: 1 kg | Reference Flow: high impact polystyrene granulate (HIPS) | Description:  | Water depletion: 0.1323 | Freshwater ecotoxicity: 0.0005 | Marine ecotoxicity: 0.0007 | Marine eutrophication: 0.0002 | Human toxicity: 0.0081 | Particulate matter formation: 0.0038 | Terrestrial acidification: 0.011 | Climate change: 3.6141 | Terrestrial ecotoxicity: 0.0 | Photochemical oxidant formation: 0.0101 | Metal depletion: 0.0092 | Freshwater eutrophication: 0.0",0.0,3.61405489,0.0,0.00053081,7.04e-06,0.00813148,0.0,0.00074229,0.00023241,0.00922296,0.0,0.0,0.00378068,0.01013029,0.01097636,2.423e-05,0.0,0.13230284
"Electricity grid mix, consumption mix, at consumer, AC, 230V",Product-as-a-Service,Energy carriers and technologies > Electricity,EE,MJ,Electricity,,other,"Process: Electricity grid mix, consumption mix, at consumer, AC, 230V | Category: Energy carriers and technologies > Electricity | Lifecycle Stage: Product-as-a-Service | Location: EE | Materials: other | Unit: 1 MJ | Reference Flow: Electricity | Description:  | Water depletion: 0.0034 | Freshwater ecotoxicity: 0.0001 | Marine ecotoxicity: 0.0002 | Marine eutrophication: 0.0001 | Human toxicity: 0.0474 | Particulate matter formation: 0.0022 | Urban land occupation: 0.0003 | Agricultural land occupation: 0.0002 | Terrestrial acidification: 0.0072 | Climate change: 1.3419 | Terrestrial ecotoxicity: 0.0 | Photochemical oxidant formation: 0.002 | Ionising radiation: 0.0319 | Metal depletion: 0.0008 | Freshwater eutrophication: 0.0 | Natural land transformation: 0.0",0.00023009,1.34186917,0.0,0.00014994,3e-08,0.04739107,0.03194026,0.00024743,8.3e-05,0.00079071,-4.821e-05,0.0,0.0021807,0.00197718,0.00718636,2.165e-05,0.00034513,0.00339806
"Steel hot rolled coil, including recycling, production mix, at plant, blast furnace route, 1kg, typical thickness between 2 - 7 mm. typical width between 600 - 2100 mm",End-of-Life,Materials production > Metals and semimetals,GLO,kg,Steel hot rolled coil,,steel,"Process: Steel hot rolled coil, including recycling, production mix, at plant, blast furnace route, 1kg, typical thickness between 2 - 7 mm. typical width between 600 - 2100 mm | Category: Materials production > Metals and semimetals | Lifecycle Stage: End-of-Life | Location: GLO | Materials: steel | Unit: 1 kg | Reference Flow: Steel hot rolled coil | Description:  | Water depletion: 0.0003 | Freshwater ecotoxicity: 0.0 | Marine ecotoxicity: 0.0003 | Ozone depletion: 0.0 | Marine eutrophication: 0.0003 | Human toxicity: 0.074 | Particulate matter formation: 0.0011 | Terrestrial acidification: 0.0022 | Climate change: 0.9294 | Terrestrial ecotoxicity: 0.0 | Photochemical oxidant formation: 0.002 | Ionising radiation: 0.0479 | Metal depletion: 0.3231 | Freshwater eutrophication: 0.0",0.0,0.92942191,0.0,3.247e-05,1.95e-06,0.07397059,0.04786671,0.00026193,0.00031949,0.32307253,0.0,4e-08,0.00109656,0.00201792,0.00221174,3.35e-05,0.0,0.00031579
"Continuous filament glass fibre (dry chopped strands), at plant",Raw Materials,Materials production > Glass and ceramics,RER,kg,Continuous filament glass fibre,,"glass, tin","Process: Continuous filament glass fibre (dry chopped strands), at plant | Category: Materials production > Glass and ceramics | Lifecycle Stage: Raw Materials | Location: RER | Materials: glass, tin | Unit: 1 kg | Reference Flow: Continuous filament glass fibre | Description:  | Water depletion: 0.0182 | Freshwater ecotoxicity: 0.0011 | Marine ecotoxicity: 0.0013 | Ozone depletion: 0.0 | Marine eutrophication: 0.0004 | Human toxicity: 0.0843 | Particulate matter formation: 0.0018 | Terrestrial acidification: 0.0055 | Climate change: 1.9186 | Terrestrial ecotoxicity: 0.0 | Photochemical oxidant formation: 0.0047 | Ionising radiation: 0.9118 | Metal depletion: 0.0099 | Freshwater eutrophication: 0.0",0.0,1.91855974,0.0,0.00112982,1.479e-05,0.0842775,0.91176894,0.00130723,0.00041115,0.00990492,0.0,1.6e-07,0.00181988,0.00469774,0.00550616,4.903e-05,0.0,0.01819842
"Process steam from natural gas, consumption mix, at plant, heat plant, MJ",Product-as-a-Service,Energy carriers and technologies > Heat and steam,CZ,MJ,process steam from natural gas,,natural gas,"Process: Process steam from natural gas, consumption mix, at plant, heat plant, MJ | Category: Energy carriers and technologies > Heat and steam | Lifecycle Stage: Product-as-a-Service | Location: CZ | Materials: natural gas | Unit: 1 MJ | Reference Flow: process steam from natural gas | Description:  | Water depletion: 0.0 | Freshwater ecotoxicity: 0.0 | Marine ecotoxicity: 0.0 | Marine eutrophication: 0.0 | Human toxicity: 0.0002 | Particulate matter formation: 0.0 | Terrestrial acidification: 0.0002 | Climate change: 0.081 | Terrestrial ecotoxicity: 0.0 | Photochemical oxidant formation: 0.0002 | Ionising radiation: 0.0001 | Metal depletion: 0.0001 | Freshwater eutrophication: 0.0",0.0,0.08104298,0.0,1.67e-06,8e-07,0.00019628,0.00012404,1.83e-06,6.6e-06,5.201e-05,0.0,0.0,4.935e-05,0.00018833,0.00015063,1.1e-07,0.0,1.66e-06
"Electricity Mix, consumption mix, at consumer, AC, 220V",Product-as-a-Service,Energy carriers and technologies > Electricity,CZ,MJ,electricity mix,,other,"Process: Electricity Mix, consumption mix, at consumer, AC, 220V | Category: Energy carriers and technologies > Electricity | Lifecycle Stage: Product-as-a-Service | Location: CZ | Materials: other | Unit: 1 MJ | Reference Flow: electricity mix | Description:  | Water depletion: 0.0016 | Freshwater ecotoxicity: 0.0001 | Marine ecotoxicity: 0.0001 | Ozone depletion: 0.0 | Marine eutrophication: 0.0001 | Human toxicity: 0.043 | Particulate matter formation: 0.0042 | Terrestrial acidification: 0.0182 | Climate change: 0.8174 | Terrestrial ecotoxicity: 0.0 | Photochemical oxidant formation: 0.0034 | Ionising radiation: 0.1328 | Metal depletion: 0.0001 | Freshwater eutrophication: 0.0",0.0,0.81744737,0.0,0.00014083,4.3e-07,0.04295637,0.13281511,0.0001235,8.007e-05,0.00012345,0.0,1.1e-07,0.00420097,0.0034215,0.01819868,2.272e-05,0.0,0.00157072
"Process steam from natural gas 90%, consumption mix, at power plant, heat plant, MJ, 90 % efficiency",Product-as-a-Service,Energy carriers and technologies > Heat and steam,IE,MJ,process steam,,natural gas,"Process: Process steam from natural gas 90%, consumption mix, at power plant, heat plant, MJ, 90 % efficiency | Category: Energy carriers and technologies > Heat and steam | Lifecycle Stage: Product-as-a-Service | Location: IE | Materials: natural gas | Unit: 1 MJ | Reference Flow: process steam | Description:  | Water depletion: 0.0 | Freshwater ecotoxicity: 0.0 | Marine ecotoxicity: 0.0 | Marine eutrophication: 0.0 | Human toxicity: 0.0001 | Particulate matter formation: 0.0 | Urban land occupation: 0.0 | Agricultural land occupation: 0.0 | Terrestrial acidification: 0.0 | Climate change: 0.074 | Terrestrial ecotoxicity: 0.0 | Photochemical oxidant formation: 0.0001 | Ionising radiation: 0.0 | Metal depletion: 0.0 | Natural land transformation: -0.0",2.97e-06,0.07403393,0.0,1.6e-07,0.0,5.871e-05,1.061e-05,1.6e-06,2.44e-06,3.675e-05,-1e-08,0.0,1.919e-05,6.759e-05,4.358e-05,2e-08,4.46e-06,3.41e-06
"Process steam from Heavy fuel oil 90 %, consumption mix, at power plant, heat plant, MJ, 90 % efficiency",Product-as-a-Service,Energy carriers and technologies > Heat and steam,IE,MJ,process steam,,other,"Process: Process steam from Heavy fuel oil 90 %, consumption mix, at power plant, heat plant, MJ, 90 % efficiency | Category: Energy carriers and technologies > Heat and steam | Lifecycle Stage: Product-as-a-Service | Location: IE | Materials: other | Unit: 1 MJ | Reference Flow: process steam | Description:  | Water depletion: 0.0 | Freshwater ecotoxicity: 0.0 | Marine ecotoxicity: 0.0001 | Marine eutrophication: 0.0 | Human toxicity: 0.0017 | Particulate matter formation: 0.0001 | Urban land occupation: 0.0 | Agricultural land occupation: 0.0 | Terrestrial acidification: 0.0004 | Climate change: 0.1017 | Terrestrial ecotoxicity: 0.0 | Photochemical oxidant formation: 0.0003 | Ionising radiation: 0.0 | Metal depletion: 0.0 | Freshwater eutrophication: 0.0 | Natural land transformation: -0.0",1.97e-06,0.10165586,0.0,2.56e-06,2e-08,0.00172932,9.64e-06,9.423e-05,9.69e-06,3.237e-05,-1e-08,0.0,0.00011617,0.00025858,0.00037184,1.97e-06,2.96e-06,8.61e-06
"Process steam from natural gas, consumption mix, at plant, heat plant, MJ",Product-as-a-Service,Energy carriers and technologies > Heat and steam,CH,MJ,process steam from natural gas,,natural gas,"Process: Process steam from natural gas, consumption mix, at plant, heat plant, MJ | Category: Energy carriers and technologies > Heat and steam | Lifecycle Stage: Product-as-a-Service | Location: CH | Materials: natural gas | Unit: 1 MJ | Reference Flow: process steam from natural gas | Description:  | Water depletion: 0.0 | Freshwater ecotoxicity: 0.0 | Marine ecotoxicity: 0.0 | Marine eutrophication: 0.0 | Human toxicity: 0.0002 | Particulate matter formation: 0.0 | Terrestrial acidification: 0.0 | Climate change: 0.0698 | Terrestrial ecotoxicity: 0.0 | Photochemical oxidant formation: 0.0001 | Ionising radiation: 0.0001 | Metal depletion: 0.0001 | Freshwater eutrophication: 0.0",0.0,0.06983001,0.0,3.19e-06,1.8e-07,0.00024771,0.00012555,3.58e-06,1.84e-06,0.00010023,0.0,0.0,1.535e-05,5.378e-05,4.879e-05,1.2e-07,0.0,1.23e-06
"Articulated lorry transport, Euro 0, 1, 2, 3, 4 mix, 40 t total weight, 27 t max payload",Transport & Packaging,Transport services > Road,RER,kg,cargo,,other,"Process: Articulated lorry transport, Euro 0, 1, 2, 3, 4 mix, 40 t total weight, 27 t max payload | Category: Transport services > Road | Lifecycle Stage: Transport & Packaging | Location: RER | Materials: other | Unit: 1 kg | Reference Flow: cargo | Description: ",0.0,0.0,0.0,0.0,0.0,0.0,0.0,0.0,0.0,0.0,0.0,0.0,0.0,0.0,0.0,0.0,0.0,0.0
"Articulated lorry transport, Euro 0, 1, 2, 3, 4 mix, 40 t total weight, 27 t max payload",Transport & Packaging,Transport services > Road,RER,t*km,transport in t*km,,other,"Process: Articulated lorry transport, Euro 0, 1, 2, 3, 4 mix, 40 t total weight, 27 t max payload | Category: Transport services > Road | Lifecycle Stage: Transport & Packaging | Location: RER | Materials: other | Unit: 1 t*km | Reference Flow: transport in t*km | Description:  | Water depletion: 0.0 | Freshwater ecotoxicity: 0.0 | Marine ecotoxicity: 0.0 | Marine eutrophication: 0.0 | Human toxicity: 0.0002 | Particulate matter formation: 0.0001 | Terrestrial acidification: 0.0002 | Climate change: 0.05 | Terrestrial ecotoxicity: 0.0 | Photochemical oxidant formation: 0.0004 | Ionising radiation: 0.0001 | Metal depletion: 0.0 | Freshwater eutrophication: 0.0",0.0,0.05001101,0.0,1.18e-06,1.6e-07,0.00018149,0.00012272,1.404e-05,1.523e-05,1.168e-05,0.0,0.0,9.763e-05,0.00041385,0.00024174,1.6e-07,0.0,4.45e-06
"Lorry transport, Euro 0, 1, 2, 3, 4 mix, 22 t total weight, 17,3 t max payload",Transport & Packaging,Transport services > Road,RER,kg,cargo,,other,"Process: Lorry transport, Euro 0, 1, 2, 3, 4 mix, 22 t total weight, 17,3 t max payload | Category: Transport services > Road | Lifecycle Stage: Transport & Packaging | Location: RER | Materials: other | Unit: 1 kg | Reference Flow: cargo | Description: ",0.0,0.0,0.0,0.0,0.0,0.0,0.0,0.0,0.0,0.0,0.0,0.0,0.0,0.0,0.0,0.0,0.0,0.0
"Lorry transport, Euro 0, 1, 2, 3, 4 mix, 22 t total weight, 17,3t max payload",Transport & Packaging,Transport services > Road,RER,t*km,transport in t*km,,other,"Process: Lorry transport, Euro 0, 1, 2, 3, 4 mix, 22 t total weight, 17,3t max payload | Category: Transport services > Road | Lifecycle Stage: Transport & Packaging | Location: RER | Materials: other | Unit: 1 t*km | Reference Flow: transport in t*km | Description:  | Water depletion: 0.0 | Freshwater ecotoxicity: 0.0 | Marine ecotoxicity: 0.0 | Marine eutrophication: 0.0 | Human toxicity: 0.0002 | Particulate matter formation: 0.0001 | Terrestrial acidification: 0.0003 | Climate change: 0.0661 | Terrestrial ecotoxicity: 0.0 | Photochemical oxidant formation: 0.0006 | Ionising radiation: 0.0002 | Metal depletion: 0.0 | Freshwater eutrophication: 0.0",0.0,0.06605938,0.0,1.55e-06,2.1e-07,0.00023973,0.00016199,1.854e-05,2.133e-05,1.542e-05,0.0,0.0,0.0001373,0.00058295,0.00033677,2.2e-07,0.0,5.88e-06
"Small lorry transport, Euro 0, 1, 2, 3, 4 mix, 7,5 t total weight, 3,3 t max payload",Transport & Packaging,Transport services > Road,RER,kg,cargo,,other,"Process: Small lorry transport, Euro 0, 1, 2, 3, 4 mix, 7,5 t total weight, 3,3 t max payload | Category: Transport services > Road | Lifecycle Stage: Transport & Packaging | Location: RER | Materials: other | Unit: 1 kg | Reference Flow: cargo | Description: ",0.0,0.0,0.0,0.0,0.0,0.0,0.0,0.0,0.0,0.0,0.0,0.0,0.0,0.0,0.0,0.0,0.0,0.0
"Small lorry transport, Euro 0, 1, 2, 3, 4 mix, 7,5 t total weight, 3,3 t max payload",Transport & Packaging,Transport services > Road,RER,t*km,transport in t*km,,other,"Process: Small lorry transport, Euro 0, 1, 2, 3, 4 mix, 7,5 t total weight, 3,3 t max payload | Category: Transport services > Road | Lifecycle Stage: Transport & Packaging | Location: RER | Materials: other | Unit: 1 t*km | Reference Flow: transport in t*km | Description:  | Water depletion: 0.0 | Freshwater ecotoxicity: 0.0 | Marine ecotoxicity: 0.0 | Marine eutrophication: 0.0 | Human toxicity: 0.0005 | Particulate matter formation: 0.0003 | Terrestrial acidification: 0.0007 | Climate change: 0.137 | Terrestrial ecotoxicity: 0.0 | Photochemical oxidant formation: 0.0012 | Ionising radiation: 0.0003 | Metal depletion: 0.0 | Freshwater eutrophication: 0.0",0.0,0.13695459,0.0,3.2e-06,4.3e-07,0.00049554,0.00033445,3.827e-05,4.261e-05,3.184e-05,0.0,0.0,0.00027834,0.00118202,0.00067611,4.5e-07,0.0,1.214e-05
"Process steam from light fuel oil, consumption mix, at plant, heat plant, MJ",Product-as-a-Service,Energy carriers and technologies > Heat and steam,GB,MJ,process steam from light fuel oil,,other,"Process: Process steam from light fuel oil, consumption mix, at plant, heat plant, MJ | Category: Energy carriers and technologies > Heat and steam | Lifecycle Stage: Product-as-a-Service | Location: GB | Materials: other | Unit: 1 MJ | Reference Flow: process steam from light fuel oil | Description:  | Water depletion: -0.0 | Freshwater ecotoxicity: 0.0 | Marine ecotoxicity: 0.0 | Marine eutrophication: 0.0 | Human toxicity: 0.0003 | Particulate matter formation: 0.0001 | Terrestrial acidification: 0.0002 | Climate change: 0.0907 | Terrestrial ecotoxicity: 0.0 | Photochemical oxidant formation: 0.0003 | Ionising radiation: 0.0002 | Metal depletion: 0.0 | Freshwater eutrophication: 0.0",0.0,0.09066544,0.0,1.17e-06,6e-08,0.00030636,0.00021011,3.611e-05,9.75e-06,1.397e-05,0.0,0.0,7.113e-05,0.00025384,0.00021497,3.1e-07,0.0,-6.3e-07
"Process steam from natural gas, consumption mix, at plant, heat plant, MJ",Product-as-a-Service,Energy carriers and technologies > Heat and steam,BG,MJ,process steam from natural gas,,natural gas,"Process: Process steam from natural gas, consumption mix, at plant, heat plant, MJ | Category: Energy carriers and technologies > Heat and steam | Lifecycle Stage: Product-as-a-Service | Location: BG | Materials: natural gas | Unit: 1 MJ | Reference Flow: process steam from natural gas | Description:  | Water depletion: 0.0 | Freshwater ecotoxicity: 0.0 | Marine ecotoxicity: 0.0 | Marine eutrophication: 0.0 | Human toxicity: 0.0003 | Particulate matter formation: 0.0001 | Terrestrial acidification: 0.0002 | Climate change: 0.0758 | Terrestrial ecotoxicity: 0.0 | Photochemical oxidant formation: 0.0003 | Ionising radiation: 0.0005 | Metal depletion: 0.0001 | Freshwater eutrophication: 0.0",0.0,0.07579141,0.0,2.42e-06,1.01e-06,0.00032601,0.00045596,2.53e-06,9.5e-06,6.349e-05,0.0,0.0,7.452e-05,0.00025969,0.00022483,2e-07,0.0,3.6e-06
"Electricity Mix, consumption mix, at consumer, AC, 1kV - 60kV",Product-as-a-Service,Energy carriers and technologies > Electricity,SE,MJ,electricity mix,,other,"Process: Electricity Mix, consumption mix, at consumer, AC, 1kV - 60kV | Category: Energy carriers and technologies > Electricity | Lifecycle Stage: Product-as-a-Service | Location: SE | Materials: other | Unit: 1 MJ | Reference Flow: electricity mix | Description:  | Water depletion: 0.0009 | Freshwater ecotoxicity: 0.0002 | Marine ecotoxicity: 0.0001 | Ozone depletion: 0.0 | Marine eutrophication: 0.0 | Human toxicity: 0.004 | Particulate matter formation: 0.0001 | Terrestrial acidification: 0.0002 | Climate change: 0.1058 | Terrestrial ecotoxicity: 0.0 | Photochemical oxidant formation: 0.0001 | Ionising radiation: 0.2154 | Metal depletion: 0.0002 | Freshwater eutrophication: 0.0",0.0,0.10580607,0.0,0.00021225,7e-08,0.0040099,0.21538324,5.83e-05,8.55e-06,0.00019617,0.0,1.8e-07,6.728e-05,0.00014858,0.00017662,4.6e-06,0.0,0.00092696
"Electricity grid mix 1kV-60kV, consumption mix, at consumer, AC, 1kV - 60kV",Product-as-a-Service,Energy carriers and technologies > Electricity,LT,MJ,Electricity,,other,"Process: Electricity grid mix 1kV-60kV, consumption mix, at consumer, AC, 1kV - 60kV | Category: Energy carriers and technologies > Electricity | Lifecycle Stage: Product-as-a-Service | Location: LT | Materials: other | Unit: 1 MJ | Reference Flow: Electricity | Description:  | Water depletion: 0.0036 | Freshwater ecotoxicity: 0.0004 | Marine ecotoxicity: 0.0003 | Marine eutrophication: 0.0 | Human toxicity: 0.0381 | Particulate matter formation: 0.0004 | Urban land occupation: 0.0001 | Agricultural land occupation: 0.0001 | Terrestrial acidification: 0.0014 | Climate change: 0.29 | Terrestrial ecotoxicity: 0.0 | Photochemical oxidant formation: 0.0008 | Ionising radiation: 0.1929 | Metal depletion: 0.0014 | Freshwater eutrophication: 0.0 | Natural land transformation: -0.0",6.172e-05,0.28999676,0.0,0.00040009,3e-08,0.03807804,0.19289064,0.00026782,3.209e-05,0.00142054,-1.45e-06,0.0,0.00044185,0.00083712,0.00144017,9.95e-06,9.259e-05,0.0035569
"Electricity Mix, consumption mix, at consumer, AC, 1kV - 60kV",Product-as-a-Service,Energy carriers and technologies > Electricity,IS,MJ,electricity mix,,other,"Process: Electricity Mix, consumption mix, at consumer, AC, 1kV - 60kV | Category: Energy carriers and technologies > Electricity | Lifecycle Stage: Product-as-a-Service | Location: IS | Materials: other | Unit: 1 MJ | Reference Flow: electricity mix | Description:  | Water depletion: 0.0 | Freshwater ecotoxicity: 0.0 | Marine ecotoxicity: 0.0 | Marine eutrophication: 0.0 | Human toxicity: 0.0001 | Particulate matter formation: 0.0 | Terrestrial acidification: 0.0 | Climate change: 0.0224 | Terrestrial ecotoxicity: 0.0 | Photochemical oxidant formation: 0.0 | Ionising radiation: 0.0001 | Metal depletion: 0.0003 | Freshwater eutrophication: 0.0",0.0,0.02244692,0.0,4.08e-06,1e-08,8.751e-05,0.00012215,6.3e-07,4.3e-07,0.00031934,0.0,0.0,3.89e-06,1.174e-05,9.39e-06,5e-08,0.0,1.302e-05
"Electricity grid mix, consumption mix, at consumer, AC, 230V",Product-as-a-Service,Energy carriers and technologies > Electricity,PL,MJ,Electricity,,other,"Process: Electricity grid mix, consumption mix, at consumer, AC, 230V | Category: Energy carriers and technologies > Electricity | Lifecycle Stage: Product-as-a-Service | Location: PL | Materials: other | Unit: 1 MJ | Reference Flow: Electricity | Description:  | Water depletion: 0.0024 | Freshwater ecotoxicity: 0.0001 | Marine ecotoxicity: 0.0002 | Marine eutrophication: 0.0001 | Human toxicity: 0.0381 | Particulate matter formation: 0.0016 | Urban land occupation: 0.0002 | Agricultural land occupation: 0.0001 | Terrestrial acidification: 0.0059 | Climate change: 1.1088 | Terrestrial ecotoxicity: 0.0 | Photochemical oxidant formation: 0.0027 | Ionising radiation: 0.0073 | Metal depletion: 0.0006 | Freshwater eutrophication: 0.0 | Natural land transformation: -0.0",0.00010755,1.10879703,0.0,0.00011255,2e-08,0.03812037,0.00734011,0.00018809,9.662e-05,0.0006326,-2.72e-05,0.0,0.00164864,0.00269796,0.00589289,2.041e-05,0.00016132,0.0023969
"Very fine milled silica sand d50 = 20 micrometer, at plant, Production, median diameter of silica sand grains is 20 micrometers",Raw Materials,Materials production > Other mineral materials,EU-27,kg,Very fine milled silica sand d50 = 20 micrometer,,grain,"Process: Very fine milled silica sand d50 = 20 micrometer, at plant, Production, median diameter of silica sand grains is 20 micrometers | Category: Materials production > Other mineral materials | Lifecycle Stage: Raw Materials | Location: EU-27 | Materials: grain | Unit: 1 kg | Reference Flow: Very fine milled silica sand d50 = 20 micrometer | Description:  | Water depletion: 0.0046 | Freshwater ecotoxicity: 0.0003 | Marine ecotoxicity: 0.0002 | Ozone depletion: 0.0 | Marine eutrophication: 0.0 | Human toxicity: 0.0112 | Particulate matter formation: 0.0001 | Terrestrial acidification: 0.0004 | Climate change: 0.1216 | Terrestrial ecotoxicity: 0.0005 | Photochemical oxidant formation: 0.0003 | Ionising radiation: 0.1062 | Metal depletion: 0.0002 | Freshwater eutrophication: 0.0",0.0,0.12158521,0.0,0.00026649,1.9e-07,0.0112033,0.1061523,0.00020496,1.443e-05,0.00023108,0.0,1e-08,9.831e-05,0.0003116,0.00037795,0.0005285,0.0,0.00457533
"Process steam from natural gas, consumption mix, at plant, heat plant, MJ",Product-as-a-Service,Energy carriers and technologies > Heat and steam,BE,MJ,process steam from natural gas,,natural gas,"Process: Process steam from natural gas, consumption mix, at plant, heat plant, MJ | Category: Energy carriers and technologies > Heat and steam | Lifecycle Stage: Product-as-a-Service | Location: BE | Materials: natural gas | Unit: 1 MJ | Reference Flow: process steam from natural gas | Description:  | Water depletion: 0.0 | Freshwater ecotoxicity: 0.0 | Marine ecotoxicity: 0.0 | Marine eutrophication: 0.0 | Human toxicity: 0.0001 | Particulate matter formation: 0.0 | Terrestrial acidification: 0.0001 | Climate change: 0.0708 | Terrestrial ecotoxicity: 0.0 | Photochemical oxidant formation: 0.0001 | Ionising radiation: 0.0002 | Metal depletion: 0.0 | Freshwater eutrophication: 0.0",0.0,0.070764,0.0,8.6e-07,5e-08,0.00014185,0.00015562,2.21e-06,4.97e-06,3.059e-05,0.0,0.0,3.179e-05,0.00014099,8.344e-05,9e-08,0.0,1.48e-06
"Process steam from Light fuel oil 90 %, consumption mix, at power plant, heat plant, MJ, 90 % efficiency",Product-as-a-Service,Energy carriers and technologies > Heat and steam,SK,MJ,process steam,,other,"Process: Process steam from Light fuel oil 90 %, consumption mix, at power plant, heat plant, MJ, 90 % efficiency | Category: Energy carriers and technologies > Heat and steam | Lifecycle Stage: Product-as-a-Service | Location: SK | Materials: other | Unit: 1 MJ | Reference Flow: process steam | Description:  | Water depletion: 0.0001 | Freshwater ecotoxicity: 0.0 | Marine ecotoxicity: 0.0 | Marine eutrophication: 0.0 | Human toxicity: 0.0003 | Particulate matter formation: 0.0001 | Urban land occupation: 0.0 | Agricultural land occupation: 0.0 | Terrestrial acidification: 0.0002 | Climate change: 0.1051 | Terrestrial ecotoxicity: 0.0 | Photochemical oxidant formation: 0.0002 | Ionising radiation: 0.0003 | Metal depletion: 0.0001 | Freshwater eutrophication: 0.0 | Natural land transformation: -0.0",1.229e-05,0.10513561,0.0,3.19e-06,2e-08,0.00031209,0.00027148,3.95e-06,7.37e-06,0.00013468,-7e-08,0.0,6.85e-05,0.00020126,0.00020471,1.9e-07,1.843e-05,6.489e-05
"Electricity grid mix, consumption mix, at consumer, AC, 230V",Product-as-a-Service,Energy carriers and technologies > Electricity,SI,MJ,Electricity,,other,"Process: Electricity grid mix, consumption mix, at consumer, AC, 230V | Category: Energy carriers and technologies > Electricity | Lifecycle Stage: Product-as-a-Service | Location: SI | Materials: other | Unit: 1 MJ | Reference Flow: Electricity | Description:  | Water depletion: 0.0027 | Freshwater ecotoxicity: 0.0006 | Marine ecotoxicity: 0.0005 | Marine eutrophication: 0.0 | Human toxicity: 0.0856 | Particulate matter formation: 0.0004 | Urban land occupation: 0.0001 | Agricultural land occupation: 0.0001 | Terrestrial acidification: 0.0015 | Climate change: 0.473 | Terrestrial ecotoxicity: 0.0 | Photochemical oxidant formation: 0.001 | Ionising radiation: 0.1 | Metal depletion: 0.0037 | Freshwater eutrophication: 0.0 | Natural land transformation: -0.0",5.248e-05,0.47298624,0.0,0.00060817,2e-08,0.08564573,0.09998225,0.00050666,4.367e-05,0.00369235,-1.873e-05,0.0,0.00044466,0.00104456,0.00149099,8.44e-06,7.872e-05,0.002712
"Electricity Mix, consumption mix, at consumer, AC, 1kV - 60kV",Product-as-a-Service,Energy carriers and technologies > Electricity,PT,MJ,electricity mix,,other,"Process: Electricity Mix, consumption mix, at consumer, AC, 1kV - 60kV | Category: Energy carriers and technologies > Electricity | Lifecycle Stage: Product-as-a-Service | Location: PT | Materials: other | Unit: 1 MJ | Reference Flow: electricity mix | Description:  | Water depletion: 0.0013 | Freshwater ecotoxicity: 0.0 | Marine ecotoxicity: 0.0002 | Marine eutrophication: 0.0001 | Human toxicity: 0.0265 | Particulate matter formation: 0.0014 | Terrestrial acidification: 0.005 | Climate change: 0.7704 | Terrestrial ecotoxicity: 0.0 | Photochemical oxidant formation: 0.0026 | Ionising radiation: 0.0065 | Metal depletion: 0.0002 | Freshwater eutrophication: 0.0",0.0,0.7703682,0.0,2.916e-05,4.4e-07,0.02654435,0.00650944,0.00022031,8.461e-05,0.00017259,0.0,0.0,0.00139613,0.0025513,0.00497773,2.281e-05,0.0,0.00128475
"Process steam from light fuel oil, consumption mix, at plant, heat plant, MJ",Product-as-a-Service,Energy carriers and technologies > Heat and steam,AT,MJ,process steam from light fuel oil,,other,"Process: Process steam from light fuel oil, consumption mix, at plant, heat plant, MJ | Category: Energy carriers and technologies > Heat and steam | Lifecycle Stage: Product-as-a-Service | Location: AT | Materials: other | Unit: 1 MJ | Reference Flow: process steam from light fuel oil | Description:  | Water depletion: 0.0 | Freshwater ecotoxicity: 0.0 | Marine ecotoxicity: 0.0 | Marine eutrophication: 0.0 | Human toxicity: 0.0004 | Particulate matter formation: 0.0 | Terrestrial acidification: 0.0001 | Climate change: 0.0939 | Terrestrial ecotoxicity: 0.0 | Photochemical oxidant formation: 0.0001 | Ionising radiation: 0.0002 | Metal depletion: 0.0 | Freshwater eutrophication: 0.0",0.0,0.09385867,0.0,2.3e-06,3e-07,0.00043201,0.00023775,2.617e-05,2.68e-06,2.709e-05,0.0,0.0,2.895e-05,7.128e-05,8.711e-05,3.9e-07,0.0,8.47e-06
"Process steam from light fuel oil, consumption mix, at plant, heat plant, MJ",Product-as-a-Service,Energy carriers and technologies > Heat and steam,BG,MJ,process steam from light fuel oil,,other,"Process: Process steam from light fuel oil, consumption mix, at plant, heat plant, MJ | Category: Energy carriers and technologies > Heat and steam | Lifecycle Stage: Product-as-a-Service | Location: BG | Materials: other | Unit: 1 MJ | Reference Flow: process steam from light fuel oil | Description:  | Water depletion: 0.0 | Freshwater ecotoxicity: 0.0 | Marine ecotoxicity: 0.0 | Marine eutrophication: 0.0 | Human toxicity: 0.0004 | Particulate matter formation: 0.0001 | Terrestrial acidification: 0.0004 | Climate change: 0.0934 | Terrestrial ecotoxicity: 0.0 | Photochemical oxidant formation: 0.0004 | Ionising radiation: 0.0002 | Metal depletion: 0.0 | Freshwater eutrophication: 0.0",0.0,0.0934194,0.0,2.21e-06,2.9e-07,0.00042634,0.00023253,2.609e-05,1.518e-05,2.701e-05,0.0,0.0,0.00012614,0.00040644,0.00036163,4e-07,0.0,8.4e-06
"Electricity Mix, consumption mix, at consumer, AC, 230V",Product-as-a-Service,Energy carriers and technologies > Electricity,NL,MJ,electricity mix,,other,"Process: Electricity Mix, consumption mix, at consumer, AC, 230V | Category: Energy carriers and technologies > Electricity | Lifecycle Stage: Product-as-a-Service | Location: NL | Materials: other | Unit: 1 MJ | Reference Flow: electricity mix | Description:  | Water depletion: 0.0013 | Freshwater ecotoxicity: 0.0001 | Marine ecotoxicity: 0.0001 | Ozone depletion: 0.0 | Marine eutrophication: 0.0 | Human toxicity: 0.0059 | Particulate matter formation: 0.0003 | Terrestrial acidification: 0.0008 | Climate change: 0.735 | Terrestrial ecotoxicity: 0.0 | Photochemical oxidant formation: 0.0008 | Ionising radiation: 0.0529 | Metal depletion: 0.0003 | Freshwater eutrophication: 0.0",0.0,0.73504948,0.0,6.202e-05,3.4e-07,0.00588475,0.05292633,5.076e-05,3.287e-05,0.00026538,0.0,4e-08,0.00030894,0.00080908,0.00084958,4.14e-06,0.0,0.00132936
"Process steam from heavy fuel oil, consumption mix, at plant, heat plant, MJ",Product-as-a-Service,Energy carriers and technologies > Heat and steam,IE,MJ,process steam from heavy fuel oil,,other,"Process: Process steam from heavy fuel oil, consumption mix, at plant, heat plant, MJ | Category: Energy carriers and technologies > Heat and steam | Lifecycle Stage: Product-as-a-Service | Location: IE | Materials: other | Unit: 1 MJ | Reference Flow: process steam from heavy fuel oil | Description:  | Water depletion: -0.0 | Freshwater ecotoxicity: 0.0 | Marine ecotoxicity: 0.0001 | Marine eutrophication: 0.0 | Human toxicity: 0.0022 | Particulate matter formation: 0.0002 | Terrestrial acidification: 0.001 | Climate change: 0.0943 | Terrestrial ecotoxicity: 0.0 | Photochemical oxidant formation: 0.0003 | Ionising radiation: 0.0 | Metal depletion: 0.0 | Freshwater eutrophication: 0.0",0.0,0.09426112,0.0,2.34e-06,2e-08,0.00218097,1.804e-05,5.658e-05,1.044e-05,9.29e-06,0.0,0.0,0.00022627,0.00031477,0.00095429,2.39e-06,0.0,-1.6e-06
"Process steam from light fuel oil, consumption mix, at plant, heat plant, MJ",Product-as-a-Service,Energy carriers and technologies > Heat and steam,SE,MJ,process steam from light fuel oil,,other,"Process: Process steam from light fuel oil, consumption mix, at plant, heat plant, MJ | Category: Energy carriers and technologies > Heat and steam | Lifecycle Stage: Product-as-a-Service | Location: SE | Materials: other | Unit: 1 MJ | Reference Flow: process steam from light fuel oil | Description:  | Water depletion: 0.0 | Freshwater ecotoxicity: 0.0 | Marine ecotoxicity: 0.0 | Marine eutrophication: 0.0 | Human toxicity: 0.0004 | Particulate matter formation: 0.0 | Terrestrial acidification: 0.0001 | Climate change: 0.0907 | Terrestrial ecotoxicity: 0.0 | Photochemical oxidant formation: 0.0001 | Ionising radiation: 0.0004 | Metal depletion: 0.0 | Freshwater eutrophication: 0.0",0.0,0.09068306,0.0,1.51e-06,2.8e-07,0.00037315,0.00042186,2.635e-05,3.83e-06,2.449e-05,0.0,0.0,3.139e-05,9.746e-05,9.985e-05,3.7e-07,0.0,2.74e-06
"Process steam from heavy fuel oil, consumption mix, at plant, heat plant, MJ",Product-as-a-Service,Energy carriers and technologies > Heat and steam,GB,MJ,process steam from heavy fuel oil,,other,"Process: Process steam from heavy fuel oil, consumption mix, at plant, heat plant, MJ | Category: Energy carriers and technologies > Heat and steam | Lifecycle Stage: Product-as-a-Service | Location: GB | Materials: other | Unit: 1 MJ | Reference Flow: process steam from heavy fuel oil | Description:  | Water depletion: -0.0 | Freshwater ecotoxicity: 0.0 | Marine ecotoxicity: 0.0001 | Marine eutrophication: 0.0 | Human toxicity: 0.0022 | Particulate matter formation: 0.0002 | Terrestrial acidification: 0.001 | Climate change: 0.0951 | Terrestrial ecotoxicity: 0.0 | Photochemical oxidant formation: 0.0003 | Ionising radiation: 0.0002 | Metal depletion: 0.0 | Freshwater eutrophication: 0.0",0.0,0.09507883,0.0,2.78e-06,6e-08,0.00220484,0.00019858,6.064e-05,1.049e-05,1.352e-05,0.0,0.0,0.0002272,0.00031716,0.00095801,2.39e-06,0.0,-8.4e-07
"Electricity grid mix, consumption mix, at consumer, AC, < 1kV",Product-as-a-Service,Energy carriers and technologies > Electricity,EU-27,MJ,Electricity,,other,"Process: Electricity grid mix, consumption mix, at consumer, AC, < 1kV | Category: Energy carriers and technologies > Electricity | Lifecycle Stage: Product-as-a-Service | Location: EU-27 | Materials: other | Unit: 1 MJ | Reference Flow: Electricity | Description:  | Water depletion: 0.0036 | Freshwater ecotoxicity: 0.0002 | Marine ecotoxicity: 0.0001 | Ozone depletion: 0.0 | Marine eutrophication: 0.0 | Human toxicity: 0.0159 | Particulate matter formation: 0.0005 | Urban land occupation: 0.0002 | Agricultural land occupation: 0.0001 | Terrestrial acidification: 0.0018 | Climate change: 0.4947 | Terrestrial ecotoxicity: 0.0 | Photochemical oxidant formation: 0.001 | Ionising radiation: 0.096 | Metal depletion: 0.0013 | Freshwater eutrophication: 0.0 | Natural land transformation: -0.0",0.00013441,0.49468963,0.0,0.00015827,3e-08,0.01590031,0.09599225,0.00010675,3.743e-05,0.00125186,-8.82e-06,3e-08,0.00051816,0.0009847,0.00182176,7.69e-06,0.00020162,0.0036153
"Process steam from heavy fuel oil, consumption mix, at plant, heat plant, MJ",Product-as-a-Service,Energy carriers and technologies > Heat and steam,SI,MJ,process steam from heavy fuel oil,,other,"Process: Process steam from heavy fuel oil, consumption mix, at plant, heat plant, MJ | Category: Energy carriers and technologies > Heat and steam | Lifecycle Stage: Product-as-a-Service | Location: SI | Materials: other | Unit: 1 MJ | Reference Flow: process steam from heavy fuel oil | Description:  | Water depletion: 0.0 | Freshwater ecotoxicity: 0.0 | Marine ecotoxicity: 0.0 | Marine eutrophication: 0.0 | Human toxicity: 0.0023 | Particulate matter formation: 0.0002 | Terrestrial acidification: 0.0007 | Climate change: 0.0988 | Terrestrial ecotoxicity: 0.0 | Photochemical oxidant formation: 0.0003 | Ionising radiation: 0.0002 | Metal depletion: 0.0 | Freshwater eutrophication: 0.0",0.0,0.09884732,0.0,3.18e-06,2.8e-07,0.00232506,0.00020047,4.774e-05,9.53e-06,2.553e-05,0.0,0.0,0.00018391,0.00029732,0.00072328,2.37e-06,0.0,7.43e-06
"Process steam from Light fuel oil 90 %, consumption mix, at power plant, heat plant, MJ, 90 % efficiency",Product-as-a-Service,Energy carriers and technologies > Heat and steam,BE,MJ,process steam,,other,"Process: Process steam from Light fuel oil 90 %, consumption mix, at power plant, heat plant, MJ, 90 % efficiency | Category: Energy carriers and technologies > Heat and steam | Lifecycle Stage: Product-as-a-Service | Location: BE | Materials: other | Unit: 1 MJ | Reference Flow: process steam | Description:  | Water depletion: 0.0 | Freshwater ecotoxicity: 0.0 | Marine ecotoxicity: 0.0 | Marine eutrophication: 0.0 | Human toxicity: 0.0004 | Particulate matter formation: 0.0001 | Urban land occupation: 0.0 | Agricultural land occupation: 0.0 | Terrestrial acidification: 0.0002 | Climate change: 0.0982 | Terrestrial ecotoxicity: 0.0 | Photochemical oxidant formation: 0.0002 | Ionising radiation: 0.0002 | Metal depletion: 0.0001 | Freshwater eutrophication: 0.0 | Natural land transformation: -0.0",5.75e-06,0.09822777,0.0,2.51e-06,2e-08,0.00041169,0.00016046,3.33e-05,7.84e-06,7.083e-05,-3e-08,0.0,6.14e-05,0.00021687,0.00017764,2.6e-07,8.63e-06,3.088e-05
"Particle board, production mix, at plant, P2 (Standard FPY), 7,8% water content",Raw Materials,Systems > Construction,EU-27,kg,particle board,,water,"Process: Particle board, production mix, at plant, P2 (Standard FPY), 7,8% water content | Category: Systems > Construction | Lifecycle Stage: Raw Materials | Location: EU-27 | Materials: water | Unit: 1 kg | Reference Flow: particle board | Description:  | Water depletion: 1.7634 | Freshwater ecotoxicity: 0.0433 | Marine ecotoxicity: 0.0588 | Ozone depletion: 0.0 | Marine eutrophication: 0.2327 | Human toxicity: 38.5303 | Particulate matter formation: 0.5905 | Terrestrial acidification: 1.6313 | Climate change: 612.3419 | Terrestrial ecotoxicity: 0.0197 | Photochemical oxidant formation: 1.6349 | Ionising radiation: 27.5135 | Metal depletion: 2.1187 | Freshwater eutrophication: 0.0011",0.0,612.34185784,0.0,0.04330769,0.00107754,38.53031374,27.51347386,0.0588208,0.23273375,2.11874651,0.0,2.327e-05,0.59051027,1.63493445,1.63131835,0.0197367,0.0,1.7634229
"Electricity Mix, consumption mix, at consumer, AC, 1kV - 60kV",Product-as-a-Service,Energy carriers and technologies > Electricity,GB,MJ,electricity mix,,other,"Process: Electricity Mix, consumption mix, at consumer, AC, 1kV - 60kV | Category: Energy carriers and technologies > Electricity | Lifecycle Stage: Product-as-a-Service | Location: GB | Materials: other | Unit: 1 MJ | Reference Flow: electricity mix | Description:  | Water depletion: 0.0015 | Freshwater ecotoxicity: 0.0001 | Marine ecotoxicity: 0.0001 | Ozone depletion: 0.0 | Marine eutrophication: 0.0001 | Human toxicity: 0.0135 | Particulate matter formation: 0.0009 | Terrestrial acidification: 0.0033 | Climate change: 0.6314 | Terrestrial ecotoxicity: 0.0 | Photochemical oxidant formation: 0.0015 | Ionising radiation: 0.1187 | Metal depletion: 0.0001 | Freshwater eutrophication: 0.0",0.0,0.63144489,0.0,0.00012378,8e-08,0.01353336,0.11866369,7.648e-05,5.228e-05,7.93e-05,0.0,1e-07,0.00089897,0.00151015,0.00327401,9.64e-06,0.0,0.00154632
"Spruce log with bark, production mix entry to saw mill, at plant, refostered managed forest, 44% water content",Raw Materials,Materials production > Wood,DE,kg,spruce log with bark,,water,"Process: Spruce log with bark, production mix entry to saw mill, at plant, refostered managed forest, 44% water content | Category: Materials production > Wood | Lifecycle Stage: Raw Materials | Location: DE | Materials: water | Unit: 1 kg | Reference Flow: spruce log with bark | Description:  | Water depletion: 0.0007 | Freshwater ecotoxicity: 0.0 | Marine ecotoxicity: 0.0 | Marine eutrophication: 0.0 | Human toxicity: 0.0 | Particulate matter formation: 0.0 | Terrestrial acidification: 0.0001 | Climate change: 0.0071 | Terrestrial ecotoxicity: 0.0 | Photochemical oxidant formation: 0.0001 | Ionising radiation: 0.0 | Metal depletion: 0.0 | Freshwater eutrophication: 0.0",0.0,0.00707139,0.0,2.4e-07,4e-08,2.825e-05,1.579e-05,1.3e-06,3e-06,2.6e-06,0.0,0.0,2.478e-05,0.00014666,5.212e-05,3.9e-07,0.0,0.00073836
"Electricity Mix, consumption mix, at consumer, AC, 220V",Product-as-a-Service,Energy carriers and technologies > Electricity,HU,MJ,electricity mix,,other,"Process: Electricity Mix, consumption mix, at consumer, AC, 220V | Category: Energy carriers and technologies > Electricity | Lifecycle Stage: Product-as-a-Service | Location: HU | Materials: other | Unit: 1 MJ | Reference Flow: electricity mix | Description:  | Water depletion: 0.0018 | Freshwater ecotoxicity: 0.0002 | Marine ecotoxicity: 0.0002 | Ozone depletion: 0.0 | Marine eutrophication: 0.0001 | Human toxicity: 0.0354 | Particulate matter formation: 0.0017 | Terrestrial acidification: 0.0067 | Climate change: 0.6901 | Terrestrial ecotoxicity: 0.0 | Photochemical oxidant formation: 0.0019 | Ionising radiation: 0.2211 | Metal depletion: 0.0004 | Freshwater eutrophication: 0.0",0.0,0.69014562,0.0,0.00023708,3.01e-06,0.03540146,0.22111049,0.00022287,5.512e-05,0.00035719,0.0,1.8e-07,0.00167212,0.00186498,0.00673071,2.543e-05,0.0,0.00177476
"Electricity grid mix 1kV-60kV, consumption mix, at consumer, AC, 1kV - 60kV",Product-as-a-Service,Energy carriers and technologies > Electricity,NO,MJ,Electricity,,other,"Process: Electricity grid mix 1kV-60kV, consumption mix, at consumer, AC, 1kV - 60kV | Category: Energy carriers and technologies > Electricity | Lifecycle Stage: Product-as-a-Service | Location: NO | Materials: other | Unit: 1 MJ | Reference Flow: Electricity | Description:  | Water depletion: 0.0069 | Freshwater ecotoxicity: 0.0 | Marine ecotoxicity: 0.0 | Marine eutrophication: 0.0 | Human toxicity: 0.001 | Particulate matter formation: 0.0 | Urban land occupation: 0.0 | Agricultural land occupation: 0.0 | Terrestrial acidification: 0.0 | Climate change: 0.0221 | Terrestrial ecotoxicity: 0.0 | Photochemical oxidant formation: 0.0 | Ionising radiation: 0.0032 | Metal depletion: 0.0078 | Natural land transformation: -0.0",1.022e-05,0.02209649,0.0,6.68e-06,0.0,0.00098631,0.00318943,5.9e-06,9.2e-07,0.00779948,-2.1e-07,0.0,8.17e-06,2.296e-05,2.329e-05,2e-07,1.533e-05,0.00693981
"Electricity Mix, consumption mix, at consumer, AC, 230V",Product-as-a-Service,Energy carriers and technologies > Electricity,DK,MJ,electricity mix,,other,"Process: Electricity Mix, consumption mix, at consumer, AC, 230V | Category: Energy carriers and technologies > Electricity | Lifecycle Stage: Product-as-a-Service | Location: DK | Materials: other | Unit: 1 MJ | Reference Flow: electricity mix | Description:  | Water depletion: 0.001 | Freshwater ecotoxicity: 0.0 | Marine ecotoxicity: 0.0001 | Marine eutrophication: 0.0 | Human toxicity: 0.0088 | Particulate matter formation: 0.0005 | Terrestrial acidification: 0.0014 | Climate change: 0.7967 | Terrestrial ecotoxicity: 0.0 | Photochemical oxidant formation: 0.0012 | Ionising radiation: 0.001 | Metal depletion: 0.0004 | Freshwater eutrophication: 0.0",0.0,0.79665301,0.0,9.88e-06,1.3e-07,0.00877731,0.00104545,6.782e-05,4.816e-05,0.00038028,0.0,0.0,0.00047203,0.00121231,0.00136322,5.79e-06,0.0,0.00100816
"Process steam from natural gas 90%, consumption mix, at power plant, heat plant, MJ, 90 % efficiency",Product-as-a-Service,Energy carriers and technologies > Heat and steam,CZ,MJ,process steam,,natural gas,"Process: Process steam from natural gas 90%, consumption mix, at power plant, heat plant, MJ, 90 % efficiency | Category: Energy carriers and technologies > Heat and steam | Lifecycle Stage: Product-as-a-Service | Location: CZ | Materials: natural gas | Unit: 1 MJ | Reference Flow: process steam | Description:  | Water depletion: 0.0 | Freshwater ecotoxicity: 0.0 | Marine ecotoxicity: 0.0 | Marine eutrophication: 0.0 | Human toxicity: 0.0001 | Particulate matter formation: 0.0 | Urban land occupation: 0.0 | Agricultural land occupation: 0.0 | Terrestrial acidification: 0.0001 | Climate change: 0.0891 | Terrestrial ecotoxicity: 0.0 | Photochemical oxidant formation: 0.0001 | Ionising radiation: 0.0001 | Metal depletion: 0.0001 | Natural land transformation: -0.0",9.11e-06,0.0890959,0.0,2.03e-06,0.0,0.00013726,9.161e-05,2.42e-06,2.98e-06,0.00010356,-7e-08,0.0,2.199e-05,9.745e-05,6.538e-05,4e-08,1.366e-05,4.037e-05
"Process steam from heavy fuel oil, consumption mix, at plant, heat plant, MJ",Product-as-a-Service,Energy carriers and technologies > Heat and steam,CZ,MJ,process steam from heavy fuel oil,,other,"Process: Process steam from heavy fuel oil, consumption mix, at plant, heat plant, MJ | Category: Energy carriers and technologies > Heat and steam | Lifecycle Stage: Product-as-a-Service | Location: CZ | Materials: other | Unit: 1 MJ | Reference Flow: process steam from heavy fuel oil | Description:  | Water depletion: 0.0 | Freshwater ecotoxicity: 0.0 | Marine ecotoxicity: 0.0 | Marine eutrophication: 0.0 | Human toxicity: 0.0024 | Particulate matter formation: 0.0001 | Terrestrial acidification: 0.0004 | Climate change: 0.1012 | Terrestrial ecotoxicity: 0.0 | Photochemical oxidant formation: 0.0003 | Ionising radiation: 0.0002 | Metal depletion: 0.0001 | Freshwater eutrophication: 0.0",0.0,0.10117624,0.0,4.65e-06,9.7e-07,0.00241648,0.0002421,2.976e-05,9.98e-06,6.333e-05,0.0,0.0,0.00012485,0.00026856,0.00038023,2.4e-06,0.0,7.51e-06
"Process steam from natural gas 90%, consumption mix, at power plant, heat plant, MJ, 90 % efficiency",Product-as-a-Service,Energy carriers and technologies > Heat and steam,SK,MJ,process steam,,natural gas,"Process: Process steam from natural gas 90%, consumption mix, at power plant, heat plant, MJ, 90 % efficiency | Category: Energy carriers and technologies > Heat and steam | Lifecycle Stage: Product-as-a-Service | Location: SK | Materials: natural gas | Unit: 1 MJ | Reference Flow: process steam | Description:  | Water depletion: 0.0001 | Freshwater ecotoxicity: 0.0 | Marine ecotoxicity: 0.0 | Marine eutrophication: 0.0 | Human toxicity: 0.0002 | Particulate matter formation: 0.0 | Urban land occupation: 0.0 | Agricultural land occupation: 0.0 | Terrestrial acidification: 0.0001 | Climate change: 0.0896 | Terrestrial ecotoxicity: 0.0 | Photochemical oxidant formation: 0.0002 | Ionising radiation: 0.0003 | Metal depletion: 0.0001 | Natural land transformation: -0.0",1.093e-05,0.08963442,0.0,2.66e-06,0.0,0.00016408,0.00026609,2.81e-06,6.19e-06,0.00012258,-7e-08,0.0,4.638e-05,0.00018361,0.00011656,6e-08,1.639e-05,5.457e-05
"Electricity grid mix 1kV-60kV, consumption mix, at consumer, AC, 1kV - 60kV",Product-as-a-Service,Energy carriers and technologies > Electricity,FI,MJ,Electricity,,other,"Process: Electricity grid mix 1kV-60kV, consumption mix, at consumer, AC, 1kV - 60kV | Category: Energy carriers and technologies > Electricity | Lifecycle Stage: Product-as-a-Service | Location: FI | Materials: other | Unit: 1 MJ | Reference Flow: Electricity | Description:  | Water depletion: 0.0036 | Freshwater ecotoxicity: 0.0001 | Marine ecotoxicity: 0.0001 | Marine eutrophication: 0.0 | Human toxicity: 0.0085 | Particulate matter formation: 0.0004 | Urban land occupation: 0.0001 | Agricultural land occupation: 0.0001 | Terrestrial acidification: 0.0011 | Climate change: 0.2915 | Terrestrial ecotoxicity: 0.0 | Photochemical oxidant formation: 0.0008 | Ionising radiation: 0.1108 | Metal depletion: 0.0021 | Freshwater eutrophication: 0.0 | Natural land transformation: -0.0",9.145e-05,0.2914782,0.0,0.00011666,2e-08,0.00847372,0.11079102,5.201e-05,3.025e-05,0.00213104,-9.7e-07,0.0,0.00035014,0.00081174,0.00109079,4.8e-06,0.00013717,0.00360639
"Waste incineration of untreated wood (10,7% water content), at plant, average European waste-to-energy plant, without collection, transport and pre-treatment",Transport & Packaging,End-of-life treatment > Energy recycling,EU-27,kg,waste incineration of untreated wood (10.7% water content),,"wood, water","Process: Waste incineration of untreated wood (10,7% water content), at plant, average European waste-to-energy plant, without collection, transport and pre-treatment | Category: End-of-life treatment > Energy recycling | Lifecycle Stage: Transport & Packaging | Location: EU-27 | Materials: wood, water | Unit: 1 kg | Reference Flow: waste incineration of untreated wood (10.7% water content) | Description:  | Water depletion: 4.1927 | Freshwater ecotoxicity: 0.0039 | Marine ecotoxicity: 0.0117 | Ozone depletion: 0.0 | Marine eutrophication: 0.0123 | Human toxicity: 7.4644 | Particulate matter formation: 0.0725 | Terrestrial acidification: 0.2529 | Climate change: 32.4682 | Terrestrial ecotoxicity: 0.0016 | Photochemical oxidant formation: 0.2358 | Ionising radiation: 3.3117 | Metal depletion: -0.4381 | Freshwater eutrophication: 0.0001",-0.0,32.46816392,-0.0,0.00393306,0.00010989,7.46436717,3.3116647,0.01172219,0.01230473,-0.4380859,-0.0,2.74e-06,0.07250635,0.23577149,0.25292733,0.00159845,-0.0,4.19265585
"Hydrogen chloride gas (HCl), production mix for PVC production, at plant",Raw Materials,Materials production > Inorganic chemicals,RER,kg,hydrogen chloride gas,,other,"Process: Hydrogen chloride gas (HCl), production mix for PVC production, at plant | Category: Materials production > Inorganic chemicals | Lifecycle Stage: Raw Materials | Location: RER | Materials: other | Unit: 1 kg | Reference Flow: hydrogen chloride gas | Description:  | Water depletion: 0.0206 | Freshwater ecotoxicity: 0.0001 | Marine ecotoxicity: 0.0016 | Marine eutrophication: 0.0002 | Human toxicity: 0.266 | Particulate matter formation: 0.0023 | Terrestrial acidification: 0.0066 | Climate change: 1.5294 | Terrestrial ecotoxicity: 0.0002 | Photochemical oxidant formation: 0.005 | Metal depletion: 0.0001 | Freshwater eutrophication: 0.0",0.0,1.52938578,0.0,0.00011776,9.2e-07,0.26596175,0.0,0.00162674,0.00018295,0.0001213,0.0,0.0,0.00231713,0.00503287,0.00661041,0.00020406,0.0,0.02061927
"Process steam from Heavy fuel oil 90 %, consumption mix, at power plant, heat plant, MJ, 90 % efficiency",Product-as-a-Service,Energy carriers and technologies > Heat and steam,CH,MJ,process steam,,other,"Process: Process steam from Heavy fuel oil 90 %, consumption mix, at power plant, heat plant, MJ, 90 % efficiency | Category: Energy carriers and technologies > Heat and steam | Lifecycle Stage: Product-as-a-Service | Location: CH | Materials: other | Unit: 1 MJ | Reference Flow: process steam | Description:  | Water depletion: 0.0 | Freshwater ecotoxicity: 0.0 | Marine ecotoxicity: 0.0 | Marine eutrophication: 0.0 | Human toxicity: 0.001 | Particulate matter formation: 0.0 | Urban land occupation: 0.0 | Agricultural land occupation: 0.0 | Terrestrial acidification: 0.0001 | Climate change: 0.1096 | Terrestrial ecotoxicity: 0.0 | Photochemical oxidant formation: 0.0001 | Ionising radiation: 0.0002 | Metal depletion: 0.0001 | Freshwater eutrophication: 0.0 | Natural land transformation: -0.0",3.52e-06,0.10963573,0.0,6.7e-06,2e-08,0.00098317,0.00015339,1.02e-05,3.61e-06,5.547e-05,-2e-08,0.0,3.842e-05,9.556e-05,0.00013466,3.2e-07,5.28e-06,3.424e-05
"Electricity Mix, consumption mix, at consumer, AC, 1kV - 60kV",Product-as-a-Service,Energy carriers and technologies > Electricity,BE,MJ,electricity mix,,other,"Process: Electricity Mix, consumption mix, at consumer, AC, 1kV - 60kV | Category: Energy carriers and technologies > Electricity | Lifecycle Stage: Product-as-a-Service | Location: BE | Materials: other | Unit: 1 MJ | Reference Flow: electricity mix | Description:  | Water depletion: 0.0017 | Freshwater ecotoxicity: 0.0003 | Marine ecotoxicity: 0.0001 | Ozone depletion: 0.0 | Marine eutrophication: 0.0 | Human toxicity: 0.0077 | Particulate matter formation: 0.0003 | Terrestrial acidification: 0.001 | Climate change: 0.3989 | Terrestrial ecotoxicity: 0.0 | Photochemical oxidant formation: 0.0008 | Ionising radiation: 0.293 | Metal depletion: 0.0001 | Freshwater eutrophication: 0.0",0.0,0.39888571,0.0,0.00028871,1.7e-07,0.00768452,0.29298396,8.79e-05,3.357e-05,0.00010165,0.0,2.4e-07,0.00033208,0.00081229,0.00101378,7.52e-06,0.0,0.00172423
"Process steam from light fuel oil, consumption mix, at plant, heat plant, MJ",Product-as-a-Service,Energy carriers and technologies > Heat and steam,IT,MJ,process steam from light fuel oil,,other,"Process: Process steam from light fuel oil, consumption mix, at plant, heat plant, MJ | Category: Energy carriers and technologies > Heat and steam | Lifecycle Stage: Product-as-a-Service | Location: IT | Materials: other | Unit: 1 MJ | Reference Flow: process steam from light fuel oil | Description:  | Water depletion: 0.0 | Freshwater ecotoxicity: 0.0 | Marine ecotoxicity: 0.0 | Marine eutrophication: 0.0 | Human toxicity: 0.0004 | Particulate matter formation: 0.0001 | Terrestrial acidification: 0.0003 | Climate change: 0.0941 | Terrestrial ecotoxicity: 0.0 | Photochemical oxidant formation: 0.0002 | Ionising radiation: 0.0002 | Metal depletion: 0.0 | Freshwater eutrophication: 0.0",0.0,0.09406122,0.0,2.2e-06,3e-07,0.0003976,0.00023433,2.609e-05,7.73e-06,2.704e-05,0.0,0.0,7.42e-05,0.00021347,0.00025443,3.7e-07,0.0,8.43e-06
"Electricity Mix, consumption mix, at consumer, AC, 230V",Product-as-a-Service,Energy carriers and technologies > Electricity,FR,MJ,electricity mix,,other,"Process: Electricity Mix, consumption mix, at consumer, AC, 230V | Category: Energy carriers and technologies > Electricity | Lifecycle Stage: Product-as-a-Service | Location: FR | Materials: other | Unit: 1 MJ | Reference Flow: electricity mix | Description:  | Water depletion: 0.0017 | Freshwater ecotoxicity: 0.0004 | Marine ecotoxicity: 0.0001 | Ozone depletion: 0.0 | Marine eutrophication: 0.0 | Human toxicity: 0.0077 | Particulate matter formation: 0.0002 | Terrestrial acidification: 0.0005 | Climate change: 0.1546 | Terrestrial ecotoxicity: 0.0 | Photochemical oxidant formation: 0.0003 | Ionising radiation: 0.4006 | Metal depletion: 0.0001 | Freshwater eutrophication: 0.0",0.0,0.15455915,0.0,0.00039149,2e-07,0.00766118,0.40061858,0.00010215,1.744e-05,0.00010661,0.0,3.3e-07,0.00015667,0.00033305,0.00049356,8.35e-06,0.0,0.00173992
"Polystyrene expandable granulate (EPS), production mix, at plant",Raw Materials,Materials production > Plastics,RER,kg,polystyrene expandable granulate (EPS),,other,"Process: Polystyrene expandable granulate (EPS), production mix, at plant | Category: Materials production > Plastics | Lifecycle Stage: Raw Materials | Location: RER | Materials: other | Unit: 1 kg | Reference Flow: polystyrene expandable granulate (EPS) | Description:  | Water depletion: 0.1635 | Freshwater ecotoxicity: 0.0002 | Marine ecotoxicity: 0.0005 | Marine eutrophication: 0.0002 | Human toxicity: 0.0093 | Particulate matter formation: 0.0035 | Terrestrial acidification: 0.01 | Climate change: 3.5562 | Terrestrial ecotoxicity: 0.0 | Photochemical oxidant formation: 0.0111 | Metal depletion: 0.0088 | Freshwater eutrophication: 0.0001",0.0,3.55624533,0.0,0.00024967,0.00013147,0.00934785,0.0,0.00052061,0.00021652,0.00878325,0.0,0.0,0.00346134,0.01109775,0.01003806,3.154e-05,0.0,0.16351405
"Electricity grid mix, consumption mix, at consumer, AC, 230V",Product-as-a-Service,Energy carriers and technologies > Electricity,FR,MJ,Electricity,,other,"Process: Electricity grid mix, consumption mix, at consumer, AC, 230V | Category: Energy carriers and technologies > Electricity | Lifecycle Stage: Product-as-a-Service | Location: FR | Materials: other | Unit: 1 MJ | Reference Flow: Electricity | Description:  | Water depletion: 0.0048 | Freshwater ecotoxicity: 0.0003 | Marine ecotoxicity: 0.0001 | Ozone depletion: 0.0 | Marine eutrophication: 0.0 | Human toxicity: 0.0077 | Particulate matter formation: 0.0001 | Urban land occupation: 0.0 | Agricultural land occupation: 0.0 | Terrestrial acidification: 0.0004 | Climate change: 0.1095 | Terrestrial ecotoxicity: 0.0 | Photochemical oxidant formation: 0.0003 | Ionising radiation: 0.2536 | Metal depletion: 0.0014 | Freshwater eutrophication: 0.0 | Natural land transformation: -0.0",2.332e-05,0.10952158,0.0,0.00031898,3e-08,0.00770377,0.25357773,9.267e-05,1.652e-05,0.00143752,-7.4e-07,1.6e-07,0.00011062,0.00025353,0.00036857,6.29e-06,3.497e-05,0.00477951
"Electricity grid mix 1kV-60kV, consumption mix, at consumer, AC, 1kV - 60kV",Product-as-a-Service,Energy carriers and technologies > Electricity,BE,MJ,Electricity,,other,"Process: Electricity grid mix 1kV-60kV, consumption mix, at consumer, AC, 1kV - 60kV | Category: Energy carriers and technologies > Electricity | Lifecycle Stage: Product-as-a-Service | Location: BE | Materials: other | Unit: 1 MJ | Reference Flow: Electricity | Description:  | Water depletion: 0.0029 | Freshwater ecotoxicity: 0.0002 | Marine ecotoxicity: 0.0001 | Ozone depletion: 0.0 | Marine eutrophication: 0.0 | Human toxicity: 0.0139 | Particulate matter formation: 0.0002 | Urban land occupation: 0.0001 | Agricultural land occupation: 0.0 | Terrestrial acidification: 0.0005 | Climate change: 0.2652 | Terrestrial ecotoxicity: 0.0 | Photochemical oxidant formation: 0.0005 | Ionising radiation: 0.1393 | Metal depletion: 0.0004 | Freshwater eutrophication: 0.0 | Natural land transformation: -0.0",4.603e-05,0.2652376,0.0,0.00024989,3e-08,0.01389834,0.13925119,0.00010664,1.981e-05,0.00043824,-1.5e-06,1e-07,0.00015861,0.00045913,0.0004992,4.88e-06,6.905e-05,0.00292564
"Process steam from Light fuel oil 90 %, consumption mix, at power plant, heat plant, MJ, 90 % efficiency",Product-as-a-Service,Energy carriers and technologies > Heat and steam,PT,MJ,process steam,,other,"Process: Process steam from Light fuel oil 90 %, consumption mix, at power plant, heat plant, MJ, 90 % efficiency | Category: Energy carriers and technologies > Heat and steam | Lifecycle Stage: Product-as-a-Service | Location: PT | Materials: other | Unit: 1 MJ | Reference Flow: process steam | Description:  | Water depletion: 0.0 | Freshwater ecotoxicity: 0.0 | Marine ecotoxicity: 0.0 | Marine eutrophication: 0.0 | Human toxicity: 0.0005 | Particulate matter formation: 0.0001 | Urban land occupation: 0.0 | Agricultural land occupation: 0.0 | Terrestrial acidification: 0.0003 | Climate change: 0.1067 | Terrestrial ecotoxicity: 0.0 | Photochemical oxidant formation: 0.0005 | Ionising radiation: 0.0 | Metal depletion: 0.0 | Freshwater eutrophication: 0.0 | Natural land transformation: -0.0",2.69e-06,0.1067114,0.0,5.99e-06,2e-08,0.00051726,3.177e-05,1.968e-05,1.712e-05,4.625e-05,-2e-08,0.0,0.00012315,0.00047605,0.00034614,1.8e-07,4.03e-06,3.518e-05
"Process steam from Heavy fuel oil 90 %, consumption mix, at power plant, heat plant, MJ, 90 % efficiency",Product-as-a-Service,Energy carriers and technologies > Heat and steam,ES,MJ,process steam,,other,"Process: Process steam from Heavy fuel oil 90 %, consumption mix, at power plant, heat plant, MJ, 90 % efficiency | Category: Energy carriers and technologies > Heat and steam | Lifecycle Stage: Product-as-a-Service | Location: ES | Materials: other | Unit: 1 MJ | Reference Flow: process steam | Description:  | Water depletion: 0.0 | Freshwater ecotoxicity: 0.0 | Marine ecotoxicity: 0.0 | Marine eutrophication: 0.0 | Human toxicity: 0.0018 | Particulate matter formation: 0.0001 | Urban land occupation: 0.0 | Agricultural land occupation: 0.0 | Terrestrial acidification: 0.0004 | Climate change: 0.1115 | Terrestrial ecotoxicity: 0.0 | Photochemical oxidant formation: 0.0002 | Ionising radiation: 0.0001 | Metal depletion: 0.0001 | Freshwater eutrophication: 0.0 | Natural land transformation: -0.0",3.76e-06,0.11151303,0.0,5.26e-06,2e-08,0.00180897,0.00013942,3.89e-05,8.07e-06,5.161e-05,-2e-08,0.0,0.00011631,0.000245,0.00043114,2.01e-06,5.64e-06,2.863e-05
"Heavy fuel oil at refinery (1.0wt.% S), production mix, at refinery, from crude oil, fuel supply, 1 wt.% sulphur",Product-as-a-Service,Energy carriers and technologies > Crude oil based fuels,EU-27,kg,Heavy fuel oil (1.0 wt.% S),,crude oil,"Process: Heavy fuel oil at refinery (1.0wt.% S), production mix, at refinery, from crude oil, fuel supply, 1 wt.% sulphur | Category: Energy carriers and technologies > Crude oil based fuels | Lifecycle Stage: Product-as-a-Service | Location: EU-27 | Materials: crude oil | Unit: 1 kg | Reference Flow: Heavy fuel oil (1.0 wt.% S) | Description:  | Water depletion: 0.0009 | Freshwater ecotoxicity: 0.0002 | Marine ecotoxicity: 0.0013 | Marine eutrophication: 0.0001 | Human toxicity: 0.02 | Particulate matter formation: 0.0007 | Urban land occupation: 0.0003 | Agricultural land occupation: 0.0002 | Terrestrial acidification: 0.0025 | Climate change: 0.4345 | Terrestrial ecotoxicity: 0.0 | Photochemical oxidant formation: 0.0018 | Ionising radiation: 0.0045 | Metal depletion: 0.0014 | Freshwater eutrophication: 0.0 | Natural land transformation: -0.0",0.00017454,0.43445956,0.0,0.00015811,6.3e-07,0.01997294,0.00447426,0.00128898,5.255e-05,0.0013512,-9.1e-07,0.0,0.00066748,0.00178525,0.00247034,3.86e-06,0.00026182,0.00093699
"Process steam from heavy fuel oil, consumption mix, at plant, heat plant, MJ",Product-as-a-Service,Energy carriers and technologies > Heat and steam,HU,MJ,process steam from heavy fuel oil,,other,"Process: Process steam from heavy fuel oil, consumption mix, at plant, heat plant, MJ | Category: Energy carriers and technologies > Heat and steam | Lifecycle Stage: Product-as-a-Service | Location: HU | Materials: other | Unit: 1 MJ | Reference Flow: process steam from heavy fuel oil | Description:  | Water depletion: 0.0 | Freshwater ecotoxicity: 0.0 | Marine ecotoxicity: 0.0002 | Marine eutrophication: 0.0 | Human toxicity: 0.0115 | Particulate matter formation: 0.0002 | Terrestrial acidification: 0.0007 | Climate change: 0.1005 | Terrestrial ecotoxicity: 0.0 | Photochemical oxidant formation: 0.0002 | Ionising radiation: 0.0003 | Metal depletion: 0.0001 | Freshwater eutrophication: 0.0",0.0,0.10050881,0.0,1.224e-05,9.3e-07,0.01146909,0.00031329,0.00017083,7.58e-06,8.493e-05,0.0,0.0,0.00018657,0.00024624,0.00071758,1.425e-05,0.0,8.07e-06
"Process steam from natural gas 90 %, consumption mix, at power plant, heat plant, MJ, 90 % efficiency",Product-as-a-Service,Energy carriers and technologies > Heat and steam,SE,MJ,process steam,,natural gas,"Process: Process steam from natural gas 90 %, consumption mix, at power plant, heat plant, MJ, 90 % efficiency | Category: Energy carriers and technologies > Heat and steam | Lifecycle Stage: Product-as-a-Service | Location: SE | Materials: natural gas | Unit: 1 MJ | Reference Flow: process steam | Description:  | Water depletion: 0.0 | Freshwater ecotoxicity: 0.0 | Marine ecotoxicity: 0.0 | Marine eutrophication: 0.0 | Human toxicity: 0.0001 | Particulate matter formation: 0.0 | Urban land occupation: 0.0 | Agricultural land occupation: 0.0 | Terrestrial acidification: 0.0 | Climate change: 0.0708 | Terrestrial ecotoxicity: 0.0 | Photochemical oxidant formation: 0.0001 | Ionising radiation: 0.0001 | Metal depletion: 0.0 | Natural land transformation: -0.0",1.74e-06,0.07080148,0.0,2.3e-07,0.0,8.391e-05,0.00012446,7.6e-07,2.47e-06,3.104e-05,-1e-08,0.0,1.702e-05,6.788e-05,4.198e-05,3e-08,2.6e-06,4.76e-06
"Rail transport, technology mix, diesel driven, cargo",Transport & Packaging,Transport services > Rail,GLO,kg,cargo,,other,"Process: Rail transport, technology mix, diesel driven, cargo | Category: Transport services > Rail | Lifecycle Stage: Transport & Packaging | Location: GLO | Materials: other | Unit: 1 kg | Reference Flow: cargo | Description: ",0.0,0.0,0.0,0.0,0.0,0.0,0.0,0.0,0.0,0.0,0.0,0.0,0.0,0.0,0.0,0.0,0.0,0.0
"Gypsum plasterboard, production mix at factory, technology mix of plasterboard production, 12.5 mm thick, 10kg/m2",Raw Materials,Systems > Construction,EU-27,m2,Gypsum plasterboard,,other,"Process: Gypsum plasterboard, production mix at factory, technology mix of plasterboard production, 12.5 mm thick, 10kg/m2 | Category: Systems > Construction | Lifecycle Stage: Raw Materials | Location: EU-27 | Materials: other | Unit: 1 m2 | Reference Flow: Gypsum plasterboard | Description:  | Water depletion: 0.0097 | Freshwater ecotoxicity: 0.0003 | Marine ecotoxicity: 0.0002 | Ozone depletion: 0.0 | Marine eutrophication: 0.0003 | Human toxicity: 0.0208 | Particulate matter formation: 0.0014 | Terrestrial acidification: 0.0047 | Climate change: 2.1487 | Terrestrial ecotoxicity: 0.0 | Photochemical oxidant formation: 0.0035 | Ionising radiation: 0.135 | Metal depletion: 0.002 | Freshwater eutrophication: 0.0",0.0,2.14870928,0.0,0.00029672,1.276e-05,0.02083426,0.13497846,0.00019911,0.0002712,0.0020107,0.0,1.6e-07,0.00144657,0.00347375,0.00466764,1.744e-05,0.0,0.00971857
"Polyvinylchloride resin (E-PVC), production mix, at plant, emulsion polymerisation",Raw Materials,Materials production > Plastics,RER,kg,polyvinylchloride resin (E-PVC),,other,"Process: Polyvinylchloride resin (E-PVC), production mix, at plant, emulsion polymerisation | Category: Materials production > Plastics | Lifecycle Stage: Raw Materials | Location: RER | Materials: other | Unit: 1 kg | Reference Flow: polyvinylchloride resin (E-PVC) | Description:  | Water depletion: 0.0386 | Freshwater ecotoxicity: 0.0003 | Marine ecotoxicity: 0.0009 | Marine eutrophication: 0.0003 | Human toxicity: 0.7504 | Particulate matter formation: 0.005 | Terrestrial acidification: 0.0141 | Climate change: 3.3716 | Terrestrial ecotoxicity: 0.0001 | Photochemical oxidant formation: 0.0095 | Metal depletion: 0.0026 | Freshwater eutrophication: 0.0",0.0,3.37162308,0.0,0.00026328,4.13e-06,0.75039021,0.0,0.00092518,0.00032413,0.00262159,0.0,0.0,0.00502676,0.00953684,0.01408083,0.00010531,0.0,0.03864895
"Anhydrite (CaSO4), production mix, at plant, technology mix of natural (33%), thermal (33%) and synthetic (33%) produced anhydrite, grinded and purified product",Raw Materials,Systems > Construction,DE,kg,anhydrite (CaSO4),,other,"Process: Anhydrite (CaSO4), production mix, at plant, technology mix of natural (33%), thermal (33%) and synthetic (33%) produced anhydrite, grinded and purified product | Category: Systems > Construction | Lifecycle Stage: Raw Materials | Location: DE | Materials: other | Unit: 1 kg | Reference Flow: anhydrite (CaSO4) | Description:  | Water depletion: 0.0001 | Freshwater ecotoxicity: 0.0 | Marine ecotoxicity: 0.0 | Ozone depletion: 0.0 | Marine eutrophication: 0.0 | Human toxicity: 0.0021 | Particulate matter formation: 0.0004 | Terrestrial acidification: 0.0004 | Climate change: 0.1008 | Terrestrial ecotoxicity: 0.0 | Photochemical oxidant formation: 0.0002 | Ionising radiation: 0.0068 | Metal depletion: 0.0001 | Freshwater eutrophication: 0.0",0.0,0.10080635,0.0,9.98e-06,4e-07,0.00206471,0.00675954,2.601e-05,6.36e-06,5.607e-05,0.0,1e-08,0.00041695,0.00017899,0.00043464,1.89e-06,0.0,0.00013589
"Process steam from light fuel oil, consumption mix, at plant, heat plant, MJ",Product-as-a-Service,Energy carriers and technologies > Heat and steam,SK,MJ,process steam from light fuel oil,,other,"Process: Process steam from light fuel oil, consumption mix, at plant, heat plant, MJ | Category: Energy carriers and technologies > Heat and steam | Lifecycle Stage: Product-as-a-Service | Location: SK | Materials: other | Unit: 1 MJ | Reference Flow: process steam from light fuel oil | Description:  | Water depletion: 0.0 | Freshwater ecotoxicity: 0.0 | Marine ecotoxicity: 0.0 | Marine eutrophication: 0.0 | Human toxicity: 0.0004 | Particulate matter formation: 0.0001 | Terrestrial acidification: 0.0003 | Climate change: 0.0934 | Terrestrial ecotoxicity: 0.0 | Photochemical oxidant formation: 0.0003 | Ionising radiation: 0.0002 | Metal depletion: 0.0 | Freshwater eutrophication: 0.0",0.0,0.09343799,0.0,2.22e-06,3e-07,0.00044964,0.0002334,2.609e-05,9.4e-06,2.702e-05,0.0,0.0,8.847e-05,0.00025821,0.00027849,4.2e-07,0.0,8.41e-06
"Process steam from light fuel oil, consumption mix, at plant, heat plant, MJ",Product-as-a-Service,Energy carriers and technologies > Heat and steam,DK,MJ,process steam from light fuel oil,,other,"Process: Process steam from light fuel oil, consumption mix, at plant, heat plant, MJ | Category: Energy carriers and technologies > Heat and steam | Lifecycle Stage: Product-as-a-Service | Location: DK | Materials: other | Unit: 1 MJ | Reference Flow: process steam from light fuel oil | Description:  | Water depletion: 0.0 | Freshwater ecotoxicity: 0.0 | Marine ecotoxicity: 0.0 | Marine eutrophication: 0.0 | Human toxicity: 0.0004 | Particulate matter formation: 0.0 | Terrestrial acidification: 0.0002 | Climate change: 0.0937 | Terrestrial ecotoxicity: 0.0 | Photochemical oxidant formation: 0.0001 | Ionising radiation: 0.0002 | Metal depletion: 0.0 | Freshwater eutrophication: 0.0",0.0,0.09374596,0.0,2.24e-06,3e-07,0.00040726,0.00023653,2.612e-05,4.22e-06,2.707e-05,0.0,0.0,4.655e-05,0.0001175,0.00016572,3.7e-07,0.0,8.45e-06
"Process steam from Light fuel oil 90 %, consumption mix, at power plant, heat plant, MJ, 90 % efficiency",Product-as-a-Service,Energy carriers and technologies > Heat and steam,RO,MJ,process steam,,other,"Process: Process steam from Light fuel oil 90 %, consumption mix, at power plant, heat plant, MJ, 90 % efficiency | Category: Energy carriers and technologies > Heat and steam | Lifecycle Stage: Product-as-a-Service | Location: RO | Materials: other | Unit: 1 MJ | Reference Flow: process steam | Description:  | Water depletion: 0.0001 | Freshwater ecotoxicity: 0.0 | Marine ecotoxicity: 0.0 | Marine eutrophication: 0.0 | Human toxicity: 0.0004 | Particulate matter formation: 0.0001 | Urban land occupation: 0.0 | Agricultural land occupation: 0.0 | Terrestrial acidification: 0.0003 | Climate change: 0.0986 | Terrestrial ecotoxicity: 0.0 | Photochemical oxidant formation: 0.0003 | Ionising radiation: 0.0002 | Metal depletion: 0.0001 | Freshwater eutrophication: 0.0 | Natural land transformation: -0.0",9.5e-06,0.09855118,0.0,4.06e-06,2e-08,0.00036501,0.0001601,4.58e-06,1.064e-05,0.00012684,-1.2e-07,0.0,8.894e-05,0.00028258,0.00025469,1.6e-07,1.425e-05,6.063e-05
"Electricity Mix, consumption mix, at consumer, AC, 230V",Product-as-a-Service,Energy carriers and technologies > Electricity,LU,MJ,electricity mix,,other,"Process: Electricity Mix, consumption mix, at consumer, AC, 230V | Category: Energy carriers and technologies > Electricity | Lifecycle Stage: Product-as-a-Service | Location: LU | Materials: other | Unit: 1 MJ | Reference Flow: electricity mix | Description:  | Water depletion: 0.0014 | Freshwater ecotoxicity: 0.0001 | Marine ecotoxicity: 0.0001 | Ozone depletion: 0.0 | Marine eutrophication: 0.0 | Human toxicity: 0.0086 | Particulate matter formation: 0.0002 | Terrestrial acidification: 0.0007 | Climate change: 0.6025 | Terrestrial ecotoxicity: 0.0 | Photochemical oxidant formation: 0.0006 | Ionising radiation: 0.0915 | Metal depletion: 0.0003 | Freshwater eutrophication: 0.0",0.0,0.60254371,0.0,9.838e-05,3.6e-07,0.00862791,0.09150731,5.062e-05,2.315e-05,0.00030876,0.0,7e-08,0.00024212,0.00056948,0.0007053,5.05e-06,0.0,0.00142093
"Electricity Mix, consumption mix, at consumer, AC, 1kV - 60kV",Product-as-a-Service,Energy carriers and technologies > Electricity,IT,MJ,electricity mix,,other,"Process: Electricity Mix, consumption mix, at consumer, AC, 1kV - 60kV | Category: Energy carriers and technologies > Electricity | Lifecycle Stage: Product-as-a-Service | Location: IT | Materials: other | Unit: 1 MJ | Reference Flow: electricity mix | Description:  | Water depletion: 0.0014 | Freshwater ecotoxicity: 0.0001 | Marine ecotoxicity: 0.0002 | Ozone depletion: 0.0 | Marine eutrophication: 0.0 | Human toxicity: 0.0213 | Particulate matter formation: 0.0009 | Terrestrial acidification: 0.0032 | Climate change: 0.6864 | Terrestrial ecotoxicity: 0.0 | Photochemical oxidant formation: 0.0015 | Ionising radiation: 0.0458 | Metal depletion: 0.0003 | Freshwater eutrophication: 0.0",0.0,0.68641994,0.0,6.542e-05,1.76e-06,0.02127106,0.04577915,0.00019655,4.778e-05,0.00031281,0.0,4e-08,0.00085673,0.0014843,0.00323884,1.378e-05,0.0,0.00136682
"Process steam from natural gas 90%, consumption mix, at power plant, heat plant, MJ, 90 % efficiency",Product-as-a-Service,Energy carriers and technologies > Heat and steam,SI,MJ,process steam,,natural gas,"Process: Process steam from natural gas 90%, consumption mix, at power plant, heat plant, MJ, 90 % efficiency | Category: Energy carriers and technologies > Heat and steam | Lifecycle Stage: Product-as-a-Service | Location: SI | Materials: natural gas | Unit: 1 MJ | Reference Flow: process steam | Description:  | Water depletion: 0.0 | Freshwater ecotoxicity: 0.0 | Marine ecotoxicity: 0.0 | Marine eutrophication: 0.0 | Human toxicity: 0.0001 | Particulate matter formation: 0.0 | Urban land occupation: 0.0 | Agricultural land occupation: 0.0 | Terrestrial acidification: 0.0001 | Climate change: 0.0839 | Terrestrial ecotoxicity: 0.0 | Photochemical oxidant formation: 0.0002 | Ionising radiation: 0.0 | Metal depletion: 0.0001 | Natural land transformation: -0.0",7.91e-06,0.0838908,0.0,1.61e-06,0.0,0.00011006,2.12e-05,1.79e-06,6.03e-06,8.849e-05,-3e-08,0.0,3.989e-05,0.00017591,0.0001138,3e-08,1.186e-05,3.728e-05
"Process steam from heavy fuel oil, consumption mix, at plant, heat plant, MJ",Product-as-a-Service,Energy carriers and technologies > Heat and steam,ES,MJ,process steam from heavy fuel oil,,other,"Process: Process steam from heavy fuel oil, consumption mix, at plant, heat plant, MJ | Category: Energy carriers and technologies > Heat and steam | Lifecycle Stage: Product-as-a-Service | Location: ES | Materials: other | Unit: 1 MJ | Reference Flow: process steam from heavy fuel oil | Description:  | Water depletion: 0.0 | Freshwater ecotoxicity: 0.0 | Marine ecotoxicity: 0.0 | Marine eutrophication: 0.0 | Human toxicity: 0.0024 | Particulate matter formation: 0.0001 | Terrestrial acidification: 0.0005 | Climate change: 0.1042 | Terrestrial ecotoxicity: 0.0 | Photochemical oxidant formation: 0.0002 | Ionising radiation: 0.0002 | Metal depletion: 0.0 | Freshwater eutrophication: 0.0",0.0,0.10421202,0.0,4.37e-06,3e-07,0.00243284,0.00023861,4.419e-05,6.75e-06,2.932e-05,0.0,0.0,0.00012222,0.00021254,0.00046321,2.5e-06,0.0,9.68e-06
"Process steam from natural gas 90 %, consumption mix, at power plant, heat plant, MJ, 90 % efficiency",Product-as-a-Service,Energy carriers and technologies > Heat and steam,ES,MJ,process steam,,natural gas,"Process: Process steam from natural gas 90 %, consumption mix, at power plant, heat plant, MJ, 90 % efficiency | Category: Energy carriers and technologies > Heat and steam | Lifecycle Stage: Product-as-a-Service | Location: ES | Materials: natural gas | Unit: 1 MJ | Reference Flow: process steam | Description:  | Water depletion: 0.0 | Freshwater ecotoxicity: 0.0 | Marine ecotoxicity: 0.0 | Marine eutrophication: 0.0 | Human toxicity: 0.0002 | Particulate matter formation: 0.0 | Urban land occupation: 0.0 | Agricultural land occupation: 0.0 | Terrestrial acidification: 0.0001 | Climate change: 0.0889 | Terrestrial ecotoxicity: 0.0 | Photochemical oxidant formation: 0.0001 | Ionising radiation: 0.0001 | Metal depletion: 0.0001 | Natural land transformation: -0.0",4.42e-06,0.08893494,0.0,9.6e-07,0.0,0.00015661,0.00011948,2.31e-06,2.01e-06,5.497e-05,-2e-08,0.0,2.422e-05,9.746e-05,8.378e-05,1.2e-07,6.63e-06,4.06e-05
"Vinyl chloride monomer (VCM), production mix for PVC production , at plant",Raw Materials,Materials production > Organic chemicals,RER,kg,vinyl chloride monomer (VCM),,other,"Process: Vinyl chloride monomer (VCM), production mix for PVC production , at plant | Category: Materials production > Organic chemicals | Lifecycle Stage: Raw Materials | Location: RER | Materials: other | Unit: 1 kg | Reference Flow: vinyl chloride monomer (VCM) | Description:  | Water depletion: 0.045 | Freshwater ecotoxicity: 0.0003 | Marine ecotoxicity: 0.0007 | Marine eutrophication: 0.0001 | Human toxicity: 0.3058 | Particulate matter formation: 0.0027 | Terrestrial acidification: 0.0074 | Climate change: 2.1794 | Terrestrial ecotoxicity: 0.0001 | Photochemical oxidant formation: 0.0057 | Metal depletion: 0.0033 | Freshwater eutrophication: 0.0",0.0,2.17936343,0.0,0.00029855,9.03e-06,0.30575538,0.0,0.00073408,0.00014877,0.00334912,0.0,0.0,0.00270768,0.00574821,0.00735654,7.387e-05,0.0,0.04499916
"Continuous filament glass fibre (wet chopped strands), at plant",Raw Materials,Materials production > Glass and ceramics,RER,kg,Continuous filament glass fibre,,"glass, tin","Process: Continuous filament glass fibre (wet chopped strands), at plant | Category: Materials production > Glass and ceramics | Lifecycle Stage: Raw Materials | Location: RER | Materials: glass, tin | Unit: 1 kg | Reference Flow: Continuous filament glass fibre | Description:  | Water depletion: 0.017 | Freshwater ecotoxicity: 0.0004 | Marine ecotoxicity: 0.0007 | Ozone depletion: 0.0 | Marine eutrophication: 0.0007 | Human toxicity: 0.0785 | Particulate matter formation: 0.0016 | Terrestrial acidification: 0.0045 | Climate change: 1.6513 | Terrestrial ecotoxicity: 0.0001 | Photochemical oxidant formation: 0.005 | Ionising radiation: 1.1562 | Metal depletion: 0.0079 | Freshwater eutrophication: 0.0",0.0,1.65130205,0.0,0.00044218,1.467e-05,0.07852937,1.15623988,0.00074657,0.00065756,0.00786677,0.0,1.4e-07,0.00160841,0.00498613,0.00451206,5.466e-05,0.0,0.01696212
"Continuous filament glass fibre (assembled rovings), at plant",Raw Materials,Materials production > Glass and ceramics,RER,kg,Continuous filament glass fibre,,"glass, tin","Process: Continuous filament glass fibre (assembled rovings), at plant | Category: Materials production > Glass and ceramics | Lifecycle Stage: Raw Materials | Location: RER | Materials: glass, tin | Unit: 1 kg | Reference Flow: Continuous filament glass fibre | Description:  | Water depletion: 0.0192 | Freshwater ecotoxicity: 0.0011 | Marine ecotoxicity: 0.0014 | Ozone depletion: 0.0 | Marine eutrophication: 0.0009 | Human toxicity: 0.0652 | Particulate matter formation: 0.0019 | Terrestrial acidification: 0.0055 | Climate change: 2.012 | Terrestrial ecotoxicity: 0.0001 | Photochemical oxidant formation: 0.0059 | Ionising radiation: 0.9499 | Metal depletion: 0.0093 | Freshwater eutrophication: 0.0",0.0,2.01197247,0.0,0.00108225,2.102e-05,0.06521428,0.94990668,0.00135205,0.00091174,0.00933985,0.0,1.6e-07,0.00192633,0.00588051,0.00548315,7.709e-05,0.0,0.01919176
"Bulk carrier ocean, technology mix, 100.000-200.000 dwt",Raw Materials,Transport services > Water,GLO,kg,cargo,,other,"Process: Bulk carrier ocean, technology mix, 100.000-200.000 dwt | Category: Transport services > Water | Lifecycle Stage: Raw Materials | Location: GLO | Materials: other | Unit: 1 kg | Reference Flow: cargo | Description: ",0.0,0.0,0.0,0.0,0.0,0.0,0.0,0.0,0.0,0.0,0.0,0.0,0.0,0.0,0.0,0.0,0.0,0.0
"Electricity Mix, consumption mix, at consumer, AC, 1kV - 60kV",Product-as-a-Service,Energy carriers and technologies > Electricity,CZ,MJ,electricity mix,,other,"Process: Electricity Mix, consumption mix, at consumer, AC, 1kV - 60kV | Category: Energy carriers and technologies > Electricity | Lifecycle Stage: Product-as-a-Service | Location: CZ | Materials: other | Unit: 1 MJ | Reference Flow: electricity mix | Description:  | Water depletion: 0.0015 | Freshwater ecotoxicity: 0.0001 | Marine ecotoxicity: 0.0001 | Ozone depletion: 0.0 | Marine eutrophication: 0.0001 | Human toxicity: 0.0405 | Particulate matter formation: 0.004 | Terrestrial acidification: 0.0172 | Climate change: 0.7704 | Terrestrial ecotoxicity: 0.0 | Photochemical oxidant formation: 0.0032 | Ionising radiation: 0.1252 | Metal depletion: 0.0001 | Freshwater eutrophication: 0.0",0.0,0.77042903,0.0,0.00013273,4.1e-07,0.04048558,0.12517578,0.00011639,7.547e-05,0.00011635,0.0,1e-07,0.00395934,0.0032247,0.01715192,2.141e-05,0.0,0.00148037
"Electricity grid mix, consumption mix, at consumer, AC, 230V",Product-as-a-Service,Energy carriers and technologies > Electricity,ES,MJ,Electricity,,other,"Process: Electricity grid mix, consumption mix, at consumer, AC, 230V | Category: Energy carriers and technologies > Electricity | Lifecycle Stage: Product-as-a-Service | Location: ES | Materials: other | Unit: 1 MJ | Reference Flow: Electricity | Description:  | Water depletion: 0.0044 | Freshwater ecotoxicity: 0.0001 | Marine ecotoxicity: 0.0001 | Ozone depletion: 0.0 | Marine eutrophication: 0.0 | Human toxicity: 0.0065 | Particulate matter formation: 0.0006 | Urban land occupation: 0.0001 | Agricultural land occupation: 0.0001 | Terrestrial acidification: 0.002 | Climate change: 0.4555 | Terrestrial ecotoxicity: 0.0 | Photochemical oxidant formation: 0.0011 | Ionising radiation: 0.0644 | Metal depletion: 0.0008 | Freshwater eutrophication: 0.0 | Natural land transformation: -0.0",5.553e-05,0.45552227,0.0,8.898e-05,2e-08,0.00651719,0.06444752,6.174e-05,3.646e-05,0.00083872,-2.41e-06,2e-08,0.00055416,0.00112404,0.0019662,6.37e-06,8.33e-05,0.00442272
"Electricity Mix, consumption mix, at consumer, AC, 230V",Product-as-a-Service,Energy carriers and technologies > Electricity,IS,MJ,electricity mix,,other,"Process: Electricity Mix, consumption mix, at consumer, AC, 230V | Category: Energy carriers and technologies > Electricity | Lifecycle Stage: Product-as-a-Service | Location: IS | Materials: other | Unit: 1 MJ | Reference Flow: electricity mix | Description:  | Water depletion: 0.0 | Freshwater ecotoxicity: 0.0 | Marine ecotoxicity: 0.0 | Marine eutrophication: 0.0 | Human toxicity: 0.0001 | Particulate matter formation: 0.0 | Terrestrial acidification: 0.0 | Climate change: 0.0232 | Terrestrial ecotoxicity: 0.0 | Photochemical oxidant formation: 0.0 | Ionising radiation: 0.0001 | Metal depletion: 0.0003 | Freshwater eutrophication: 0.0",0.0,0.02324277,0.0,4.23e-06,1e-08,9.061e-05,0.00012648,6.5e-07,4.5e-07,0.00033066,0.0,0.0,4.03e-06,1.216e-05,9.73e-06,5e-08,0.0,1.349e-05
"Process steam from light fuel oil, consumption mix, at plant, heat plant, MJ",Product-as-a-Service,Energy carriers and technologies > Heat and steam,EE,MJ,process steam from light fuel oil,,other,"Process: Process steam from light fuel oil, consumption mix, at plant, heat plant, MJ | Category: Energy carriers and technologies > Heat and steam | Lifecycle Stage: Product-as-a-Service | Location: EE | Materials: other | Unit: 1 MJ | Reference Flow: process steam from light fuel oil | Description:  | Water depletion: 0.0 | Freshwater ecotoxicity: 0.0 | Marine ecotoxicity: 0.0 | Marine eutrophication: 0.0 | Human toxicity: 0.0004 | Particulate matter formation: 0.0001 | Terrestrial acidification: 0.0003 | Climate change: 0.0934 | Terrestrial ecotoxicity: 0.0 | Photochemical oxidant formation: 0.0003 | Ionising radiation: 0.0002 | Metal depletion: 0.0 | Freshwater eutrophication: 0.0",0.0,0.09340853,0.0,2.2e-06,3e-07,0.0004013,0.00023317,2.609e-05,9.82e-06,2.702e-05,0.0,0.0,9.086e-05,0.00026796,0.00028451,3.7e-07,0.0,8.41e-06
"Process steam from heavy fuel oil, consumption mix, at plant, heat plant, MJ",Product-as-a-Service,Energy carriers and technologies > Heat and steam,NO,MJ,process steam from heavy fuel oil,,other,"Process: Process steam from heavy fuel oil, consumption mix, at plant, heat plant, MJ | Category: Energy carriers and technologies > Heat and steam | Lifecycle Stage: Product-as-a-Service | Location: NO | Materials: other | Unit: 1 MJ | Reference Flow: process steam from heavy fuel oil | Description:  | Water depletion: 0.0 | Freshwater ecotoxicity: 0.0 | Marine ecotoxicity: 0.0 | Marine eutrophication: 0.0 | Human toxicity: 0.002 | Particulate matter formation: 0.0001 | Terrestrial acidification: 0.0004 | Climate change: 0.0938 | Terrestrial ecotoxicity: 0.0 | Photochemical oxidant formation: 0.0001 | Ionising radiation: 0.0 | Metal depletion: 0.0 | Freshwater eutrophication: 0.0",0.0,0.09377397,0.0,1.41e-06,1e-08,0.00197754,9.99e-06,4.114e-05,3.55e-06,7.68e-06,0.0,0.0,9.636e-05,0.00014237,0.00040141,1.96e-06,0.0,5.6e-07
"Container glass (delivered to the end user of the contained product, reuse rate: 7%), production mix at plant, technology mix",Raw Materials,Systems,RER,kg,Glass (formed & finished),,glass,"Process: Container glass (delivered to the end user of the contained product, reuse rate: 7%), production mix at plant, technology mix | Category: Systems | Lifecycle Stage: Raw Materials | Location: RER | Materials: glass | Unit: 1 kg | Reference Flow: Glass (formed & finished) | Description:  | Water depletion: 0.0011 | Freshwater ecotoxicity: 0.0001 | Marine ecotoxicity: 0.0002 | Ozone depletion: 0.0 | Marine eutrophication: 0.0002 | Human toxicity: 0.0646 | Particulate matter formation: 0.0008 | Terrestrial acidification: 0.0035 | Climate change: 0.7906 | Terrestrial ecotoxicity: 0.0 | Photochemical oxidant formation: 0.0014 | Ionising radiation: 0.0622 | Metal depletion: 0.0508 | Freshwater eutrophication: 0.0",0.0,0.79062087,0.0,9.557e-05,1.779e-05,0.06459266,0.06216667,0.00019726,0.00016966,0.05076246,0.0,5e-08,0.00083808,0.00143413,0.00351227,3.415e-05,0.0,0.0010539
"Process steam from light fuel oil, consumption mix, at plant, heat plant, MJ",Product-as-a-Service,Energy carriers and technologies > Heat and steam,CH,MJ,process steam from light fuel oil,,other,"Process: Process steam from light fuel oil, consumption mix, at plant, heat plant, MJ | Category: Energy carriers and technologies > Heat and steam | Lifecycle Stage: Product-as-a-Service | Location: CH | Materials: other | Unit: 1 MJ | Reference Flow: process steam from light fuel oil | Description:  | Water depletion: 0.0 | Freshwater ecotoxicity: 0.0 | Marine ecotoxicity: 0.0 | Marine eutrophication: 0.0 | Human toxicity: 0.0004 | Particulate matter formation: 0.0 | Terrestrial acidification: 0.0001 | Climate change: 0.0938 | Terrestrial ecotoxicity: 0.0 | Photochemical oxidant formation: 0.0001 | Ionising radiation: 0.0002 | Metal depletion: 0.0 | Freshwater eutrophication: 0.0",0.0,0.0938018,0.0,2.29e-06,3e-07,0.00039167,0.00023745,2.617e-05,3.25e-06,2.708e-05,0.0,0.0,2.892e-05,8.539e-05,9.23e-05,3.5e-07,0.0,8.46e-06
"Process steam from light fuel oil, consumption mix, at plant, heat plant, MJ",Product-as-a-Service,Energy carriers and technologies > Heat and steam,GR,MJ,process steam from light fuel oil,,other,"Process: Process steam from light fuel oil, consumption mix, at plant, heat plant, MJ | Category: Energy carriers and technologies > Heat and steam | Lifecycle Stage: Product-as-a-Service | Location: GR | Materials: other | Unit: 1 MJ | Reference Flow: process steam from light fuel oil | Description:  | Water depletion: 0.0 | Freshwater ecotoxicity: 0.0 | Marine ecotoxicity: 0.0 | Marine eutrophication: 0.0 | Human toxicity: 0.0004 | Particulate matter formation: 0.0001 | Terrestrial acidification: 0.0002 | Climate change: 0.0941 | Terrestrial ecotoxicity: 0.0 | Photochemical oxidant formation: 0.0002 | Ionising radiation: 0.0002 | Metal depletion: 0.0 | Freshwater eutrophication: 0.0",0.0,0.09409774,0.0,2.23e-06,3e-07,0.0004346,0.00023491,2.611e-05,6.95e-06,2.704e-05,0.0,0.0,6.984e-05,0.00019128,0.00022032,4e-07,0.0,8.43e-06
"Porocalce plaster production, Production mix at plant - Southern Italy, Porocalce plaster - Milling and mixing of sand, perlite, expanded glass, calcium hydroxide, 1 kg, Plaster",Manufacturing,Materials production > Other mineral materials,IT,kg,Porocalce,,glass,"Process: Porocalce plaster production, Production mix at plant - Southern Italy, Porocalce plaster - Milling and mixing of sand, perlite, expanded glass, calcium hydroxide, 1 kg, Plaster | Category: Materials production > Other mineral materials | Lifecycle Stage: Manufacturing | Location: IT | Materials: glass | Unit: 1 kg | Reference Flow: Porocalce | Description:  | Water depletion: 0.1042 | Freshwater ecotoxicity: 0.0004 | Marine ecotoxicity: 0.0004 | Ozone depletion: 0.0 | Marine eutrophication: 0.0002 | Human toxicity: 0.0336 | Particulate matter formation: 0.0004 | Urban land occupation: 0.0202 | Agricultural land occupation: 0.0156 | Terrestrial acidification: 0.0007 | Climate change: 0.6279 | Terrestrial ecotoxicity: 0.0001 | Photochemical oxidant formation: 0.0007 | Ionising radiation: 0.014 | Metal depletion: 0.0036 | Freshwater eutrophication: 0.0 | Natural land transformation: -0.0106",0.01559495,0.62788193,0.0,0.00040355,1.571e-05,0.03358214,0.01402994,0.00043829,0.00015675,0.0035643,-0.01059839,1e-08,0.00036895,0.00069684,0.00066442,0.0001427,0.02024229,0.10423265
"Lignite mix, consumption mix, at consumer, technology mix",Raw Materials,Energy carriers and technologies > Lignite based fuels,EU-27,kg,Lignite EU-27,,other,"Process: Lignite mix, consumption mix, at consumer, technology mix | Category: Energy carriers and technologies > Lignite based fuels | Lifecycle Stage: Raw Materials | Location: EU-27 | Materials: other | Unit: 1 kg | Reference Flow: Lignite EU-27 | Description:  | Water depletion: 0.0013 | Freshwater ecotoxicity: 0.0 | Marine ecotoxicity: 0.0 | Marine eutrophication: 0.0 | Human toxicity: 0.0034 | Particulate matter formation: 0.0 | Urban land occupation: 0.0001 | Agricultural land occupation: 0.0001 | Terrestrial acidification: 0.0002 | Climate change: 0.0385 | Terrestrial ecotoxicity: 0.0 | Photochemical oxidant formation: 0.0001 | Ionising radiation: 0.0015 | Metal depletion: 0.0 | Natural land transformation: -0.0001",9.574e-05,0.03848886,0.0,1.988e-05,0.0,0.00342434,0.00153014,1.987e-05,2.39e-06,2.218e-05,-6.055e-05,0.0,4.303e-05,7.439e-05,0.00015292,4.2e-07,0.00014361,0.00125345
"Drinking water, production mix, at plant, water purification treatment, from groundwater",Raw Materials,Materials production > Water,RER,kg,drinking water,,water,"Process: Drinking water, production mix, at plant, water purification treatment, from groundwater | Category: Materials production > Water | Lifecycle Stage: Raw Materials | Location: RER | Materials: water | Unit: 1 kg | Reference Flow: drinking water | Description:  | Water depletion: 0.001 | Freshwater ecotoxicity: 0.0 | Marine ecotoxicity: 0.0 | Marine eutrophication: 0.0 | Human toxicity: 0.0 | Particulate matter formation: 0.0 | Terrestrial acidification: 0.0 | Climate change: 0.0006 | Photochemical oxidant formation: 0.0 | Ionising radiation: 0.0 | Metal depletion: 0.0",0.0,0.00057952,0.0,1.1e-07,0.0,3.17e-06,6.82e-06,1.1e-07,1.9e-07,2.17e-06,0.0,0.0,2.09e-06,1.21e-06,1.24e-06,0.0,0.0,0.00100317
"Drinking water, production mix, at plant, water purification treatment, from surface water",Raw Materials,Materials production > Water,RER,kg,drinking water,,water,"Process: Drinking water, production mix, at plant, water purification treatment, from surface water | Category: Materials production > Water | Lifecycle Stage: Raw Materials | Location: RER | Materials: water | Unit: 1 kg | Reference Flow: drinking water | Description:  | Water depletion: 0.001 | Freshwater ecotoxicity: 0.0 | Marine ecotoxicity: 0.0 | Marine eutrophication: 0.0 | Human toxicity: 0.0 | Particulate matter formation: 0.0 | Terrestrial acidification: 0.0 | Climate change: 0.0006 | Terrestrial ecotoxicity: 0.0 | Photochemical oxidant formation: 0.0 | Ionising radiation: 0.0 | Metal depletion: 0.0",0.0,0.00062945,0.0,1.2e-07,0.0,6.66e-06,1.336e-05,1.6e-07,2e-07,4.37e-06,0.0,0.0,2.63e-06,1.33e-06,1.5e-06,1e-08,0.0,0.00100228
"Process water, production mix, at plant, ion exchange, from groundwater",Raw Materials,Materials production > Water,RER,kg,process water,,water,"Process: Process water, production mix, at plant, ion exchange, from groundwater | Category: Materials production > Water | Lifecycle Stage: Raw Materials | Location: RER | Materials: water | Unit: 1 kg | Reference Flow: process water | Description:  | Water depletion: 0.001 | Freshwater ecotoxicity: 0.0 | Marine ecotoxicity: 0.0 | Marine eutrophication: 0.0 | Human toxicity: 0.0001 | Particulate matter formation: 0.0 | Terrestrial acidification: 0.0 | Climate change: 0.0066 | Terrestrial ecotoxicity: 0.0 | Photochemical oxidant formation: 0.0 | Ionising radiation: 0.0008 | Metal depletion: 0.0 | Freshwater eutrophication: 0.0",0.0,0.00656385,0.0,1.33e-06,1e-08,0.00012601,0.00081493,1.11e-06,1.22e-06,1.097e-05,0.0,0.0,5.48e-06,1.358e-05,1.72e-05,6e-08,0.0,0.00101784
"Process water, production mix, at plant, ion exchange, from surface water",Raw Materials,Materials production > Water,RER,kg,process water,,water,"Process: Process water, production mix, at plant, ion exchange, from surface water | Category: Materials production > Water | Lifecycle Stage: Raw Materials | Location: RER | Materials: water | Unit: 1 kg | Reference Flow: process water | Description:  | Water depletion: 0.001 | Freshwater ecotoxicity: 0.0 | Marine ecotoxicity: 0.0 | Marine eutrophication: 0.0 | Human toxicity: 0.0001 | Particulate matter formation: 0.0 | Terrestrial acidification: 0.0 | Climate change: 0.0066 | Terrestrial ecotoxicity: 0.0 | Photochemical oxidant formation: 0.0 | Ionising radiation: 0.0008 | Metal depletion: 0.0 | Freshwater eutrophication: 0.0",0.0,0.00656385,0.0,1.33e-06,1e-08,0.00012601,0.00081493,1.11e-06,1.22e-06,1.097e-05,0.0,0.0,5.48e-06,1.358e-05,1.72e-05,6e-08,0.0,0.00101784
"De-ionised water, production mix, at plant, reverse osmosis, from groundwater",Raw Materials,Materials production > Water,RER,kg,de-ionised water,,water,"Process: De-ionised water, production mix, at plant, reverse osmosis, from groundwater | Category: Materials production > Water | Lifecycle Stage: Raw Materials | Location: RER | Materials: water | Unit: 1 kg | Reference Flow: de-ionised water | Description:  | Water depletion: 0.001 | Freshwater ecotoxicity: 0.0 | Marine ecotoxicity: 0.0 | Marine eutrophication: 0.0 | Human toxicity: 0.0001 | Particulate matter formation: 0.0 | Terrestrial acidification: 0.0 | Climate change: 0.0086 | Terrestrial ecotoxicity: 0.0 | Photochemical oxidant formation: 0.0 | Ionising radiation: 0.001 | Metal depletion: 0.0 | Freshwater eutrophication: 0.0",0.0,0.00858237,0.0,1.79e-06,1e-08,0.00014984,0.00098546,1.51e-06,1.87e-06,1.689e-05,0.0,0.0,7.35e-06,1.796e-05,2.351e-05,8e-08,0.0,0.00102473
"De-ionised water, production mix, at plant, reverse osmosis, from surface water",Raw Materials,Materials production > Water,RER,kg,de-ionised water,,water,"Process: De-ionised water, production mix, at plant, reverse osmosis, from surface water | Category: Materials production > Water | Lifecycle Stage: Raw Materials | Location: RER | Materials: water | Unit: 1 kg | Reference Flow: de-ionised water | Description:  | Water depletion: 0.001 | Freshwater ecotoxicity: 0.0 | Marine ecotoxicity: 0.0 | Marine eutrophication: 0.0 | Human toxicity: 0.0001 | Particulate matter formation: 0.0 | Terrestrial acidification: 0.0 | Climate change: 0.0086 | Terrestrial ecotoxicity: 0.0 | Photochemical oxidant formation: 0.0 | Ionising radiation: 0.001 | Metal depletion: 0.0 | Freshwater eutrophication: 0.0",0.0,0.00858237,0.0,1.79e-06,1e-08,0.00014984,0.00098546,1.51e-06,1.87e-06,1.689e-05,0.0,0.0,7.35e-06,1.796e-05,2.351e-05,8e-08,0.0,0.00102473
"Polyamide 6.6 fibres (PA 6.6), production mix, at plant, from adipic acid and hexamethylene diamine (HMDA), PA 6.6 granulate without additives",Raw Materials,Materials production > Plastics,EU-27,kg,polyamide 6.6 fibres (PA 6.6),,other,"Process: Polyamide 6.6 fibres (PA 6.6), production mix, at plant, from adipic acid and hexamethylene diamine (HMDA), PA 6.6 granulate without additives | Category: Materials production > Plastics | Lifecycle Stage: Raw Materials | Location: EU-27 | Materials: other | Unit: 1 kg | Reference Flow: polyamide 6.6 fibres (PA 6.6) | Description:  | Water depletion: 0.0098 | Freshwater ecotoxicity: 0.0012 | Marine ecotoxicity: 0.0028 | Ozone depletion: 0.0 | Marine eutrophication: 0.0015 | Human toxicity: 0.1169 | Particulate matter formation: 0.0106 | Terrestrial acidification: 0.0346 | Climate change: 11.1449 | Terrestrial ecotoxicity: 0.0001 | Photochemical oxidant formation: 0.0303 | Ionising radiation: 0.7509 | Metal depletion: 0.007 | Freshwater eutrophication: 0.0",0.0,11.14493307,0.0,0.00120658,3.722e-05,0.11687921,0.75092569,0.00277773,0.00154684,0.00701539,0.0,6.3e-07,0.01058031,0.03032801,0.03458287,8.825e-05,0.0,0.00983769
"Polyacrylonitrile fibres (PAN), production mix, at plant, from acrylonitrile and methacrylate, PAN without additives",Raw Materials,Materials production > Plastics,EU-27,kg,polyacrylonitrile fibres (PAN),,other,"Process: Polyacrylonitrile fibres (PAN), production mix, at plant, from acrylonitrile and methacrylate, PAN without additives | Category: Materials production > Plastics | Lifecycle Stage: Raw Materials | Location: EU-27 | Materials: other | Unit: 1 kg | Reference Flow: polyacrylonitrile fibres (PAN) | Description:  | Water depletion: 0.0001 | Freshwater ecotoxicity: 0.0007 | Marine ecotoxicity: 0.0015 | Ozone depletion: 0.0 | Marine eutrophication: 0.0013 | Human toxicity: 0.0616 | Particulate matter formation: 0.0058 | Terrestrial acidification: 0.019 | Climate change: 5.7518 | Terrestrial ecotoxicity: 0.0001 | Photochemical oxidant formation: 0.0181 | Ionising radiation: 0.3804 | Metal depletion: 0.0042 | Freshwater eutrophication: 0.0",0.0,5.75184336,0.0,0.00070836,2.692e-05,0.06164237,0.38036572,0.00151559,0.0012778,0.0042218,0.0,3.2e-07,0.00582141,0.01806929,0.01902836,5.06e-05,0.0,9.998e-05
"Polypropylene fibres (PP), production mix, at plant, crude oil based, PP granulate without additives",Raw Materials,Materials production > Plastics,EU-27,kg,polypropylene fibres (PP),,crude oil,"Process: Polypropylene fibres (PP), production mix, at plant, crude oil based, PP granulate without additives | Category: Materials production > Plastics | Lifecycle Stage: Raw Materials | Location: EU-27 | Materials: crude oil | Unit: 1 kg | Reference Flow: polypropylene fibres (PP) | Description:  | Water depletion: 0.0022 | Freshwater ecotoxicity: 0.0004 | Marine ecotoxicity: 0.0011 | Ozone depletion: 0.0 | Marine eutrophication: 0.0002 | Human toxicity: 0.0408 | Particulate matter formation: 0.0024 | Terrestrial acidification: 0.0081 | Climate change: 2.3807 | Terrestrial ecotoxicity: 0.0 | Photochemical oxidant formation: 0.0062 | Ionising radiation: 0.2011 | Metal depletion: 0.0022 | Freshwater eutrophication: 0.0",0.0,2.38074731,0.0,0.00043631,1.999e-05,0.04082554,0.20109326,0.00113516,0.00020497,0.0022458,0.0,1.7e-07,0.00241695,0.00620241,0.0081092,2.978e-05,0.0,0.00218474
"Polyethylene terephthalate fibres (PET), production mix, at plant, via dimethyl terephthalate (DMT), PET granulate without additives",Raw Materials,Materials production > Plastics,EU-27,kg,polyethylene terephthalate fibres (PET),,polyethylene,"Process: Polyethylene terephthalate fibres (PET), production mix, at plant, via dimethyl terephthalate (DMT), PET granulate without additives | Category: Materials production > Plastics | Lifecycle Stage: Raw Materials | Location: EU-27 | Materials: polyethylene | Unit: 1 kg | Reference Flow: polyethylene terephthalate fibres (PET) | Description:  | Water depletion: 0.0033 | Freshwater ecotoxicity: 0.0007 | Marine ecotoxicity: 0.0015 | Ozone depletion: 0.0 | Marine eutrophication: 0.0003 | Human toxicity: 0.0837 | Particulate matter formation: 0.0046 | Terrestrial acidification: 0.0161 | Climate change: 4.5176 | Terrestrial ecotoxicity: 0.0001 | Photochemical oxidant formation: 0.018 | Ionising radiation: 0.4967 | Metal depletion: 0.0028 | Freshwater eutrophication: 0.0",0.0,4.51760257,0.0,0.00066779,3.109e-05,0.08371491,0.49665478,0.00145122,0.00033307,0.00281538,0.0,4.1e-07,0.00462083,0.01802299,0.01612923,6.129e-05,0.0,0.00329123
"Waste water treatment, at waste water treatment plant, chemical reduction/oxidation process, municipal waste water",Raw Materials,End-of-life treatment > Waste water treatment,RER,kg,waste water - untreated,,water,"Process: Waste water treatment, at waste water treatment plant, chemical reduction/oxidation process, municipal waste water | Category: End-of-life treatment > Waste water treatment | Lifecycle Stage: Raw Materials | Location: RER | Materials: water | Unit: 1 kg | Reference Flow: waste water - untreated | Description:  | Freshwater ecotoxicity: 0.0013 | Marine ecotoxicity: 0.0012 | Marine eutrophication: 0.0002 | Human toxicity: 0.1198 | Terrestrial ecotoxicity: 0.0 | Freshwater eutrophication: 0.0",-0.0,-0.0,-0.0,0.00128311,3.903e-05,0.11976966,-0.0,0.00119198,0.00020076,-0.0,-0.0,-0.0,-0.0,-0.0,-0.0,1.35e-06,-0.0,-0.0
"Waste water treatment, at waste water treatment plant, industrial waste water according to the Directive 91/271/EEC concerning urban waste water treatment, slightly organic contaminated",Raw Materials,End-of-life treatment > Waste water treatment,EU-27,kg,waste water - untreated,,water,"Process: Waste water treatment, at waste water treatment plant, industrial waste water according to the Directive 91/271/EEC concerning urban waste water treatment, slightly organic contaminated | Category: End-of-life treatment > Waste water treatment | Lifecycle Stage: Raw Materials | Location: EU-27 | Materials: water | Unit: 1 kg | Reference Flow: waste water - untreated | Description:  | Water depletion: -0.0009 | Freshwater ecotoxicity: 0.0 | Marine ecotoxicity: 0.0 | Marine eutrophication: 0.0 | Human toxicity: 0.0002 | Particulate matter formation: 0.0 | Terrestrial acidification: 0.0001 | Climate change: 0.0366 | Terrestrial ecotoxicity: 0.0 | Photochemical oxidant formation: 0.0001 | Ionising radiation: 0.0001 | Metal depletion: 0.0 | Freshwater eutrophication: 0.0",-0.0,0.03660302,-0.0,9.52e-06,3e-08,0.00019336,0.00013093,1.014e-05,1.624e-05,5.13e-06,-0.0,0.0,2.415e-05,7.815e-05,7.63e-05,2.1e-07,-0.0,-0.00086312
"Waste water treatment, at waste water treatment plant, industrial waste water according to the Directive 91/271/EEC concerning urban waste water treatment, slightly organic and anorganic contaminated",Raw Materials,End-of-life treatment > Waste water treatment,EU-27,kg,waste water - untreated,,water,"Process: Waste water treatment, at waste water treatment plant, industrial waste water according to the Directive 91/271/EEC concerning urban waste water treatment, slightly organic and anorganic contaminated | Category: End-of-life treatment > Waste water treatment | Lifecycle Stage: Raw Materials | Location: EU-27 | Materials: water | Unit: 1 kg | Reference Flow: waste water - untreated | Description:  | Water depletion: -0.0009 | Freshwater ecotoxicity: 0.0 | Marine ecotoxicity: 0.0 | Marine eutrophication: 0.0 | Human toxicity: 0.0002 | Particulate matter formation: 0.0 | Terrestrial acidification: 0.0001 | Climate change: 0.0366 | Terrestrial ecotoxicity: 0.0 | Photochemical oxidant formation: 0.0001 | Ionising radiation: 0.0001 | Metal depletion: 0.0 | Freshwater eutrophication: 0.0",-0.0,0.036603,-0.0,5.87e-06,3e-08,0.00018929,0.00013093,6.86e-06,1.103e-05,5.13e-06,-0.0,0.0,2.415e-05,7.815e-05,7.63e-05,2.1e-07,-0.0,-0.00086312
"Waste water treatment, at waste water treatment plant, industrial waste water according to the Directive 91/271/EEC concerning urban waste water treatment, organic contaminated",Raw Materials,End-of-life treatment > Waste water treatment,EU-27,kg,waste water - untreated,,water,"Process: Waste water treatment, at waste water treatment plant, industrial waste water according to the Directive 91/271/EEC concerning urban waste water treatment, organic contaminated | Category: End-of-life treatment > Waste water treatment | Lifecycle Stage: Raw Materials | Location: EU-27 | Materials: water | Unit: 1 kg | Reference Flow: waste water - untreated | Description:  | Water depletion: -0.0007 | Freshwater ecotoxicity: 0.0 | Marine ecotoxicity: 0.0 | Marine eutrophication: 0.0 | Human toxicity: 0.0004 | Particulate matter formation: 0.0001 | Terrestrial acidification: 0.0002 | Climate change: 0.0836 | Terrestrial ecotoxicity: 0.0 | Photochemical oxidant formation: 0.0002 | Ionising radiation: 0.0003 | Metal depletion: 0.0 | Freshwater eutrophication: 0.0",-0.0,0.08359699,-0.0,1.825e-05,6e-08,0.00043252,0.00025421,2.004e-05,3.219e-05,1.166e-05,-0.0,0.0,5.488e-05,0.00017812,0.00017325,4.7e-07,-0.0,-0.0006628
"Benzene, production mix, at plant, technology mix, from pyrolysis gasoline, reformate and toluene dealkylation, liquid",Raw Materials,Materials production > Organic chemicals,EU-27,kg,benzene,,other,"Process: Benzene, production mix, at plant, technology mix, from pyrolysis gasoline, reformate and toluene dealkylation, liquid | Category: Materials production > Organic chemicals | Lifecycle Stage: Raw Materials | Location: EU-27 | Materials: other | Unit: 1 kg | Reference Flow: benzene | Description:  | Water depletion: -0.0008 | Freshwater ecotoxicity: 0.0002 | Marine ecotoxicity: 0.0009 | Ozone depletion: 0.0 | Marine eutrophication: 0.0001 | Human toxicity: 0.0178 | Particulate matter formation: 0.001 | Terrestrial acidification: 0.0037 | Climate change: 1.3966 | Terrestrial ecotoxicity: 0.0 | Photochemical oxidant formation: 0.0034 | Ionising radiation: 0.0265 | Metal depletion: 0.0016 | Freshwater eutrophication: 0.0",0.0,1.39659915,0.0,0.00018943,1.627e-05,0.01778841,0.02646631,0.00092832,0.00011952,0.00156706,0.0,2e-08,0.00104694,0.00337161,0.00369231,1.63e-05,0.0,-0.00083724
"Rail transport, technology mix, diesel driven, cargo",Transport & Packaging,Transport services > Rail,RER,t*km,transport in t*km,,other,"Process: Rail transport, technology mix, diesel driven, cargo | Category: Transport services > Rail | Lifecycle Stage: Transport & Packaging | Location: RER | Materials: other | Unit: 1 t*km | Reference Flow: transport in t*km | Description:  | Water depletion: 0.0 | Freshwater ecotoxicity: 0.0 | Marine ecotoxicity: 0.0 | Marine eutrophication: 0.0 | Human toxicity: 0.0001 | Particulate matter formation: 0.0001 | Terrestrial acidification: 0.0003 | Climate change: 0.0272 | Terrestrial ecotoxicity: 0.0 | Photochemical oxidant formation: 0.0004 | Ionising radiation: 0.0001 | Metal depletion: 0.0 | Freshwater eutrophication: 0.0",0.0,0.02724347,0.0,5.9e-07,8e-08,9.043e-05,6.135e-05,7.02e-06,1.529e-05,5.84e-06,0.0,0.0,0.0001135,0.0004444,0.00025119,8e-08,0.0,2.23e-06
"Process steam from Heavy fuel oil 90 %, consumption mix, at power plant, heat plant, MJ, 90 % efficiency",Product-as-a-Service,Energy carriers and technologies > Heat and steam,SE,MJ,process steam,,other,"Process: Process steam from Heavy fuel oil 90 %, consumption mix, at power plant, heat plant, MJ, 90 % efficiency | Category: Energy carriers and technologies > Heat and steam | Lifecycle Stage: Product-as-a-Service | Location: SE | Materials: other | Unit: 1 MJ | Reference Flow: process steam | Description:  | Water depletion: 0.0 | Freshwater ecotoxicity: 0.0 | Marine ecotoxicity: 0.0001 | Marine eutrophication: 0.0 | Human toxicity: 0.0012 | Particulate matter formation: 0.0001 | Urban land occupation: 0.0 | Agricultural land occupation: 0.0 | Terrestrial acidification: 0.0002 | Climate change: 0.103 | Terrestrial ecotoxicity: 0.0 | Photochemical oxidant formation: 0.0001 | Ionising radiation: 0.0003 | Metal depletion: 0.0001 | Freshwater eutrophication: 0.0 | Natural land transformation: -0.0",5.02e-06,0.1029845,0.0,3e-06,2e-08,0.00119528,0.00029814,6.327e-05,4.82e-06,6.876e-05,-2e-08,0.0,5.112e-05,0.00011974,0.0001712,9.9e-07,7.53e-06,3.007e-05
"Electricity grid mix 1kV-60kV, consumption mix, at consumer, AC, 1kV - 60kV",Product-as-a-Service,Energy carriers and technologies > Electricity,SI,MJ,Electricity,,other,"Process: Electricity grid mix 1kV-60kV, consumption mix, at consumer, AC, 1kV - 60kV | Category: Energy carriers and technologies > Electricity | Lifecycle Stage: Product-as-a-Service | Location: SI | Materials: other | Unit: 1 MJ | Reference Flow: Electricity | Description:  | Water depletion: 0.0025 | Freshwater ecotoxicity: 0.0005 | Marine ecotoxicity: 0.0004 | Marine eutrophication: 0.0 | Human toxicity: 0.0725 | Particulate matter formation: 0.0004 | Urban land occupation: 0.0001 | Agricultural land occupation: 0.0 | Terrestrial acidification: 0.0013 | Climate change: 0.4415 | Terrestrial ecotoxicity: 0.0 | Photochemical oxidant formation: 0.001 | Ionising radiation: 0.094 | Metal depletion: 0.0035 | Freshwater eutrophication: 0.0 | Natural land transformation: -0.0",4.864e-05,0.44152786,0.0,0.00052266,2e-08,0.07247603,0.09401313,0.00042901,4.073e-05,0.00348035,-1.766e-05,0.0,0.00040225,0.00096825,0.00134386,7.76e-06,7.296e-05,0.00252957
"Process steam from Heavy fuel oil 90 %, consumption mix, at power plant, heat plant, MJ, 90 % efficiency",Product-as-a-Service,Energy carriers and technologies > Heat and steam,PL,MJ,process steam,,other,"Process: Process steam from Heavy fuel oil 90 %, consumption mix, at power plant, heat plant, MJ, 90 % efficiency | Category: Energy carriers and technologies > Heat and steam | Lifecycle Stage: Product-as-a-Service | Location: PL | Materials: other | Unit: 1 MJ | Reference Flow: process steam | Description:  | Water depletion: 0.0001 | Freshwater ecotoxicity: 0.0 | Marine ecotoxicity: 0.0002 | Marine eutrophication: 0.0 | Human toxicity: 0.0098 | Particulate matter formation: 0.0002 | Urban land occupation: 0.0 | Agricultural land occupation: 0.0 | Terrestrial acidification: 0.0008 | Climate change: 0.1045 | Terrestrial ecotoxicity: 0.0 | Photochemical oxidant formation: 0.0003 | Ionising radiation: 0.0001 | Metal depletion: 0.0001 | Freshwater eutrophication: 0.0 | Natural land transformation: -0.0",1.084e-05,0.10453405,0.0,1.066e-05,2e-08,0.00982402,8.286e-05,0.00016341,7.68e-06,0.00011962,-1.1e-07,0.0,0.00019681,0.00025204,0.00076053,1.387e-05,1.626e-05,5.427e-05
"Electricity grid mix, consumption mix, at consumer, AC, 230V",Product-as-a-Service,Energy carriers and technologies > Electricity,CZ,MJ,Electricity,,other,"Process: Electricity grid mix, consumption mix, at consumer, AC, 230V | Category: Energy carriers and technologies > Electricity | Lifecycle Stage: Product-as-a-Service | Location: CZ | Materials: other | Unit: 1 MJ | Reference Flow: Electricity | Description:  | Water depletion: 0.0031 | Freshwater ecotoxicity: 0.0001 | Marine ecotoxicity: 0.0001 | Marine eutrophication: 0.0001 | Human toxicity: 0.0183 | Particulate matter formation: 0.0014 | Urban land occupation: 0.0001 | Agricultural land occupation: 0.0001 | Terrestrial acidification: 0.0051 | Climate change: 0.8344 | Terrestrial ecotoxicity: 0.0 | Photochemical oxidant formation: 0.0023 | Ionising radiation: 0.0822 | Metal depletion: 0.0007 | Freshwater eutrophication: 0.0 | Natural land transformation: 0.0",5.674e-05,0.83441091,0.0,0.00012808,2e-08,0.01825727,0.08222016,8.843e-05,8.334e-05,0.00067966,-3.352e-05,0.0,0.00140915,0.00228661,0.00512667,1.202e-05,8.51e-05,0.00306252
"Process steam from Light fuel oil 90 %, consumption mix, at power plant, heat plant, MJ, 90 % efficiency",Product-as-a-Service,Energy carriers and technologies > Heat and steam,HU,MJ,process steam,,other,"Process: Process steam from Light fuel oil 90 %, consumption mix, at power plant, heat plant, MJ, 90 % efficiency | Category: Energy carriers and technologies > Heat and steam | Lifecycle Stage: Product-as-a-Service | Location: HU | Materials: other | Unit: 1 MJ | Reference Flow: process steam | Description:  | Water depletion: 0.0001 | Freshwater ecotoxicity: 0.0 | Marine ecotoxicity: 0.0 | Marine eutrophication: 0.0 | Human toxicity: 0.0003 | Particulate matter formation: 0.0001 | Urban land occupation: 0.0 | Agricultural land occupation: 0.0 | Terrestrial acidification: 0.0002 | Climate change: 0.1087 | Terrestrial ecotoxicity: 0.0 | Photochemical oxidant formation: 0.0002 | Ionising radiation: 0.0002 | Metal depletion: 0.0002 | Freshwater eutrophication: 0.0 | Natural land transformation: -0.0",1.318e-05,0.10873356,0.0,4.11e-06,2e-08,0.00034692,0.00021366,4.61e-06,7.01e-06,0.00015487,-8e-08,0.0,5.676e-05,0.00018874,0.0001715,1.8e-07,1.977e-05,5.88e-05
"Oxygen, production mix, at plant, via cryogenic air separation, gaseous",Raw Materials,Materials production > Inorganic chemicals,EU-27,kg,oxygen,,other,"Process: Oxygen, production mix, at plant, via cryogenic air separation, gaseous | Category: Materials production > Inorganic chemicals | Lifecycle Stage: Raw Materials | Location: EU-27 | Materials: other | Unit: 1 kg | Reference Flow: oxygen | Description:  | Water depletion: 0.0004 | Freshwater ecotoxicity: 0.0 | Marine ecotoxicity: 0.0 | Ozone depletion: 0.0 | Marine eutrophication: 0.0 | Human toxicity: 0.0047 | Particulate matter formation: 0.0003 | Terrestrial acidification: 0.001 | Climate change: 0.1485 | Terrestrial ecotoxicity: 0.0 | Photochemical oxidant formation: 0.0003 | Ionising radiation: 0.0434 | Metal depletion: 0.0 | Freshwater eutrophication: 0.0",0.0,0.1485241,0.0,4.506e-05,1.4e-07,0.00471254,0.04341137,3.012e-05,1.157e-05,4.617e-05,0.0,4e-08,0.00026053,0.00034342,0.00096821,3.29e-06,0.0,0.00042493
"Electricity Mix, consumption mix, at consumer, AC, 230V",Product-as-a-Service,Energy carriers and technologies > Electricity,CH,MJ,electricity mix,,other,"Process: Electricity Mix, consumption mix, at consumer, AC, 230V | Category: Energy carriers and technologies > Electricity | Lifecycle Stage: Product-as-a-Service | Location: CH | Materials: other | Unit: 1 MJ | Reference Flow: electricity mix | Description:  | Water depletion: 0.001 | Freshwater ecotoxicity: 0.0002 | Marine ecotoxicity: 0.0001 | Ozone depletion: 0.0 | Marine eutrophication: 0.0 | Human toxicity: 0.0041 | Particulate matter formation: 0.0 | Terrestrial acidification: 0.0001 | Climate change: 0.0856 | Terrestrial ecotoxicity: 0.0 | Photochemical oxidant formation: 0.0001 | Ionising radiation: 0.2113 | Metal depletion: 0.0002 | Freshwater eutrophication: 0.0",0.0,0.08559512,0.0,0.00020876,6e-08,0.00411197,0.21134919,5.124e-05,6.9e-06,0.0002372,0.0,1.7e-07,4.773e-05,0.00010556,0.00014883,4.18e-06,0.0,0.00098319
"Electricity grid mix, consumption mix, at consumer, AC, 230V",Product-as-a-Service,Energy carriers and technologies > Electricity,HU,MJ,Electricity,,other,"Process: Electricity grid mix, consumption mix, at consumer, AC, 230V | Category: Energy carriers and technologies > Electricity | Lifecycle Stage: Product-as-a-Service | Location: HU | Materials: other | Unit: 1 MJ | Reference Flow: Electricity | Description:  | Water depletion: 0.0033 | Freshwater ecotoxicity: 0.0002 | Marine ecotoxicity: 0.0001 | Marine eutrophication: 0.0 | Human toxicity: 0.0179 | Particulate matter formation: 0.0005 | Urban land occupation: 0.0001 | Agricultural land occupation: 0.0001 | Terrestrial acidification: 0.0017 | Climate change: 0.5501 | Terrestrial ecotoxicity: 0.0 | Photochemical oxidant formation: 0.0011 | Ionising radiation: 0.1134 | Metal depletion: 0.0009 | Freshwater eutrophication: 0.0 | Natural land transformation: -0.0",8.781e-05,0.55006944,0.0,0.00020643,3e-08,0.01785711,0.1134047,0.00010534,4.452e-05,0.00094933,-1.522e-05,0.0,0.0005367,0.0011292,0.00171652,8.17e-06,0.00013171,0.00334323
"Hard coal mix, consumption mix, at consumer, technology mix",Raw Materials,Energy carriers and technologies > Hard coal based fuels,EU-27,kg,"Hard coal, at consumer EU-27",,coal,"Process: Hard coal mix, consumption mix, at consumer, technology mix | Category: Energy carriers and technologies > Hard coal based fuels | Lifecycle Stage: Raw Materials | Location: EU-27 | Materials: coal | Unit: 1 kg | Reference Flow: Hard coal, at consumer EU-27 | Description:  | Water depletion: 0.0004 | Freshwater ecotoxicity: 0.0 | Marine ecotoxicity: 0.0001 | Marine eutrophication: 0.0001 | Human toxicity: 0.005 | Particulate matter formation: 0.0004 | Urban land occupation: 0.001 | Agricultural land occupation: 0.0007 | Terrestrial acidification: 0.0013 | Climate change: 0.3366 | Terrestrial ecotoxicity: 0.0 | Photochemical oxidant formation: 0.0015 | Ionising radiation: 0.002 | Metal depletion: 0.0001 | Freshwater eutrophication: 0.0 | Natural land transformation: -0.0",0.00065929,0.3365575,0.0,3.987e-05,4e-08,0.0050104,0.00198972,5.952e-05,5.266e-05,9.301e-05,-2.028e-05,0.0,0.00044327,0.00145073,0.00129088,1.36e-06,0.00098893,0.00043122
"Waste incineration of plastics (PE, PP, PS, PB), at plant, average European waste-to-energy plant, without collection, transport and pre-treatment",Transport & Packaging,End-of-life treatment > Energy recycling,EU-27,kg,"waste incineration of plastics (PE, PP, PS, PB)",,plastic,"Process: Waste incineration of plastics (PE, PP, PS, PB), at plant, average European waste-to-energy plant, without collection, transport and pre-treatment | Category: End-of-life treatment > Energy recycling | Lifecycle Stage: Transport & Packaging | Location: EU-27 | Materials: plastic | Unit: 1 kg | Reference Flow: waste incineration of plastics (PE, PP, PS, PB) | Description:  | Water depletion: 6.6 | Freshwater ecotoxicity: 0.0041 | Marine ecotoxicity: 0.0044 | Ozone depletion: 0.0 | Marine eutrophication: 0.015 | Human toxicity: 0.4691 | Particulate matter formation: 0.0769 | Terrestrial acidification: 0.3342 | Climate change: 3225.5166 | Terrestrial ecotoxicity: 0.0003 | Photochemical oxidant formation: 0.2122 | Ionising radiation: 3.3596 | Metal depletion: 0.0167 | Freshwater eutrophication: 0.0001",-0.0,3225.51662609,-0.0,0.00410239,0.00011355,0.46911754,3.35956409,0.00436764,0.01496661,0.01673021,-0.0,2.77e-06,0.07692083,0.21220654,0.33422431,0.00028018,-0.0,6.59995261
"Process steam from Light fuel oil 90 %, consumption mix, at power plant, heat plant, MJ, 90 % efficiency",Product-as-a-Service,Energy carriers and technologies > Heat and steam,EE,MJ,process steam,,other,"Process: Process steam from Light fuel oil 90 %, consumption mix, at power plant, heat plant, MJ, 90 % efficiency | Category: Energy carriers and technologies > Heat and steam | Lifecycle Stage: Product-as-a-Service | Location: EE | Materials: other | Unit: 1 MJ | Reference Flow: process steam | Description:  | Water depletion: 0.0001 | Freshwater ecotoxicity: 0.0 | Marine ecotoxicity: 0.0 | Marine eutrophication: 0.0 | Human toxicity: 0.0003 | Particulate matter formation: 0.0001 | Urban land occupation: 0.0 | Agricultural land occupation: 0.0 | Terrestrial acidification: 0.0002 | Climate change: 0.1068 | Terrestrial ecotoxicity: 0.0 | Photochemical oxidant formation: 0.0001 | Ionising radiation: 0.0001 | Metal depletion: 0.0001 | Freshwater eutrophication: 0.0 | Natural land transformation: -0.0",1.255e-05,0.10684855,0.0,3.1e-06,2e-08,0.00033956,8.286e-05,4.12e-06,4.84e-06,0.00013425,-1e-07,0.0,5.396e-05,0.00014373,0.00017094,1.9e-07,1.882e-05,6.113e-05
"Process steam from natural gas, consumption mix, at plant, heat plant, MJ",Product-as-a-Service,Energy carriers and technologies > Heat and steam,SE,MJ,process steam from natural gas,,natural gas,"Process: Process steam from natural gas, consumption mix, at plant, heat plant, MJ | Category: Energy carriers and technologies > Heat and steam | Lifecycle Stage: Product-as-a-Service | Location: SE | Materials: natural gas | Unit: 1 MJ | Reference Flow: process steam from natural gas | Description:  | Water depletion: 0.0 | Freshwater ecotoxicity: 0.0 | Marine ecotoxicity: 0.0 | Marine eutrophication: 0.0 | Human toxicity: 0.0001 | Particulate matter formation: 0.0 | Terrestrial acidification: 0.0 | Climate change: 0.0695 | Terrestrial ecotoxicity: 0.0 | Photochemical oxidant formation: 0.0001 | Ionising radiation: 0.0002 | Metal depletion: 0.0 | Freshwater eutrophication: 0.0",0.0,0.06945015,0.0,1.8e-07,2e-08,5.969e-05,0.00015683,1.67e-06,1.98e-06,1.095e-05,0.0,0.0,1.298e-05,5.202e-05,3.738e-05,3e-08,0.0,9.5e-07
"Process steam from light fuel oil, consumption mix, at plant, heat plant, MJ",Product-as-a-Service,Energy carriers and technologies > Heat and steam,CY,MJ,process steam from light fuel oil,,other,"Process: Process steam from light fuel oil, consumption mix, at plant, heat plant, MJ | Category: Energy carriers and technologies > Heat and steam | Lifecycle Stage: Product-as-a-Service | Location: CY | Materials: other | Unit: 1 MJ | Reference Flow: process steam from light fuel oil | Description:  | Water depletion: 0.0 | Freshwater ecotoxicity: 0.0 | Marine ecotoxicity: 0.0 | Marine eutrophication: 0.0 | Human toxicity: 0.0004 | Particulate matter formation: 0.0001 | Terrestrial acidification: 0.0002 | Climate change: 0.0941 | Terrestrial ecotoxicity: 0.0 | Photochemical oxidant formation: 0.0002 | Ionising radiation: 0.0002 | Metal depletion: 0.0 | Freshwater eutrophication: 0.0",0.0,0.0940977,0.0,2.23e-06,3e-07,0.0004346,0.00023491,2.611e-05,6.95e-06,2.704e-05,0.0,0.0,6.984e-05,0.00019129,0.00022032,4e-07,0.0,8.43e-06
"Steel hot rolled coil (ILCD), production mix, at plant, blast furnace route, 1kg, typical thickness between 2 - 7 mm. typical width between 600 - 2100 mm",Raw Materials,Materials production > Metals and semimetals,GLO,kg,Steel hot rolled coil,,steel,"Process: Steel hot rolled coil (ILCD), production mix, at plant, blast furnace route, 1kg, typical thickness between 2 - 7 mm. typical width between 600 - 2100 mm | Category: Materials production > Metals and semimetals | Lifecycle Stage: Raw Materials | Location: GLO | Materials: steel | Unit: 1 kg | Reference Flow: Steel hot rolled coil | Description:  | Water depletion: -0.0013 | Freshwater ecotoxicity: 0.0 | Marine ecotoxicity: 0.0002 | Marine eutrophication: 0.0003 | Human toxicity: 0.0905 | Particulate matter formation: 0.0026 | Terrestrial acidification: 0.0041 | Climate change: 2.0527 | Terrestrial ecotoxicity: 0.0 | Photochemical oxidant formation: 0.004 | Ionising radiation: 0.0045 | Metal depletion: 1.3433 | Freshwater eutrophication: 0.0",0.0,2.05270623,0.0,4.369e-05,9.6e-07,0.09046232,0.00445759,0.00018248,0.00033554,1.34325408,0.0,0.0,0.00259932,0.00401014,0.00411111,2.452e-05,0.0,-0.00129735
"Process steam from Light fuel oil 90 %, consumption mix, at power plant, heat plant, MJ, 90 % efficiency",Product-as-a-Service,Energy carriers and technologies > Heat and steam,LT,MJ,process steam,,other,"Process: Process steam from Light fuel oil 90 %, consumption mix, at power plant, heat plant, MJ, 90 % efficiency | Category: Energy carriers and technologies > Heat and steam | Lifecycle Stage: Product-as-a-Service | Location: LT | Materials: other | Unit: 1 MJ | Reference Flow: process steam | Description:  | Water depletion: 0.0001 | Freshwater ecotoxicity: 0.0 | Marine ecotoxicity: 0.0 | Marine eutrophication: 0.0 | Human toxicity: 0.0004 | Particulate matter formation: 0.0001 | Urban land occupation: 0.0 | Agricultural land occupation: 0.0 | Terrestrial acidification: 0.0002 | Climate change: 0.108 | Terrestrial ecotoxicity: 0.0 | Photochemical oxidant formation: 0.0001 | Ionising radiation: 0.0003 | Metal depletion: 0.0001 | Freshwater eutrophication: 0.0 | Natural land transformation: -0.0",1.231e-05,0.1080002,0.0,3.91e-06,2e-08,0.00042047,0.00034724,4.59e-06,4.85e-06,0.00013477,-6e-08,0.0,5.234e-05,0.00014163,0.00016617,1.9e-07,1.846e-05,6.279e-05
"Electricity grid mix 1kV-60kV, consumption mix, at consumer, AC, 1kV - 60kV",Product-as-a-Service,Energy carriers and technologies > Electricity,IS,MJ,Electricity,,other,"Process: Electricity grid mix 1kV-60kV, consumption mix, at consumer, AC, 1kV - 60kV | Category: Energy carriers and technologies > Electricity | Lifecycle Stage: Product-as-a-Service | Location: IS | Materials: other | Unit: 1 MJ | Reference Flow: Electricity | Description:  | Water depletion: 0.0061 | Freshwater ecotoxicity: 0.0 | Marine ecotoxicity: 0.0 | Marine eutrophication: 0.0 | Human toxicity: 0.0002 | Particulate matter formation: 0.0 | Urban land occupation: 0.0 | Agricultural land occupation: 0.0 | Terrestrial acidification: 0.0 | Climate change: 0.0173 | Terrestrial ecotoxicity: 0.0 | Photochemical oxidant formation: 0.0 | Ionising radiation: 0.0 | Metal depletion: 0.005 | Natural land transformation: -0.0",4.73e-06,0.01733869,0.0,9.5e-07,0.0,0.0002044,3.166e-05,1.48e-06,1.8e-07,0.00504578,-9e-08,0.0,1.47e-06,4.57e-06,3.65e-06,5e-08,7.09e-06,0.0060871
"Process steam from heavy fuel oil, consumption mix, at plant, heat plant, MJ",Product-as-a-Service,Energy carriers and technologies > Heat and steam,AT,MJ,process steam from heavy fuel oil,,other,"Process: Process steam from heavy fuel oil, consumption mix, at plant, heat plant, MJ | Category: Energy carriers and technologies > Heat and steam | Lifecycle Stage: Product-as-a-Service | Location: AT | Materials: other | Unit: 1 MJ | Reference Flow: process steam from heavy fuel oil | Description:  | Water depletion: 0.0 | Freshwater ecotoxicity: 0.0 | Marine ecotoxicity: 0.0 | Marine eutrophication: 0.0 | Human toxicity: 0.0025 | Particulate matter formation: 0.0001 | Terrestrial acidification: 0.0001 | Climate change: 0.1047 | Terrestrial ecotoxicity: 0.0 | Photochemical oxidant formation: 0.0001 | Ionising radiation: 0.0001 | Metal depletion: 0.0 | Freshwater eutrophication: 0.0",0.0,0.10468486,0.0,4.93e-06,4e-07,0.00249062,7.472e-05,3.794e-05,3.1e-06,4.297e-05,0.0,0.0,5.211e-05,8.219e-05,0.00014781,2.45e-06,0.0,2.24e-06
"Process steam from Heavy fuel oil 90 %, consumption mix, at power plant, heat plant, MJ, 90 % efficiency",Product-as-a-Service,Energy carriers and technologies > Heat and steam,SK,MJ,process steam,,other,"Process: Process steam from Heavy fuel oil 90 %, consumption mix, at power plant, heat plant, MJ, 90 % efficiency | Category: Energy carriers and technologies > Heat and steam | Lifecycle Stage: Product-as-a-Service | Location: SK | Materials: other | Unit: 1 MJ | Reference Flow: process steam | Description:  | Water depletion: 0.0001 | Freshwater ecotoxicity: 0.0 | Marine ecotoxicity: 0.0002 | Marine eutrophication: 0.0 | Human toxicity: 0.0098 | Particulate matter formation: 0.0002 | Urban land occupation: 0.0 | Agricultural land occupation: 0.0 | Terrestrial acidification: 0.0008 | Climate change: 0.1055 | Terrestrial ecotoxicity: 0.0 | Photochemical oxidant formation: 0.0002 | Ionising radiation: 0.0003 | Metal depletion: 0.0001 | Freshwater eutrophication: 0.0 | Natural land transformation: -0.0",1.141e-05,0.10549974,0.0,1.082e-05,2e-08,0.00976357,0.00025976,0.00015702,7.53e-06,0.00012695,-7e-08,0.0,0.00019445,0.00024876,0.00075228,1.382e-05,1.711e-05,5.865e-05
"Process steam from natural gas, consumption mix, at plant, heat plant, MJ",Product-as-a-Service,Energy carriers and technologies > Heat and steam,EU-27,MJ,process steam from natural gas,,natural gas,"Process: Process steam from natural gas, consumption mix, at plant, heat plant, MJ | Category: Energy carriers and technologies > Heat and steam | Lifecycle Stage: Product-as-a-Service | Location: EU-27 | Materials: natural gas | Unit: 1 MJ | Reference Flow: process steam from natural gas | Description:  | Water depletion: 0.0 | Freshwater ecotoxicity: 0.0 | Marine ecotoxicity: 0.0 | Marine eutrophication: 0.0 | Human toxicity: 0.0002 | Particulate matter formation: 0.0 | Terrestrial acidification: 0.0001 | Climate change: 0.0735 | Terrestrial ecotoxicity: 0.0 | Photochemical oxidant formation: 0.0001 | Ionising radiation: 0.0002 | Metal depletion: 0.0001 | Freshwater eutrophication: 0.0",0.0,0.07345594,0.0,1.77e-06,4.7e-07,0.00020908,0.00020403,2.6e-06,4.19e-06,5.425e-05,0.0,0.0,3.219e-05,0.00011734,9.62e-05,1.3e-07,0.0,2.93e-06
"Electricity grid mix 1kV-60kV, consumption mix, at consumer, AC, 1kV - 60kV",Product-as-a-Service,Energy carriers and technologies > Electricity,MT,MJ,Electricity,,other,"Process: Electricity grid mix 1kV-60kV, consumption mix, at consumer, AC, 1kV - 60kV | Category: Energy carriers and technologies > Electricity | Lifecycle Stage: Product-as-a-Service | Location: MT | Materials: other | Unit: 1 MJ | Reference Flow: Electricity | Description:  | Water depletion: 0.0023 | Freshwater ecotoxicity: 0.0001 | Marine ecotoxicity: 0.0006 | Marine eutrophication: 0.0001 | Human toxicity: 0.021 | Particulate matter formation: 0.0023 | Urban land occupation: 0.0001 | Agricultural land occupation: 0.0001 | Terrestrial acidification: 0.0085 | Climate change: 1.1547 | Terrestrial ecotoxicity: 0.0 | Photochemical oxidant formation: 0.0038 | Ionising radiation: 0.0008 | Metal depletion: 0.0005 | Freshwater eutrophication: 0.0 | Natural land transformation: -0.0",5.7e-05,1.15474738,0.0,5.069e-05,2.1e-07,0.02095136,0.00078288,0.00064587,0.00012474,0.00053726,-2.7e-07,0.0,0.00227701,0.0038402,0.00845092,2.276e-05,8.551e-05,0.00225661
"Nylon 66 GF 30 compound (PA 66 GF 30), production mix, at plant",Raw Materials,Materials production > Plastics,RER,kg,nylon 66 GF 30 compound (PA 66 GF 30),,other,"Process: Nylon 66 GF 30 compound (PA 66 GF 30), production mix, at plant | Category: Materials production > Plastics | Lifecycle Stage: Raw Materials | Location: RER | Materials: other | Unit: 1 kg | Reference Flow: nylon 66 GF 30 compound (PA 66 GF 30) | Description:  | Water depletion: 0.4241 | Freshwater ecotoxicity: 0.003 | Marine ecotoxicity: 0.0028 | Marine eutrophication: 0.0065 | Human toxicity: 0.0072 | Particulate matter formation: 0.0091 | Terrestrial acidification: 0.0226 | Climate change: 7.1542 | Terrestrial ecotoxicity: 0.0 | Photochemical oxidant formation: 0.0163 | Metal depletion: 0.0008 | Freshwater eutrophication: 0.0001",0.0,7.1542288,0.0,0.00299896,0.00011132,0.00724934,0.0,0.00280875,0.00646749,0.00077723,0.0,0.0,0.0091219,0.01625307,0.02264944,1.003e-05,0.0,0.42410235
"Process steam from heavy fuel oil, consumption mix, at plant, heat plant, MJ",Product-as-a-Service,Energy carriers and technologies > Heat and steam,FR,MJ,process steam from heavy fuel oil,,other,"Process: Process steam from heavy fuel oil, consumption mix, at plant, heat plant, MJ | Category: Energy carriers and technologies > Heat and steam | Lifecycle Stage: Product-as-a-Service | Location: FR | Materials: other | Unit: 1 MJ | Reference Flow: process steam from heavy fuel oil | Description:  | Water depletion: 0.0 | Freshwater ecotoxicity: 0.0 | Marine ecotoxicity: 0.0001 | Marine eutrophication: 0.0 | Human toxicity: 0.0035 | Particulate matter formation: 0.0002 | Terrestrial acidification: 0.0008 | Climate change: 0.0991 | Terrestrial ecotoxicity: 0.0 | Photochemical oxidant formation: 0.0002 | Ionising radiation: 0.0008 | Metal depletion: 0.0 | Freshwater eutrophication: 0.0",0.0,0.0990886,0.0,5.96e-06,2.8e-07,0.00354235,0.00080699,7.459e-05,7.82e-06,2.305e-05,0.0,0.0,0.00018919,0.00023917,0.00077287,4.63e-06,0.0,8.38e-06
"Electricity Mix, consumption mix, at consumer, AC, 230V",Product-as-a-Service,Energy carriers and technologies > Electricity,RO,MJ,electricity mix,,other,"Process: Electricity Mix, consumption mix, at consumer, AC, 230V | Category: Energy carriers and technologies > Electricity | Lifecycle Stage: Product-as-a-Service | Location: RO | Materials: other | Unit: 1 MJ | Reference Flow: electricity mix | Description:  | Water depletion: 0.0012 | Freshwater ecotoxicity: 0.0001 | Marine ecotoxicity: 0.0005 | Ozone depletion: 0.0 | Marine eutrophication: 0.0001 | Human toxicity: 0.0734 | Particulate matter formation: 0.0053 | Terrestrial acidification: 0.018 | Climate change: 1.1049 | Terrestrial ecotoxicity: 0.0001 | Photochemical oxidant formation: 0.0043 | Ionising radiation: 0.0576 | Metal depletion: 0.0003 | Freshwater eutrophication: 0.0",0.0,1.10486792,0.0,9.167e-05,1.06e-06,0.07336646,0.05755313,0.00047358,0.00011392,0.00033774,0.0,5e-08,0.00528823,0.00430681,0.01803458,5.749e-05,0.0,0.0011998
"Process steam from natural gas 90 %, consumption mix, at power plant, heat plant, MJ, 90 % efficiency",Product-as-a-Service,Energy carriers and technologies > Heat and steam,GB,MJ,process steam,,natural gas,"Process: Process steam from natural gas 90 %, consumption mix, at power plant, heat plant, MJ, 90 % efficiency | Category: Energy carriers and technologies > Heat and steam | Lifecycle Stage: Product-as-a-Service | Location: GB | Materials: natural gas | Unit: 1 MJ | Reference Flow: process steam | Description:  | Water depletion: 0.0 | Freshwater ecotoxicity: 0.0 | Marine ecotoxicity: 0.0 | Marine eutrophication: 0.0 | Human toxicity: 0.0001 | Particulate matter formation: 0.0 | Urban land occupation: 0.0 | Agricultural land occupation: 0.0 | Terrestrial acidification: 0.0 | Climate change: 0.0711 | Terrestrial ecotoxicity: 0.0 | Photochemical oxidant formation: 0.0001 | Ionising radiation: 0.0 | Metal depletion: 0.0 | Natural land transformation: -0.0",3.08e-06,0.07107171,0.0,2.1e-07,0.0,6.623e-05,4.797e-05,1.57e-06,1.92e-06,3.647e-05,-2e-08,0.0,1.332e-05,5.222e-05,3.392e-05,2e-08,4.63e-06,4.18e-06
"Process steam from natural gas 90%, consumption mix, at power plant, heat plant, MJ, 90 % efficiency",Product-as-a-Service,Energy carriers and technologies > Heat and steam,LT,MJ,process steam,,natural gas,"Process: Process steam from natural gas 90%, consumption mix, at power plant, heat plant, MJ, 90 % efficiency | Category: Energy carriers and technologies > Heat and steam | Lifecycle Stage: Product-as-a-Service | Location: LT | Materials: natural gas | Unit: 1 MJ | Reference Flow: process steam | Description:  | Water depletion: 0.0 | Freshwater ecotoxicity: 0.0 | Marine ecotoxicity: 0.0 | Marine eutrophication: 0.0 | Human toxicity: 0.0003 | Particulate matter formation: 0.0 | Urban land occupation: 0.0 | Agricultural land occupation: 0.0 | Terrestrial acidification: 0.0001 | Climate change: 0.0776 | Terrestrial ecotoxicity: 0.0 | Photochemical oxidant formation: 0.0001 | Ionising radiation: 0.0003 | Metal depletion: 0.0001 | Natural land transformation: -0.0",1.016e-05,0.07762202,0.0,3.07e-06,0.0,0.00027961,0.00030533,3.13e-06,3.57e-06,0.00011591,-5e-08,0.0,2.585e-05,0.000101,7.375e-05,7e-08,1.523e-05,4.864e-05
"Process steam from heavy fuel oil, consumption mix, at plant, heat plant, MJ",Product-as-a-Service,Energy carriers and technologies > Heat and steam,SK,MJ,process steam from heavy fuel oil,,other,"Process: Process steam from heavy fuel oil, consumption mix, at plant, heat plant, MJ | Category: Energy carriers and technologies > Heat and steam | Lifecycle Stage: Product-as-a-Service | Location: SK | Materials: other | Unit: 1 MJ | Reference Flow: process steam from heavy fuel oil | Description:  | Water depletion: 0.0 | Freshwater ecotoxicity: 0.0 | Marine ecotoxicity: 0.0002 | Marine eutrophication: 0.0 | Human toxicity: 0.0114 | Particulate matter formation: 0.0002 | Terrestrial acidification: 0.0007 | Climate change: 0.1008 | Terrestrial ecotoxicity: 0.0 | Photochemical oxidant formation: 0.0003 | Ionising radiation: 0.0004 | Metal depletion: 0.0001 | Freshwater eutrophication: 0.0",0.0,0.10076872,0.0,1.103e-05,1.11e-06,0.0114365,0.00042415,0.00016975,9.5e-06,6.902e-05,0.0,0.0,0.00019813,0.00029737,0.00074897,1.429e-05,0.0,7.14e-06
"Process steam from natural gas 90 %, consumption mix, at power plant, heat plant, MJ, 90 % efficiency",Product-as-a-Service,Energy carriers and technologies > Heat and steam,FR,MJ,process steam,,natural gas,"Process: Process steam from natural gas 90 %, consumption mix, at power plant, heat plant, MJ, 90 % efficiency | Category: Energy carriers and technologies > Heat and steam | Lifecycle Stage: Product-as-a-Service | Location: FR | Materials: natural gas | Unit: 1 MJ | Reference Flow: process steam | Description:  | Water depletion: 0.0 | Freshwater ecotoxicity: 0.0 | Marine ecotoxicity: 0.0 | Marine eutrophication: 0.0 | Human toxicity: 0.0001 | Particulate matter formation: 0.0 | Urban land occupation: 0.0 | Agricultural land occupation: 0.0 | Terrestrial acidification: 0.0001 | Climate change: 0.0817 | Terrestrial ecotoxicity: 0.0 | Photochemical oxidant formation: 0.0001 | Ionising radiation: 0.0004 | Metal depletion: 0.0001 | Natural land transformation: -0.0",4.4e-06,0.08168478,0.0,1.21e-06,0.0,0.00011889,0.00042691,1.85e-06,3.28e-06,5.628e-05,-2e-08,0.0,2.499e-05,0.00010483,6.786e-05,6e-08,6.6e-06,2.968e-05
"Electricity Mix, consumption mix, at consumer, AC, 1kV - 60kV",Product-as-a-Service,Energy carriers and technologies > Electricity,ES,MJ,electricity mix,,other,"Process: Electricity Mix, consumption mix, at consumer, AC, 1kV - 60kV | Category: Energy carriers and technologies > Electricity | Lifecycle Stage: Product-as-a-Service | Location: ES | Materials: other | Unit: 1 MJ | Reference Flow: electricity mix | Description:  | Water depletion: 0.0015 | Freshwater ecotoxicity: 0.0001 | Marine ecotoxicity: 0.0001 | Ozone depletion: 0.0 | Marine eutrophication: 0.0001 | Human toxicity: 0.0177 | Particulate matter formation: 0.0012 | Terrestrial acidification: 0.0043 | Climate change: 0.638 | Terrestrial ecotoxicity: 0.0 | Photochemical oxidant formation: 0.0018 | Ionising radiation: 0.1359 | Metal depletion: 0.0002 | Freshwater eutrophication: 0.0",0.0,0.63797065,0.0,0.00014484,4.8e-07,0.01767727,0.13594752,0.00011863,5.997e-05,0.00021263,0.0,1.1e-07,0.00118451,0.00181922,0.00426539,1.26e-05,0.0,0.00152849
"Electricity grid mix 1kV-60kV, consumption mix, at consumer, AC, 1kV - 60kV",Product-as-a-Service,Energy carriers and technologies > Electricity,BG,MJ,Electricity,,other,"Process: Electricity grid mix 1kV-60kV, consumption mix, at consumer, AC, 1kV - 60kV | Category: Energy carriers and technologies > Electricity | Lifecycle Stage: Product-as-a-Service | Location: BG | Materials: other | Unit: 1 MJ | Reference Flow: Electricity | Description:  | Water depletion: 0.0049 | Freshwater ecotoxicity: 0.0002 | Marine ecotoxicity: 0.0001 | Marine eutrophication: 0.0001 | Human toxicity: 0.0277 | Particulate matter formation: 0.0038 | Urban land occupation: 0.0002 | Agricultural land occupation: 0.0001 | Terrestrial acidification: 0.0161 | Climate change: 0.6657 | Terrestrial ecotoxicity: 0.0 | Photochemical oxidant formation: 0.0026 | Ionising radiation: 0.0997 | Metal depletion: 0.001 | Freshwater eutrophication: 0.0 | Natural land transformation: -0.0",0.0001409,0.66571134,0.0,0.00015361,2e-08,0.02765274,0.09971817,0.00013438,5.644e-05,0.00101295,-2.445e-05,0.0,0.0038352,0.00256224,0.01611952,1.974e-05,0.00021135,0.00492819
"Electricity grid mix 1kV-60kV, consumption mix, at consumer, AC, 1kV - 60kV",Product-as-a-Service,Energy carriers and technologies > Electricity,IE,MJ,Electricity,,other,"Process: Electricity grid mix 1kV-60kV, consumption mix, at consumer, AC, 1kV - 60kV | Category: Energy carriers and technologies > Electricity | Lifecycle Stage: Product-as-a-Service | Location: IE | Materials: other | Unit: 1 MJ | Reference Flow: Electricity | Description:  | Water depletion: 0.0016 | Freshwater ecotoxicity: 0.0 | Marine ecotoxicity: 0.0001 | Marine eutrophication: 0.0 | Human toxicity: 0.0053 | Particulate matter formation: 0.0005 | Urban land occupation: 0.0002 | Agricultural land occupation: 0.0001 | Terrestrial acidification: 0.0016 | Climate change: 0.5756 | Terrestrial ecotoxicity: 0.0 | Photochemical oxidant formation: 0.0012 | Ionising radiation: 0.0016 | Metal depletion: 0.0004 | Freshwater eutrophication: 0.0 | Natural land transformation: -0.0",0.00011898,0.57557358,0.0,9.41e-06,2e-08,0.00532197,0.00156036,7.158e-05,4.372e-05,0.00038068,-2.6e-06,0.0,0.00048988,0.00120287,0.00158881,5.75e-06,0.00017847,0.00160426
"Propene (Propylene), production mix, at plant, from steam cracking, gaseous",Product-as-a-Service,Materials production > Organic chemicals,EU-27,kg,propene (propylene),,other,"Process: Propene (Propylene), production mix, at plant, from steam cracking, gaseous | Category: Materials production > Organic chemicals | Lifecycle Stage: Product-as-a-Service | Location: EU-27 | Materials: other | Unit: 1 kg | Reference Flow: propene (propylene) | Description:  | Water depletion: 0.0005 | Freshwater ecotoxicity: 0.0002 | Marine ecotoxicity: 0.0009 | Ozone depletion: 0.0 | Marine eutrophication: 0.0001 | Human toxicity: 0.0163 | Particulate matter formation: 0.001 | Terrestrial acidification: 0.0036 | Climate change: 1.3504 | Terrestrial ecotoxicity: 0.0 | Photochemical oxidant formation: 0.0034 | Ionising radiation: 0.0306 | Metal depletion: 0.0017 | Freshwater eutrophication: 0.0",0.0,1.35042566,0.0,0.00023177,1.701e-05,0.01630373,0.03057446,0.00091244,0.00012158,0.0017311,0.0,3e-08,0.00102178,0.00339898,0.00360523,1.402e-05,0.0,0.00049298
"Electricity grid mix 1kV-60kV, consumption mix, at consumer, AC, 1kV - 60kV",Product-as-a-Service,Energy carriers and technologies > Electricity,AT,MJ,Electricity,,other,"Process: Electricity grid mix 1kV-60kV, consumption mix, at consumer, AC, 1kV - 60kV | Category: Energy carriers and technologies > Electricity | Lifecycle Stage: Product-as-a-Service | Location: AT | Materials: other | Unit: 1 MJ | Reference Flow: Electricity | Description:  | Water depletion: 0.003 | Freshwater ecotoxicity: 0.0 | Marine ecotoxicity: 0.0 | Marine eutrophication: 0.0 | Human toxicity: 0.0075 | Particulate matter formation: 0.0002 | Urban land occupation: 0.0001 | Agricultural land occupation: 0.0001 | Terrestrial acidification: 0.0007 | Climate change: 0.3426 | Terrestrial ecotoxicity: 0.0 | Photochemical oxidant formation: 0.0005 | Ionising radiation: 0.0209 | Metal depletion: 0.006 | Freshwater eutrophication: 0.0 | Natural land transformation: -0.0",5.076e-05,0.34258298,0.0,4.554e-05,1e-08,0.00751056,0.0208752,3.789e-05,2.028e-05,0.00595726,-5.39e-06,0.0,0.0002184,0.00052371,0.00072118,2.84e-06,7.615e-05,0.00298987
"Sulphur, consumption mix, at refinery, from crude oil, elemental sulphur",Raw Materials,Materials production > Organic chemicals,EU-15,kg,sulphur,,crude oil,"Process: Sulphur, consumption mix, at refinery, from crude oil, elemental sulphur | Category: Materials production > Organic chemicals | Lifecycle Stage: Raw Materials | Location: EU-15 | Materials: crude oil | Unit: 1 kg | Reference Flow: sulphur | Description:  | Water depletion: 0.0001 | Freshwater ecotoxicity: 0.0001 | Marine ecotoxicity: 0.0008 | Ozone depletion: 0.0 | Marine eutrophication: 0.0001 | Human toxicity: 0.0222 | Particulate matter formation: 0.0007 | Terrestrial acidification: 0.0028 | Climate change: 0.5623 | Terrestrial ecotoxicity: 0.0 | Photochemical oxidant formation: 0.0018 | Ionising radiation: 0.0198 | Metal depletion: 0.0005 | Freshwater eutrophication: 0.0",0.0,0.56233909,0.0,8.724e-05,7.67e-06,0.02220812,0.01978183,0.0008198,7.145e-05,0.00053969,0.0,2e-08,0.00073001,0.00179762,0.00283501,2.56e-05,0.0,6.16e-05
"Bulk carrier ocean, technology mix, 100.000-200.000 dwt",Raw Materials,Transport services > Water,RER,t*km,transport in t*km,,other,"Process: Bulk carrier ocean, technology mix, 100.000-200.000 dwt | Category: Transport services > Water | Lifecycle Stage: Raw Materials | Location: RER | Materials: other | Unit: 1 t*km | Reference Flow: transport in t*km | Description:  | Water depletion: 0.0 | Freshwater ecotoxicity: 0.0 | Marine ecotoxicity: 0.0 | Marine eutrophication: 0.0 | Human toxicity: 0.0 | Particulate matter formation: 0.0 | Terrestrial acidification: 0.0001 | Climate change: 0.0024 | Terrestrial ecotoxicity: 0.0 | Photochemical oxidant formation: 0.0001 | Ionising radiation: 0.0 | Metal depletion: 0.0 | Freshwater eutrophication: 0.0",0.0,0.00243871,0.0,5e-08,1e-08,8e-06,4.88e-06,6.1e-07,2.28e-06,5e-07,0.0,0.0,2.277e-05,6.397e-05,7.54e-05,1e-08,0.0,1.8e-07
"Electricity Mix, consumption mix, at consumer, AC, 1kV - 60kV",Product-as-a-Service,Energy carriers and technologies > Electricity,EE,MJ,electricity mix,,other,"Process: Electricity Mix, consumption mix, at consumer, AC, 1kV - 60kV | Category: Energy carriers and technologies > Electricity | Lifecycle Stage: Product-as-a-Service | Location: EE | Materials: other | Unit: 1 MJ | Reference Flow: electricity mix | Description:  | Water depletion: 0.0019 | Freshwater ecotoxicity: 0.0 | Marine ecotoxicity: 0.0002 | Ozone depletion: 0.0 | Marine eutrophication: 0.0001 | Human toxicity: 0.0635 | Particulate matter formation: 0.0073 | Terrestrial acidification: 0.0316 | Climate change: 1.4004 | Terrestrial ecotoxicity: 0.0 | Photochemical oxidant formation: 0.0058 | Ionising radiation: 0.0137 | Metal depletion: 0.0002 | Freshwater eutrophication: 0.0",0.0,1.40037932,0.0,3.24e-05,1.62e-06,0.06354214,0.01368629,0.00017791,0.00012917,0.00018253,0.0,1e-08,0.00726667,0.00577088,0.03162469,3.178e-05,0.0,0.0019184
"Electricity grid mix, consumption mix, at consumer, AC, 230V",Product-as-a-Service,Energy carriers and technologies > Electricity,RO,MJ,Electricity,,other,"Process: Electricity grid mix, consumption mix, at consumer, AC, 230V | Category: Energy carriers and technologies > Electricity | Lifecycle Stage: Product-as-a-Service | Location: RO | Materials: other | Unit: 1 MJ | Reference Flow: Electricity | Description:  | Water depletion: 0.0089 | Freshwater ecotoxicity: 0.0001 | Marine ecotoxicity: 0.0001 | Ozone depletion: 0.0 | Marine eutrophication: 0.0001 | Human toxicity: 0.0405 | Particulate matter formation: 0.0023 | Urban land occupation: 0.0001 | Agricultural land occupation: 0.0001 | Terrestrial acidification: 0.0087 | Climate change: 0.6549 | Terrestrial ecotoxicity: 0.0 | Photochemical oxidant formation: 0.0022 | Ionising radiation: 0.0666 | Metal depletion: 0.0025 | Freshwater eutrophication: 0.0 | Natural land transformation: 0.0",6.822e-05,0.65486164,0.0,9.465e-05,1e-08,0.04045326,0.06657971,0.00013239,6.176e-05,0.00247607,-3.865e-05,2e-08,0.00225905,0.00222546,0.00869538,2.271e-05,0.00010234,0.00888534
"Electricity Mix, consumption mix, at consumer, AC, 115-220V",Product-as-a-Service,Energy carriers and technologies > Electricity,ES,MJ,electricity mix,,other,"Process: Electricity Mix, consumption mix, at consumer, AC, 115-220V | Category: Energy carriers and technologies > Electricity | Lifecycle Stage: Product-as-a-Service | Location: ES | Materials: other | Unit: 1 MJ | Reference Flow: electricity mix | Description:  | Water depletion: 0.0016 | Freshwater ecotoxicity: 0.0002 | Marine ecotoxicity: 0.0001 | Ozone depletion: 0.0 | Marine eutrophication: 0.0001 | Human toxicity: 0.0188 | Particulate matter formation: 0.0013 | Terrestrial acidification: 0.0045 | Climate change: 0.6771 | Terrestrial ecotoxicity: 0.0 | Photochemical oxidant formation: 0.0019 | Ionising radiation: 0.1443 | Metal depletion: 0.0002 | Freshwater eutrophication: 0.0",0.0,0.67705705,0.0,0.00015372,5.1e-07,0.0187603,0.14427658,0.00012589,6.365e-05,0.00022566,0.0,1.2e-07,0.00125708,0.00193068,0.00452671,1.337e-05,0.0,0.00162214
"Electricity Mix, consumption mix, at consumer, AC, 230V",Product-as-a-Service,Energy carriers and technologies > Electricity,PT,MJ,electricity mix,,other,"Process: Electricity Mix, consumption mix, at consumer, AC, 230V | Category: Energy carriers and technologies > Electricity | Lifecycle Stage: Product-as-a-Service | Location: PT | Materials: other | Unit: 1 MJ | Reference Flow: electricity mix | Description:  | Water depletion: 0.0014 | Freshwater ecotoxicity: 0.0 | Marine ecotoxicity: 0.0002 | Ozone depletion: 0.0 | Marine eutrophication: 0.0001 | Human toxicity: 0.028 | Particulate matter formation: 0.0015 | Terrestrial acidification: 0.0053 | Climate change: 0.8137 | Terrestrial ecotoxicity: 0.0 | Photochemical oxidant formation: 0.0027 | Ionising radiation: 0.0069 | Metal depletion: 0.0002 | Freshwater eutrophication: 0.0",0.0,0.81365293,0.0,3.08e-05,4.7e-07,0.02803579,0.00687519,0.00023269,8.936e-05,0.00018229,0.0,1e-08,0.00147457,0.00269465,0.00525741,2.409e-05,0.0,0.00135694
"Process steam from heavy fuel oil, consumption mix, at plant, heat plant, MJ",Product-as-a-Service,Energy carriers and technologies > Heat and steam,SE,MJ,process steam from heavy fuel oil,,other,"Process: Process steam from heavy fuel oil, consumption mix, at plant, heat plant, MJ | Category: Energy carriers and technologies > Heat and steam | Lifecycle Stage: Product-as-a-Service | Location: SE | Materials: other | Unit: 1 MJ | Reference Flow: process steam from heavy fuel oil | Description:  | Water depletion: 0.0 | Freshwater ecotoxicity: 0.0 | Marine ecotoxicity: 0.0 | Marine eutrophication: 0.0 | Human toxicity: 0.0021 | Particulate matter formation: 0.0001 | Terrestrial acidification: 0.0002 | Climate change: 0.0966 | Terrestrial ecotoxicity: 0.0 | Photochemical oxidant formation: 0.0001 | Ionising radiation: 0.0004 | Metal depletion: 0.0 | Freshwater eutrophication: 0.0",0.0,0.09658854,0.0,2.63e-06,2.7e-07,0.00210821,0.00035551,4.512e-05,4.21e-06,2.35e-05,0.0,0.0,6.107e-05,0.00010763,0.0002234,2.01e-06,0.0,2.24e-06
"Polyethylene low linear density granulate (PE-LLD), production mix, at plant",Raw Materials,Materials production > Plastics,RER,kg,polyethylene low linear density granulate (PE-LLD),,polyethylene,"Process: Polyethylene low linear density granulate (PE-LLD), production mix, at plant | Category: Materials production > Plastics | Lifecycle Stage: Raw Materials | Location: RER | Materials: polyethylene | Unit: 1 kg | Reference Flow: polyethylene low linear density granulate (PE-LLD) | Description:  | Water depletion: 0.0795 | Freshwater ecotoxicity: 0.0002 | Marine ecotoxicity: 0.0 | Marine eutrophication: 0.0001 | Human toxicity: 0.0012 | Particulate matter formation: 0.0025 | Terrestrial acidification: 0.0052 | Climate change: 1.9162 | Terrestrial ecotoxicity: 0.0 | Photochemical oxidant formation: 0.0063 | Metal depletion: 0.0008 | Freshwater eutrophication: 0.0",0.0,1.91624413,0.0,0.00018313,2.5e-07,0.00119842,0.0,1.777e-05,0.00012067,0.00084875,0.0,0.0,0.00250759,0.00625284,0.00517804,2e-07,0.0,0.07951437
"Process steam from light fuel oil, consumption mix, at plant, heat plant, MJ",Product-as-a-Service,Energy carriers and technologies > Heat and steam,SI,MJ,process steam from light fuel oil,,other,"Process: Process steam from light fuel oil, consumption mix, at plant, heat plant, MJ | Category: Energy carriers and technologies > Heat and steam | Lifecycle Stage: Product-as-a-Service | Location: SI | Materials: other | Unit: 1 MJ | Reference Flow: process steam from light fuel oil | Description:  | Water depletion: 0.0 | Freshwater ecotoxicity: 0.0 | Marine ecotoxicity: 0.0 | Marine eutrophication: 0.0 | Human toxicity: 0.0004 | Particulate matter formation: 0.0001 | Terrestrial acidification: 0.0003 | Climate change: 0.0935 | Terrestrial ecotoxicity: 0.0 | Photochemical oxidant formation: 0.0003 | Ionising radiation: 0.0002 | Metal depletion: 0.0 | Freshwater eutrophication: 0.0",0.0,0.09350306,0.0,2.22e-06,3e-07,0.00044985,0.00023341,2.611e-05,9.44e-06,2.703e-05,0.0,0.0,8.591e-05,0.00025937,0.00027913,4.2e-07,0.0,8.42e-06
"Process steam from Light fuel oil 90 %, consumption mix, at power plant, heat plant, MJ, 90 % efficiency",Product-as-a-Service,Energy carriers and technologies > Heat and steam,FR,MJ,process steam,,other,"Process: Process steam from Light fuel oil 90 %, consumption mix, at power plant, heat plant, MJ, 90 % efficiency | Category: Energy carriers and technologies > Heat and steam | Lifecycle Stage: Product-as-a-Service | Location: FR | Materials: other | Unit: 1 MJ | Reference Flow: process steam | Description:  | Water depletion: 0.0 | Freshwater ecotoxicity: 0.0 | Marine ecotoxicity: 0.0 | Marine eutrophication: 0.0 | Human toxicity: 0.0004 | Particulate matter formation: 0.0001 | Urban land occupation: 0.0 | Agricultural land occupation: 0.0 | Terrestrial acidification: 0.0002 | Climate change: 0.1023 | Terrestrial ecotoxicity: 0.0 | Photochemical oxidant formation: 0.0002 | Ionising radiation: 0.0006 | Metal depletion: 0.0001 | Freshwater eutrophication: 0.0 | Natural land transformation: -0.0",4.58e-06,0.10230053,0.0,3.95e-06,2e-08,0.00035506,0.00058044,2.838e-05,8.72e-06,6.439e-05,-2e-08,0.0,7.351e-05,0.00024418,0.00021075,1.5e-07,6.88e-06,3.459e-05
"Gasoline mix (regular) at refinery, production mix, at refinery, from crude oil and bio components, fuel supply, 10 ppm sulphur, 5.75 wt.% bio components",Product-as-a-Service,Energy carriers and technologies > Crude oil based fuels,EU-27,kg,Gasoline (regular),,crude oil,"Process: Gasoline mix (regular) at refinery, production mix, at refinery, from crude oil and bio components, fuel supply, 10 ppm sulphur, 5.75 wt.% bio components | Category: Energy carriers and technologies > Crude oil based fuels | Lifecycle Stage: Product-as-a-Service | Location: EU-27 | Materials: crude oil | Unit: 1 kg | Reference Flow: Gasoline (regular) | Description:  | Water depletion: 0.001 | Freshwater ecotoxicity: 0.0002 | Marine ecotoxicity: 0.0015 | Marine eutrophication: 0.0001 | Human toxicity: 0.0323 | Particulate matter formation: 0.0011 | Urban land occupation: 0.0135 | Agricultural land occupation: 0.009 | Terrestrial acidification: 0.004 | Climate change: 0.8176 | Terrestrial ecotoxicity: 0.0 | Photochemical oxidant formation: 0.0028 | Ionising radiation: 0.0067 | Metal depletion: 0.002 | Freshwater eutrophication: 0.0 | Natural land transformation: -0.0",0.00902127,0.81757102,0.0,0.00021691,1.85e-06,0.03233317,0.00672789,0.00151559,0.00012955,0.00196308,-1.32e-06,0.0,0.00105893,0.00280087,0.00397665,8.28e-06,0.0135319,0.00102233
"Process steam from heavy fuel oil, consumption mix, at plant, heat plant, MJ",Product-as-a-Service,Energy carriers and technologies > Heat and steam,CH,MJ,process steam from heavy fuel oil,,other,"Process: Process steam from heavy fuel oil, consumption mix, at plant, heat plant, MJ | Category: Energy carriers and technologies > Heat and steam | Lifecycle Stage: Product-as-a-Service | Location: CH | Materials: other | Unit: 1 MJ | Reference Flow: process steam from heavy fuel oil | Description:  | Water depletion: 0.0 | Freshwater ecotoxicity: 0.0 | Marine ecotoxicity: 0.0 | Marine eutrophication: 0.0 | Human toxicity: 0.0023 | Particulate matter formation: 0.0 | Terrestrial acidification: 0.0002 | Climate change: 0.1084 | Terrestrial ecotoxicity: 0.0 | Photochemical oxidant formation: 0.0001 | Ionising radiation: 0.0002 | Metal depletion: 0.0 | Freshwater eutrophication: 0.0",0.0,0.1083884,0.0,7.24e-06,1.1e-07,0.00232305,0.0002158,4.146e-05,3.91e-06,1.653e-05,0.0,0.0,4.611e-05,0.00011043,0.00015026,2.04e-06,0.0,3.29e-06
"Process steam from natural gas 90 %, consumption mix, at power plant, heat plant, MJ, 90 % efficiency",Product-as-a-Service,Energy carriers and technologies > Heat and steam,DE,MJ,process steam,,natural gas,"Process: Process steam from natural gas 90 %, consumption mix, at power plant, heat plant, MJ, 90 % efficiency | Category: Energy carriers and technologies > Heat and steam | Lifecycle Stage: Product-as-a-Service | Location: DE | Materials: natural gas | Unit: 1 MJ | Reference Flow: process steam | Description:  | Water depletion: 0.0 | Freshwater ecotoxicity: 0.0 | Marine ecotoxicity: 0.0 | Marine eutrophication: 0.0 | Human toxicity: 0.0004 | Particulate matter formation: 0.0 | Urban land occupation: 0.0 | Agricultural land occupation: 0.0 | Terrestrial acidification: 0.0001 | Climate change: 0.082 | Terrestrial ecotoxicity: 0.0 | Photochemical oxidant formation: 0.0001 | Ionising radiation: 0.0001 | Metal depletion: 0.0001 | Natural land transformation: -0.0",7.07e-06,0.0820382,0.0,2.91e-06,0.0,0.00039824,8.448e-05,4.37e-06,2.76e-06,7.925e-05,-4e-08,0.0,2.339e-05,8.534e-05,7.654e-05,4e-08,1.06e-05,2.639e-05
"Electricity grid mix, consumption mix, at consumer, AC, 230V",Product-as-a-Service,Energy carriers and technologies > Electricity,BG,MJ,Electricity,,other,"Process: Electricity grid mix, consumption mix, at consumer, AC, 230V | Category: Energy carriers and technologies > Electricity | Lifecycle Stage: Product-as-a-Service | Location: BG | Materials: other | Unit: 1 MJ | Reference Flow: Electricity | Description:  | Water depletion: 0.0055 | Freshwater ecotoxicity: 0.0002 | Marine ecotoxicity: 0.0001 | Marine eutrophication: 0.0001 | Human toxicity: 0.0309 | Particulate matter formation: 0.0043 | Urban land occupation: 0.0002 | Agricultural land occupation: 0.0002 | Terrestrial acidification: 0.0179 | Climate change: 0.7419 | Terrestrial ecotoxicity: 0.0 | Photochemical oxidant formation: 0.0029 | Ionising radiation: 0.1109 | Metal depletion: 0.0011 | Freshwater eutrophication: 0.0 | Natural land transformation: -0.0",0.00015649,0.74187902,0.0,0.00017074,3e-08,0.03091498,0.1108797,0.00014974,6.295e-05,0.00114021,-2.736e-05,0.0,0.00426215,0.00285311,0.01790782,2.202e-05,0.00023473,0.00552257
"Electricity Mix, consumption mix, at consumer, AC, 1kV - 60kV",Product-as-a-Service,Energy carriers and technologies > Electricity,AT,MJ,electricity mix,,other,"Process: Electricity Mix, consumption mix, at consumer, AC, 1kV - 60kV | Category: Energy carriers and technologies > Electricity | Lifecycle Stage: Product-as-a-Service | Location: AT | Materials: other | Unit: 1 MJ | Reference Flow: electricity mix | Description:  | Water depletion: 0.0005 | Freshwater ecotoxicity: 0.0 | Marine ecotoxicity: 0.0 | Marine eutrophication: 0.0 | Human toxicity: 0.0027 | Particulate matter formation: 0.0001 | Terrestrial acidification: 0.0005 | Climate change: 0.3279 | Terrestrial ecotoxicity: 0.0 | Photochemical oxidant formation: 0.0003 | Ionising radiation: 0.002 | Metal depletion: 0.0003 | Freshwater eutrophication: 0.0",0.0,0.32788745,0.0,1.074e-05,9.1e-07,0.00271247,0.0019553,1.849e-05,1.189e-05,0.00034172,0.0,0.0,0.00014779,0.00032091,0.00046187,1.82e-06,0.0,0.00045481
"Process steam from heavy fuel oil, consumption mix, at plant, heat plant, MJ",Product-as-a-Service,Energy carriers and technologies > Heat and steam,PT,MJ,process steam from heavy fuel oil,,other,"Process: Process steam from heavy fuel oil, consumption mix, at plant, heat plant, MJ | Category: Energy carriers and technologies > Heat and steam | Lifecycle Stage: Product-as-a-Service | Location: PT | Materials: other | Unit: 1 MJ | Reference Flow: process steam from heavy fuel oil | Description:  | Water depletion: 0.0 | Freshwater ecotoxicity: 0.0 | Marine ecotoxicity: 0.0001 | Marine eutrophication: 0.0 | Human toxicity: 0.0037 | Particulate matter formation: 0.0003 | Terrestrial acidification: 0.001 | Climate change: 0.1041 | Terrestrial ecotoxicity: 0.0 | Photochemical oxidant formation: 0.0005 | Ionising radiation: 0.0 | Metal depletion: 0.0 | Freshwater eutrophication: 0.0",0.0,0.10411144,0.0,5.15e-06,1.5e-07,0.00365824,2.381e-05,7.992e-05,1.654e-05,1.985e-05,0.0,0.0,0.00026906,0.00049515,0.00104049,4.84e-06,0.0,7.3e-06
"Sodium hydroxide, production mix for PVC production, at plant, 100% NaOH",Raw Materials,Materials production > Inorganic chemicals,RER,kg,sodium hydroxide,,other,"Process: Sodium hydroxide, production mix for PVC production, at plant, 100% NaOH | Category: Materials production > Inorganic chemicals | Lifecycle Stage: Raw Materials | Location: RER | Materials: other | Unit: 1 kg | Reference Flow: sodium hydroxide | Description:  | Water depletion: 0.0096 | Freshwater ecotoxicity: 0.0003 | Marine ecotoxicity: 0.0004 | Marine eutrophication: 0.0001 | Human toxicity: 0.0909 | Particulate matter formation: 0.0022 | Terrestrial acidification: 0.0065 | Climate change: 1.4786 | Terrestrial ecotoxicity: 0.0 | Photochemical oxidant formation: 0.0042 | Metal depletion: 0.0001 | Freshwater eutrophication: 0.0",0.0,1.47862433,0.0,0.00029236,4.66e-06,0.09088899,0.0,0.0003653,0.00012234,8.559e-05,0.0,0.0,0.00216706,0.00419563,0.00650455,1.765e-05,0.0,0.00958848
"Oriented Strand Board, production mix, at plant, OSB III, 4,8% water content",Raw Materials,Systems > Construction,EU-27,kg,oriented strand board,,water,"Process: Oriented Strand Board, production mix, at plant, OSB III, 4,8% water content | Category: Systems > Construction | Lifecycle Stage: Raw Materials | Location: EU-27 | Materials: water | Unit: 1 kg | Reference Flow: oriented strand board | Description:  | Water depletion: 1.1853 | Freshwater ecotoxicity: 0.0184 | Marine ecotoxicity: 0.0492 | Ozone depletion: 0.0 | Marine eutrophication: 0.0374 | Human toxicity: 2.1794 | Particulate matter formation: 0.5277 | Terrestrial acidification: 0.6545 | Climate change: 466.8682 | Terrestrial ecotoxicity: 0.0029 | Photochemical oxidant formation: 0.982 | Ionising radiation: 7.6208 | Metal depletion: 0.1912 | Freshwater eutrophication: 0.0013",0.0,466.86818903,0.0,0.01840044,0.00132741,2.179424,7.62076777,0.04918801,0.03744557,0.19121183,0.0,1.372e-05,0.527682,0.98201086,0.65445091,0.0028704,0.0,1.18528901
"Electricity Mix, consumption mix, at consumer, AC, 1kV - 60kV",Product-as-a-Service,Energy carriers and technologies > Electricity,NO,MJ,electricity mix,,other,"Process: Electricity Mix, consumption mix, at consumer, AC, 1kV - 60kV | Category: Energy carriers and technologies > Electricity | Lifecycle Stage: Product-as-a-Service | Location: NO | Materials: other | Unit: 1 MJ | Reference Flow: electricity mix | Description:  | Water depletion: 0.0 | Freshwater ecotoxicity: 0.0 | Marine ecotoxicity: 0.0 | Marine eutrophication: 0.0 | Human toxicity: 0.0002 | Particulate matter formation: 0.0 | Terrestrial acidification: 0.0 | Climate change: 0.0294 | Terrestrial ecotoxicity: 0.0 | Photochemical oxidant formation: 0.0 | Ionising radiation: 0.0001 | Metal depletion: 0.0003 | Freshwater eutrophication: 0.0",0.0,0.02935255,0.0,4.87e-06,1e-08,0.0002368,0.00014558,7.6e-07,8.1e-07,0.00032578,0.0,0.0,7.7e-06,2.159e-05,1.752e-05,1.1e-07,0.0,4.104e-05
"Electricity grid mix 1kV-60kV, consumption mix, at consumer, AC, 1kV - 60kV",Product-as-a-Service,Energy carriers and technologies > Electricity,LV,MJ,Electricity,,other,"Process: Electricity grid mix 1kV-60kV, consumption mix, at consumer, AC, 1kV - 60kV | Category: Energy carriers and technologies > Electricity | Lifecycle Stage: Product-as-a-Service | Location: LV | Materials: other | Unit: 1 MJ | Reference Flow: Electricity | Description:  | Water depletion: 0.0018 | Freshwater ecotoxicity: 0.0002 | Marine ecotoxicity: 0.0002 | Marine eutrophication: 0.0 | Human toxicity: 0.0269 | Particulate matter formation: 0.0005 | Urban land occupation: 0.0001 | Agricultural land occupation: 0.0001 | Terrestrial acidification: 0.0017 | Climate change: 0.4347 | Terrestrial ecotoxicity: 0.0 | Photochemical oxidant formation: 0.0009 | Ionising radiation: 0.0616 | Metal depletion: 0.0048 | Freshwater eutrophication: 0.0 | Natural land transformation: -0.0",8.004e-05,0.43468263,0.0,0.00019525,2e-08,0.02693409,0.0616032,0.00017068,3.401e-05,0.00480727,-8.53e-06,0.0,0.00052043,0.00086216,0.00170252,6.51e-06,0.00012006,0.00183224
"Electricity Mix, consumption mix, at consumer, AC, 230V",Product-as-a-Service,Energy carriers and technologies > Electricity,AT,MJ,electricity mix,,other,"Process: Electricity Mix, consumption mix, at consumer, AC, 230V | Category: Energy carriers and technologies > Electricity | Lifecycle Stage: Product-as-a-Service | Location: AT | Materials: other | Unit: 1 MJ | Reference Flow: electricity mix | Description:  | Water depletion: 0.0005 | Freshwater ecotoxicity: 0.0 | Marine ecotoxicity: 0.0 | Marine eutrophication: 0.0 | Human toxicity: 0.0028 | Particulate matter formation: 0.0002 | Terrestrial acidification: 0.0005 | Climate change: 0.3404 | Terrestrial ecotoxicity: 0.0 | Photochemical oxidant formation: 0.0003 | Ionising radiation: 0.002 | Metal depletion: 0.0004 | Freshwater eutrophication: 0.0",0.0,0.34042392,0.0,1.115e-05,9.4e-07,0.00281618,0.00203006,1.92e-05,1.234e-05,0.00035478,0.0,0.0,0.00015344,0.00033318,0.00047953,1.89e-06,0.0,0.0004722
"Process steam from heavy fuel oil, consumption mix, at plant, heat plant, MJ",Product-as-a-Service,Energy carriers and technologies > Heat and steam,PL,MJ,process steam from heavy fuel oil,,other,"Process: Process steam from heavy fuel oil, consumption mix, at plant, heat plant, MJ | Category: Energy carriers and technologies > Heat and steam | Lifecycle Stage: Product-as-a-Service | Location: PL | Materials: other | Unit: 1 MJ | Reference Flow: process steam from heavy fuel oil | Description:  | Water depletion: 0.0 | Freshwater ecotoxicity: 0.0 | Marine ecotoxicity: 0.0 | Marine eutrophication: 0.0 | Human toxicity: 0.0024 | Particulate matter formation: 0.0001 | Terrestrial acidification: 0.0004 | Climate change: 0.1011 | Terrestrial ecotoxicity: 0.0 | Photochemical oxidant formation: 0.0003 | Ionising radiation: 0.0001 | Metal depletion: 0.0001 | Freshwater eutrophication: 0.0",0.0,0.10112131,0.0,4.52e-06,1.06e-06,0.00236824,8.205e-05,2.918e-05,1.038e-05,6.874e-05,0.0,0.0,0.00012497,0.00027697,0.00037607,2.35e-06,0.0,6.34e-06
"Steel hot rolled section, production mix, at plant, blast furnace and electric arc furnace route,",Raw Materials,Materials production > Metals and semimetals,GLO,kg,steel hot rolled section,,steel,"Process: Steel hot rolled section, production mix, at plant, blast furnace and electric arc furnace route, | Category: Materials production > Metals and semimetals | Lifecycle Stage: Raw Materials | Location: GLO | Materials: steel | Unit: 1 kg | Reference Flow: steel hot rolled section | Description:  | Water depletion: 0.0035 | Freshwater ecotoxicity: 0.0 | Marine ecotoxicity: 0.0004 | Marine eutrophication: 0.0002 | Human toxicity: 0.1043 | Particulate matter formation: 0.0014 | Terrestrial acidification: 0.003 | Climate change: 1.1344 | Terrestrial ecotoxicity: 0.0001 | Photochemical oxidant formation: 0.0026 | Metal depletion: 0.2987 | Freshwater eutrophication: 0.0",0.0,1.13438049,0.0,1.104e-05,5.12e-06,0.10432572,0.0,0.0003831,0.00021623,0.29865028,0.0,0.0,0.00139534,0.00259572,0.00299382,6.013e-05,0.0,0.00348538
"Nylon 6 granulate (PA 6), production mix, at plant",Raw Materials,Materials production > Plastics,RER,kg,nylon 6 granulate (PA 6),,other,"Process: Nylon 6 granulate (PA 6), production mix, at plant | Category: Materials production > Plastics | Lifecycle Stage: Raw Materials | Location: RER | Materials: other | Unit: 1 kg | Reference Flow: nylon 6 granulate (PA 6) | Description:  | Water depletion: 0.1553 | Freshwater ecotoxicity: 0.0011 | Marine ecotoxicity: 0.0015 | Marine eutrophication: 0.0035 | Human toxicity: 0.01 | Particulate matter formation: 0.0104 | Terrestrial acidification: 0.0274 | Climate change: 9.1717 | Terrestrial ecotoxicity: 0.0 | Photochemical oxidant formation: 0.0278 | Metal depletion: 0.002 | Freshwater eutrophication: 0.0004",0.0,9.17171428,0.0,0.00106228,0.00043484,0.0099968,0.0,0.00153132,0.00347753,0.00197183,0.0,0.0,0.01038447,0.02779473,0.02744908,4.363e-05,0.0,0.15531542
"Process steam from natural gas 90%, consumption mix, at power plant, heat plant, MJ, 90 % efficiency",Product-as-a-Service,Energy carriers and technologies > Heat and steam,LV,MJ,process steam,,natural gas,"Process: Process steam from natural gas 90%, consumption mix, at power plant, heat plant, MJ, 90 % efficiency | Category: Energy carriers and technologies > Heat and steam | Lifecycle Stage: Product-as-a-Service | Location: LV | Materials: natural gas | Unit: 1 MJ | Reference Flow: process steam | Description:  | Water depletion: 0.0 | Freshwater ecotoxicity: 0.0 | Marine ecotoxicity: 0.0 | Marine eutrophication: 0.0 | Human toxicity: 0.0008 | Particulate matter formation: 0.0 | Urban land occupation: 0.0 | Agricultural land occupation: 0.0 | Terrestrial acidification: 0.0001 | Climate change: 0.0768 | Terrestrial ecotoxicity: 0.0 | Photochemical oxidant formation: 0.0001 | Ionising radiation: 0.0001 | Metal depletion: 0.0001 | Natural land transformation: -0.0",9.8e-06,0.07678816,0.0,5.49e-06,0.0,0.00078357,0.0001129,5.52e-06,3.99e-06,0.00011775,-6e-08,0.0,2.769e-05,0.00011342,7.938e-05,1e-07,1.471e-05,4.435e-05
"Electricity Mix, consumption mix, at consumer, AC, 220V",Product-as-a-Service,Energy carriers and technologies > Electricity,SK,MJ,electricity mix,,other,"Process: Electricity Mix, consumption mix, at consumer, AC, 220V | Category: Energy carriers and technologies > Electricity | Lifecycle Stage: Product-as-a-Service | Location: SK | Materials: other | Unit: 1 MJ | Reference Flow: electricity mix | Description:  | Water depletion: 0.0015 | Freshwater ecotoxicity: 0.0003 | Marine ecotoxicity: 0.0001 | Ozone depletion: 0.0 | Marine eutrophication: 0.0 | Human toxicity: 0.0167 | Particulate matter formation: 0.0008 | Terrestrial acidification: 0.0034 | Climate change: 0.3684 | Terrestrial ecotoxicity: 0.0 | Photochemical oxidant formation: 0.001 | Ionising radiation: 0.2911 | Metal depletion: 0.0002 | Freshwater eutrophication: 0.0",0.0,0.36838456,0.0,0.00029066,1.06e-06,0.01665645,0.29108437,0.00012537,3.43e-05,0.00017168,0.0,2.4e-07,0.00084662,0.00104915,0.0033895,1.319e-05,0.0,0.00145719
"Process steam from Heavy fuel oil 90 %, consumption mix, at power plant, heat plant, MJ, 90 % efficiency",Product-as-a-Service,Energy carriers and technologies > Heat and steam,BE,MJ,process steam,,other,"Process: Process steam from Heavy fuel oil 90 %, consumption mix, at power plant, heat plant, MJ, 90 % efficiency | Category: Energy carriers and technologies > Heat and steam | Lifecycle Stage: Product-as-a-Service | Location: BE | Materials: other | Unit: 1 MJ | Reference Flow: process steam | Description:  | Water depletion: 0.0 | Freshwater ecotoxicity: 0.0 | Marine ecotoxicity: 0.0001 | Marine eutrophication: 0.0 | Human toxicity: 0.0018 | Particulate matter formation: 0.0001 | Urban land occupation: 0.0 | Agricultural land occupation: 0.0 | Terrestrial acidification: 0.0004 | Climate change: 0.1048 | Terrestrial ecotoxicity: 0.0 | Photochemical oxidant formation: 0.0002 | Ionising radiation: 0.0002 | Metal depletion: 0.0001 | Freshwater eutrophication: 0.0 | Natural land transformation: -0.0",5.35e-06,0.10478529,0.0,3.66e-06,2e-08,0.00181652,0.00015716,5.164e-05,8.23e-06,6.754e-05,-3e-08,0.0,0.00012131,0.00023977,0.00044654,2.09e-06,8.03e-06,2.748e-05
"Hard Coal, consumption mix, at power plant, from underground and open pit mining",Raw Materials,Energy carriers and technologies > Hard coal based fuels,EU-27,kg,hard coal,,coal,"Process: Hard Coal, consumption mix, at power plant, from underground and open pit mining | Category: Energy carriers and technologies > Hard coal based fuels | Lifecycle Stage: Raw Materials | Location: EU-27 | Materials: coal | Unit: 1 kg | Reference Flow: hard coal | Description:  | Water depletion: 0.0001 | Freshwater ecotoxicity: 0.0 | Marine ecotoxicity: 0.0 | Marine eutrophication: 0.0 | Human toxicity: 0.0036 | Particulate matter formation: 0.0006 | Terrestrial acidification: 0.0013 | Climate change: 0.3491 | Terrestrial ecotoxicity: 0.0 | Photochemical oxidant formation: 0.0012 | Ionising radiation: 0.0021 | Metal depletion: 0.0 | Freshwater eutrophication: 0.0",0.0,0.3490753,0.0,2.003e-05,1.9e-07,0.00362192,0.00212583,3.939e-05,4.256e-05,1.839e-05,0.0,0.0,0.00062098,0.00124353,0.00128063,1.77e-06,0.0,7.529e-05
"Lignite, consumption mix, at power plant, from open pit mining",Raw Materials,Energy carriers and technologies > Lignite based fuels,EU-27,kg,lignite,,other,"Process: Lignite, consumption mix, at power plant, from open pit mining | Category: Energy carriers and technologies > Lignite based fuels | Lifecycle Stage: Raw Materials | Location: EU-27 | Materials: other | Unit: 1 kg | Reference Flow: lignite | Description:  | Water depletion: 0.0 | Freshwater ecotoxicity: 0.0 | Marine ecotoxicity: 0.0 | Marine eutrophication: 0.0 | Human toxicity: 0.001 | Particulate matter formation: 0.0002 | Terrestrial acidification: 0.0002 | Climate change: 0.0404 | Terrestrial ecotoxicity: 0.0 | Photochemical oxidant formation: 0.0001 | Ionising radiation: 0.0028 | Metal depletion: 0.0 | Freshwater eutrophication: 0.0",0.0,0.04044882,0.0,3.95e-06,3e-08,0.00096273,0.00282398,5.56e-06,2.17e-06,3.99e-06,0.0,0.0,0.00015975,8.041e-05,0.00022848,5.6e-07,0.0,3.456e-05
"Special high grade zinc, production mix, at plant, primary production",Raw Materials,Materials production > Metals and semimetals,GLO,kg,special high grade zinc,,zinc,"Process: Special high grade zinc, production mix, at plant, primary production | Category: Materials production > Metals and semimetals | Lifecycle Stage: Raw Materials | Location: GLO | Materials: zinc | Unit: 1 kg | Reference Flow: special high grade zinc | Description:  | Water depletion: 409.7424 | Freshwater ecotoxicity: 4.2027 | Marine ecotoxicity: 45.1318 | Ozone depletion: 0.0003 | Marine eutrophication: 0.9023 | Human toxicity: 3346.5251 | Particulate matter formation: 10.6648 | Terrestrial acidification: 18.8572 | Climate change: 3199.6962 | Terrestrial ecotoxicity: 5.339 | Photochemical oxidant formation: 18.1652 | Ionising radiation: 391.5138 | Metal depletion: -325.7325 | Freshwater eutrophication: 0.0027",0.0,3199.69615343,0.0,4.20271137,0.00271069,3346.52514393,391.51384959,45.13184415,0.90234252,-325.73253662,0.0,0.00032056,10.66483115,18.16515592,18.85720134,5.33902811,0.0,409.74240698
"Lead, consumption mix, at plant, primary",Raw Materials,Materials production > Metals and semimetals,DE,kg,lead,,lead,"Process: Lead, consumption mix, at plant, primary | Category: Materials production > Metals and semimetals | Lifecycle Stage: Raw Materials | Location: DE | Materials: lead | Unit: 1 kg | Reference Flow: lead | Description:  | Water depletion: 0.0088 | Freshwater ecotoxicity: 0.0006 | Marine ecotoxicity: 0.0021 | Ozone depletion: 0.0 | Marine eutrophication: 0.0001 | Human toxicity: 0.9441 | Particulate matter formation: 0.0087 | Terrestrial acidification: 0.0342 | Climate change: 1.798 | Terrestrial ecotoxicity: 0.0002 | Photochemical oxidant formation: 0.0082 | Ionising radiation: 0.1398 | Metal depletion: 2.4054 | Freshwater eutrophication: 0.0",0.0,1.79798662,0.0,0.00062437,1.88e-06,0.94412634,0.13980376,0.00210881,0.00012763,2.4053527,0.0,1.2e-07,0.00868116,0.00822278,0.03424048,0.00024354,0.0,0.00876605
"Electricity Mix, consumption mix, at consumer, AC, 220V",Product-as-a-Service,Energy carriers and technologies > Electricity,LT,MJ,electricity mix,,other,"Process: Electricity Mix, consumption mix, at consumer, AC, 220V | Category: Energy carriers and technologies > Electricity | Lifecycle Stage: Product-as-a-Service | Location: LT | Materials: other | Unit: 1 MJ | Reference Flow: electricity mix | Description:  | Water depletion: 0.002 | Freshwater ecotoxicity: 0.0005 | Marine ecotoxicity: 0.0002 | Ozone depletion: 0.0 | Marine eutrophication: 0.0 | Human toxicity: 0.0128 | Particulate matter formation: 0.0002 | Terrestrial acidification: 0.0007 | Climate change: 0.2036 | Terrestrial ecotoxicity: 0.0 | Photochemical oxidant formation: 0.0005 | Ionising radiation: 0.4881 | Metal depletion: 0.0002 | Freshwater eutrophication: 0.0",0.0,0.20358749,0.0,0.00048178,1.94e-06,0.01278783,0.48812313,0.00019013,2.378e-05,0.00018628,0.0,4e-07,0.00023089,0.00049668,0.00071697,1.583e-05,0.0,0.00201454
"Electricity from wind power, production mix, at power plant, AC, < 1kV",Product-as-a-Service,Energy carriers and technologies > Electricity,RER,MJ,electricity from wind power,,other,"Process: Electricity from wind power, production mix, at power plant, AC, < 1kV | Category: Energy carriers and technologies > Electricity | Lifecycle Stage: Product-as-a-Service | Location: RER | Materials: other | Unit: 1 MJ | Reference Flow: electricity from wind power | Description:  | Water depletion: 0.0 | Freshwater ecotoxicity: 0.0 | Marine ecotoxicity: 0.0 | Marine eutrophication: 0.0 | Human toxicity: 0.0005 | Particulate matter formation: 0.0 | Terrestrial acidification: 0.0 | Climate change: 0.0066 | Terrestrial ecotoxicity: 0.0 | Photochemical oxidant formation: 0.0 | Ionising radiation: 0.0006 | Metal depletion: 0.0023",0.0,0.006645,0.0,1.01e-06,0.0,0.00049483,0.00055689,4.39e-06,5e-07,0.00227977,0.0,0.0,9.3e-06,1.979e-05,2.353e-05,4.4e-07,0.0,5.27e-06
"Electricity grid mix, consumption mix, at consumer, AC, 230V",Product-as-a-Service,Energy carriers and technologies > Electricity,AT,MJ,Electricity,,other,"Process: Electricity grid mix, consumption mix, at consumer, AC, 230V | Category: Energy carriers and technologies > Electricity | Lifecycle Stage: Product-as-a-Service | Location: AT | Materials: other | Unit: 1 MJ | Reference Flow: Electricity | Description:  | Water depletion: 0.0031 | Freshwater ecotoxicity: 0.0004 | Marine ecotoxicity: 0.0003 | Marine eutrophication: 0.0 | Human toxicity: 0.0613 | Particulate matter formation: 0.0002 | Urban land occupation: 0.0001 | Agricultural land occupation: 0.0001 | Terrestrial acidification: 0.0008 | Climate change: 0.3641 | Terrestrial ecotoxicity: 0.0 | Photochemical oxidant formation: 0.0006 | Ionising radiation: 0.0227 | Metal depletion: 0.0062 | Freshwater eutrophication: 0.0 | Natural land transformation: -0.0",5.167e-05,0.36410296,0.0,0.00037255,2e-08,0.06128956,0.02272715,0.00034636,2.16e-05,0.00619503,-5.86e-06,0.0,0.00023454,0.00055741,0.00077684,3.44e-06,7.75e-05,0.00313817
"Process steam from natural gas 90%, consumption mix, at power plant, heat plant, MJ, 90 % efficiency",Product-as-a-Service,Energy carriers and technologies > Heat and steam,EE,MJ,process steam,,natural gas,"Process: Process steam from natural gas 90%, consumption mix, at power plant, heat plant, MJ, 90 % efficiency | Category: Energy carriers and technologies > Heat and steam | Lifecycle Stage: Product-as-a-Service | Location: EE | Materials: natural gas | Unit: 1 MJ | Reference Flow: process steam | Description:  | Water depletion: 0.0001 | Freshwater ecotoxicity: 0.0 | Marine ecotoxicity: 0.0 | Marine eutrophication: 0.0 | Human toxicity: 0.0002 | Particulate matter formation: 0.0 | Urban land occupation: 0.0 | Agricultural land occupation: 0.0 | Terrestrial acidification: 0.0001 | Climate change: 0.0904 | Terrestrial ecotoxicity: 0.0 | Photochemical oxidant formation: 0.0001 | Ionising radiation: 0.0 | Metal depletion: 0.0001 | Natural land transformation: -0.0",1.118e-05,0.09040866,0.0,2.5e-06,0.0,0.00022214,4.836e-05,2.88e-06,4.13e-06,0.00012242,-9e-08,0.0,3.015e-05,0.00012704,8.672e-05,7e-08,1.678e-05,5.037e-05
"Electricity grid mix, consumption mix, at consumer, AC, 230V",Product-as-a-Service,Energy carriers and technologies > Electricity,NL,MJ,Electricity,,other,"Process: Electricity grid mix, consumption mix, at consumer, AC, 230V | Category: Energy carriers and technologies > Electricity | Lifecycle Stage: Product-as-a-Service | Location: NL | Materials: other | Unit: 1 MJ | Reference Flow: Electricity | Description:  | Water depletion: 0.0017 | Freshwater ecotoxicity: 0.0001 | Marine ecotoxicity: 0.0001 | Ozone depletion: 0.0 | Marine eutrophication: 0.0 | Human toxicity: 0.0145 | Particulate matter formation: 0.0002 | Urban land occupation: 0.0001 | Agricultural land occupation: 0.0001 | Terrestrial acidification: 0.0006 | Climate change: 0.493 | Terrestrial ecotoxicity: 0.0 | Photochemical oxidant formation: 0.0007 | Ionising radiation: 0.0351 | Metal depletion: 0.0004 | Freshwater eutrophication: 0.0 | Natural land transformation: -0.0",9.904e-05,0.49301309,0.0,0.00011241,2e-08,0.01447278,0.03512754,9.394e-05,2.68e-05,0.00044073,-2.94e-06,2e-08,0.00020845,0.00066174,0.0006341,3.12e-06,0.00014856,0.00172773
Production of PC Granulate,Raw Materials,A Water Bottle > PC,US,kg,PC granulates,,other,Process: Production of PC Granulate | Category: A Water Bottle > PC | Lifecycle Stage: Raw Materials | Location: US | Materials: other | Unit: 1 kg | Reference Flow: PC granulates | Description: ,0.0,0.0,0.0,0.0,0.0,0.0,0.0,0.0,0.0,0.0,0.0,0.0,0.0,0.0,0.0,0.0,0.0,0.0
PC Transport A,Transport & Packaging,A Water Bottle > PC,US,kg,"PC granulates, transported",,other,"Process: PC Transport A | Category: A Water Bottle > PC | Lifecycle Stage: Transport & Packaging | Location: US | Materials: other | Unit: 1 kg | Reference Flow: PC granulates, transported | Description: ",0.0,0.0,0.0,0.0,0.0,0.0,0.0,0.0,0.0,0.0,0.0,0.0,0.0,0.0,0.0,0.0,0.0,0.0
PC Production of bottle and filling,Raw Materials,A Water Bottle > PC,US,Item(s),PC Filled bottle,,other,Process: PC Production of bottle and filling | Category: A Water Bottle > PC | Lifecycle Stage: Raw Materials | Location: US | Materials: other | Unit: 1 Item(s) | Reference Flow: PC Filled bottle | Description: ,0.0,0.0,0.0,0.0,0.0,0.0,0.0,0.0,0.0,0.0,0.0,0.0,0.0,0.0,0.0,0.0,0.0,0.0
"PC Production of bottle preform, lid and lable",Raw Materials,A Water Bottle > PC,US,Item(s),PC empty bottle ,,other,"Process: PC Production of bottle preform, lid and lable | Category: A Water Bottle > PC | Lifecycle Stage: Raw Materials | Location: US | Materials: other | Unit: 1 Item(s) | Reference Flow: PC empty bottle  | Description: ",0.0,0.0,0.0,0.0,0.0,0.0,0.0,0.0,0.0,0.0,0.0,0.0,0.0,0.0,0.0,0.0,0.0,0.0
PC Transport B,Transport & Packaging,A Water Bottle > PC,US,Item(s),"PC Empty bottle, transported",,other,"Process: PC Transport B | Category: A Water Bottle > PC | Lifecycle Stage: Transport & Packaging | Location: US | Materials: other | Unit: 1 Item(s) | Reference Flow: PC Empty bottle, transported | Description: ",0.0,0.0,0.0,0.0,0.0,0.0,0.0,0.0,0.0,0.0,0.0,0.0,0.0,0.0,0.0,0.0,0.0,0.0
PC Transport C,Transport & Packaging,A Water Bottle > PC,US,Item(s),PC Bottle at POS,,other,Process: PC Transport C | Category: A Water Bottle > PC | Lifecycle Stage: Transport & Packaging | Location: US | Materials: other | Unit: 1 Item(s) | Reference Flow: PC Bottle at POS | Description: ,0.0,0.0,0.0,0.0,0.0,0.0,0.0,0.0,0.0,0.0,0.0,0.0,0.0,0.0,0.0,0.0,0.0,0.0
Waste incineration of plastics (Opposite Direction Approach),End-of-Life,Bottle - End-of-life treatment,US,kg,"waste incineration of plastics (PET, PMMA, PC)",,plastic,"Process: Waste incineration of plastics (Opposite Direction Approach) | Category: Bottle - End-of-life treatment | Lifecycle Stage: End-of-Life | Location: US | Materials: plastic | Unit: 1 kg | Reference Flow: waste incineration of plastics (PET, PMMA, PC) | Description:  | Water depletion: 5.0814 | Freshwater ecotoxicity: 0.004 | Marine ecotoxicity: 0.0042 | Ozone depletion: 0.0 | Marine eutrophication: 0.0118 | Human toxicity: 0.4404 | Particulate matter formation: 0.0661 | Terrestrial acidification: 0.2607 | Climate change: 2424.3117 | Terrestrial ecotoxicity: 0.0003 | Photochemical oxidant formation: 0.194 | Ionising radiation: 3.3076 | Metal depletion: 0.0158 | Freshwater eutrophication: 0.0001",-0.0,2424.31173978,-0.0,0.00400341,0.00010959,0.44038211,3.30761836,0.00424817,0.01182077,0.01580979,-0.0,2.73e-06,0.06608731,0.19403877,0.26065986,0.00027461,-0.0,5.08143123
Waste incineration of plastics (Material Flow Logic),End-of-Life,Bottle - End-of-life treatment,US,kg,"waste incineration of plastics (PET, PMMA, PC)",,plastic,"Process: Waste incineration of plastics (Material Flow Logic) | Category: Bottle - End-of-life treatment | Lifecycle Stage: End-of-Life | Location: US | Materials: plastic | Unit: 1 kg | Reference Flow: waste incineration of plastics (PET, PMMA, PC) | Description:  | Water depletion: 5.0814 | Freshwater ecotoxicity: 0.004 | Marine ecotoxicity: 0.0042 | Ozone depletion: 0.0 | Marine eutrophication: 0.0118 | Human toxicity: 0.4404 | Particulate matter formation: 0.0661 | Terrestrial acidification: 0.2607 | Climate change: 2424.3117 | Terrestrial ecotoxicity: 0.0003 | Photochemical oxidant formation: 0.194 | Ionising radiation: 3.3076 | Metal depletion: 0.0158 | Freshwater eutrophication: 0.0001",-0.0,2424.31173978,-0.0,0.00400341,0.00010959,0.44038211,3.30761836,0.00424817,0.01182077,0.01580979,-0.0,2.73e-06,0.06608731,0.19403877,0.26065986,0.00027461,-0.0,5.08143123
PC bottle all,Raw Materials,A Water Bottle > PC,US,Item(s),PC Bottle at POS,,other,Process: PC bottle all | Category: A Water Bottle > PC | Lifecycle Stage: Raw Materials | Location: US | Materials: other | Unit: 1 Item(s) | Reference Flow: PC Bottle at POS | Description: ,0.0,0.0,0.0,0.0,0.0,0.0,0.0,0.0,0.0,0.0,0.0,0.0,0.0,0.0,0.0,0.0,0.0,0.0
PC bottle filling,Raw Materials,A Water Bottle > PC vs PET,US,Item(s),"PC bottle, filled",,other,"Process: PC bottle filling | Category: A Water Bottle > PC vs PET | Lifecycle Stage: Raw Materials | Location: US | Materials: other | Unit: 1 Item(s) | Reference Flow: PC bottle, filled | Description: ",0.0,0.0,0.0,0.0,0.0,0.0,0.0,0.0,0.0,0.0,0.0,0.0,0.0,0.0,0.0,0.0,0.0,0.0
Production of PET granulates,Raw Materials,A Water Bottle > PC vs PET,US,kg,PET granulates,,other,Process: Production of PET granulates | Category: A Water Bottle > PC vs PET | Lifecycle Stage: Raw Materials | Location: US | Materials: other | Unit: 1 kg | Reference Flow: PET granulates | Description: ,0.0,0.0,0.0,0.0,0.0,0.0,0.0,0.0,0.0,0.0,0.0,0.0,0.0,0.0,0.0,0.0,0.0,0.0
PET transport A,Transport & Packaging,A Water Bottle > PC vs PET,US,kg,"PET granulates, transported",,other,"Process: PET transport A | Category: A Water Bottle > PC vs PET | Lifecycle Stage: Transport & Packaging | Location: US | Materials: other | Unit: 1 kg | Reference Flow: PET granulates, transported | Description: ",0.0,0.0,0.0,0.0,0.0,0.0,0.0,0.0,0.0,0.0,0.0,0.0,0.0,0.0,0.0,0.0,0.0,0.0
PET bottle filling,Raw Materials,A Water Bottle > PC vs PET,US,Item(s),"PET bottle, filled",,other,"Process: PET bottle filling | Category: A Water Bottle > PC vs PET | Lifecycle Stage: Raw Materials | Location: US | Materials: other | Unit: 1 Item(s) | Reference Flow: PET bottle, filled | Description: ",0.0,0.0,0.0,0.0,0.0,0.0,0.0,0.0,0.0,0.0,0.0,0.0,0.0,0.0,0.0,0.0,0.0,0.0
