process_name,lifecycle_stage,category_path,"Abiotic depletion (elem., econ. reserve)","Abiotic depletion (elem., reserve base)",Acidification (fate not incl.),Eutrophication (incl. fate),Freshwater aquatic ecotox. 100a,Freshwater aquatic ecotox. 20a,Freshwater aquatic ecotox. 500a,Freshwater sediment ecotox. 100a,Freshwater sediment ecotox. 20a,Freshwater sediment ecotox. 500a,Freshwater sediment ecotox. infinite,"Fw. aq. ecot.  (PAH, Xylene & NMVOC av.)",Global warming 100a (incl. NMVOC av.),Global warming 20a,Global warming 500a,"Human tox. (incl. PAH, Xylene & NMVOC av",Human toxicity 100a,Human toxicity 20a,Human toxicity 500a,Ionising radiation,Land competition,Lower limit of net global warming,Malodorous air,"Mar. aq. ecotox. (PAH, Xylene & NMVOC av",Marine aquatic ecotox. 100a,Marine aquatic ecotox. 20a,Marine aquatic ecotox. 500a,Marine sediment ecotox. 100a,Marine sediment ecotox. 20a,Marine sediment ecotox. 500a,Marine sediment ecotox. infinite,Ozone layer depletion (incl. NMVOC av.),Ozone layer depletion 10a,Ozone layer depletion 15a,Ozone layer depletion 20a,Ozone layer depletion 25a,Ozone layer depletion 30a,Ozone layer depletion 40a,Ozone layer depletion 5a,"Photochem. oxid. (MIR, very high NOx)",Photochem. oxid. (incl. NMVOC av.),Photochem. oxid. (incl. NOx & NMVOC av.),"Photochemical oxidation (EBIR, low NOx)","Photochemical oxidation (MOIR, high NOx)",Photochemical oxidation (low NOx),"Terr. ecotox. (PAH, Xylene & NMVOC av.)",Terrestrial ecotoxicity 100a,Terrestrial ecotoxicity 20a,Terrestrial ecotoxicity 500a,Upper limit of net global warming
"Electricity Mix, consumption mix, at consumer, AC, 230-240V",Product-as-a-Service,Energy carriers and technologies > Electricity,0.0,0.0,0.00366173,0.00159172,0.00073849,0.00065832,0.00078607,0.00151166,0.00137655,0.00158089,0.00164101,0.00081387,0.6699812,0.74467265,0.0,0.02099906,0.00664306,0.00661556,0.00668558,0.0,0.0,0.66007395,896.45789143,31.22698023,0.0064167,0.0011312,0.0345102,0.00643139,0.00177011,0.0281429,11.54114152,1e-07,5e-08,5e-08,5e-08,5e-08,5e-08,5e-08,5e-08,2.427e-05,0.00020384,0.00020384,4.008e-05,3.431e-05,3.303e-05,0.00023868,3.594e-05,1.11e-05,0.00011079,0.66087178
"Process steam from natural gas, consumption mix, at plant, heat plant, MJ",Product-as-a-Service,Energy carriers and technologies > Heat and steam,0.0,0.0,0.00017964,0.00020109,3.834e-05,3.389e-05,4.232e-05,8.456e-05,7.337e-05,9.382e-05,0.0001056,4.722e-05,0.08386352,0.10772514,0.0,0.00091068,0.00072976,0.0007293,0.00073075,0.0,0.0,0.08056405,635.63158011,0.67382775,0.00019107,3.028e-05,0.00108403,0.0002263,5.302e-05,0.00105271,0.28485544,0.0,0.0,0.0,0.0,0.0,0.0,0.0,0.0,9.53e-06,1.973e-05,1.973e-05,2.043e-05,1.632e-05,1.611e-05,2.85e-06,9.7e-07,7.1e-07,1.71e-06,0.08064047
"Electricity Mix, consumption mix, at consumer, AC, < 1kV",Product-as-a-Service,Energy carriers and technologies > Electricity,0.0,0.0,0.00410506,0.0012737,0.00097741,0.00089138,0.00103991,0.00205907,0.00189406,0.00217119,0.00234612,0.00111434,0.5958123,0.65386354,0.0,0.03558148,0.00858773,0.00856439,0.00862772,0.0,0.0,0.58802146,21274.64670462,224.7544332,0.00870161,0.00150824,0.04666237,0.00911082,0.00238591,0.04056585,75.57533959,1.4e-07,7e-08,7e-08,7e-08,7e-08,7e-08,7e-08,7e-08,2.044e-05,0.0002211,0.0002211,3.651e-05,3.078e-05,3.229e-05,0.00042139,5.329e-05,1.324e-05,0.00018679,0.58878575
"Process steam from Light fuel oil 90%, consumption mix, at power plant, heat plant, MJ, 90 % efficiency",Product-as-a-Service,Energy carriers and technologies > Heat and steam,0.0,0.0,0.00022723,0.00022354,5.59e-05,5.239e-05,5.619e-05,0.00012049,0.00011118,0.00012106,0.00012222,5.728e-05,0.10318796,0.10871684,0.0,0.00154952,0.00058418,0.00058328,0.00058739,0.0,1.885e-05,0.10249252,993.63930964,0.65805997,0.0021488,0.00035287,0.01149711,0.00285709,0.00075119,0.0119867,0.47116423,0.0,0.0,0.0,0.0,0.0,0.0,0.0,0.0,4.54e-06,1.686e-05,1.686e-05,9.36e-06,7.47e-06,8.7e-06,4.84e-06,7.9e-07,4.7e-07,1.91e-06,0.10255614
"Polyethylene terephthalate (PET) granulate, production mix, at plant, amorphous",Raw Materials,Materials production > Plastics,0.0,0.0,0.01537269,0.00887227,0.00075414,0.00052506,0.00162406,0.00151976,0.00093103,0.00375709,0.01094272,0.00505674,3.37156258,4.35859809,0.0,1.68516313,0.24666077,0.24666064,0.24666169,0.0,0.0,3.24038432,25.52449488,260.71902275,0.10397523,0.01964216,0.53796632,0.11974283,0.03211138,0.55027284,102.24735396,2.1e-07,0.0,0.0,0.0,0.0,0.0,0.0,0.0,0.00019805,0.00238551,0.00238551,0.00044108,0.00034683,0.00042104,0.00084702,5.65e-05,1.163e-05,0.00024399,3.25476674
"Electricity grid mix, consumption mix, at consumer, AC, 230V",Product-as-a-Service,Energy carriers and technologies > Electricity,5e-08,3e-08,0.00133952,0.00089654,0.00066179,0.00062442,0.00067888,0.00142504,0.00134337,0.00145325,0.00147997,0.00069349,0.30838511,0.33931927,0.0,0.0248495,0.00927131,0.00926234,0.00929129,0.0,0.00023898,0.30460707,3592.6164996,162.20759669,0.00358282,0.00058989,0.01917934,0.0037006,0.00094007,0.01638999,54.08983261,0.0,0.0,0.0,0.0,0.0,0.0,0.0,0.0,1.49e-05,8.429e-05,8.429e-05,2.895e-05,2.375e-05,2.595e-05,0.0002173,2.381e-05,6.13e-06,8.507e-05,0.30529728
"Electricity grid mix, consumption mix, at consumer, AC, 230V",Product-as-a-Service,Energy carriers and technologies > Electricity,2e-08,1e-08,0.00084118,0.00068504,0.00060231,0.00056586,0.00061796,0.0013073,0.00122797,0.00133389,0.00136146,0.00063206,0.53413468,0.57187521,0.0,0.01427673,0.00637348,0.00636398,0.00639369,0.0,0.00017102,0.52959132,57394.98589662,46.04877268,0.00380084,0.00061504,0.02060164,0.00428724,0.00105313,0.01886242,15.79425008,2e-08,0.0,0.0,0.0,0.0,0.0,0.0,0.0,1.66e-05,5.992e-05,5.992e-05,2.995e-05,2.505e-05,2.581e-05,0.00063174,7.201e-05,1.685e-05,0.00026997,0.53011631
"Process steam from natural gas 90%, consumption mix, at power plant, heat plant, MJ, 90 % efficiency",Product-as-a-Service,Energy carriers and technologies > Heat and steam,0.0,0.0,0.00014444,7.971e-05,2.147e-05,2.082e-05,2.164e-05,2.851e-05,2.694e-05,2.882e-05,2.918e-05,2.254e-05,0.09595353,0.12415689,0.0,0.00148106,0.00105707,0.00105696,0.00105731,0.0,5.85e-06,0.09210005,4289.34691227,0.13821764,8.494e-05,1.522e-05,0.00045626,0.00011002,2.871e-05,0.00046395,0.05634726,0.0,0.0,0.0,0.0,0.0,0.0,0.0,0.0,1.247e-05,2.591e-05,2.591e-05,2.617e-05,2.081e-05,2.412e-05,2.03e-06,1.24e-06,1.17e-06,1.44e-06,0.09218414
"Electricity Mix, consumption mix, at consumer, AC, 1kV - 60kV",Product-as-a-Service,Energy carriers and technologies > Electricity,0.0,0.0,0.00341418,0.00087617,0.00132097,0.00124413,0.00136049,0.00282783,0.00266327,0.00289832,0.00301321,0.0014119,0.35275339,0.42735456,0.0,0.03445616,0.00544176,0.00542484,0.00547456,1e-08,0.0,0.34210249,1447.0686403,289.58121068,0.00749186,0.00124123,0.04000133,0.0075985,0.0019295,0.03404603,96.7976983,2.3e-07,1.1e-07,1.1e-07,1.1e-07,1.1e-07,1.1e-07,1.1e-07,1.1e-07,1.827e-05,0.00018784,0.00018784,3.359e-05,2.819e-05,2.863e-05,0.00031884,3.962e-05,9.59e-06,0.0001412,0.34293611
"Compressed air, production mix, 7 bar, high efficiency, low power consumption",Raw Materials,Energy carriers and technologies > Mechanical energy,0.0,0.0,0.0,0.0,0.0,0.0,0.0,0.0,0.0,0.0,0.0,0.0,0.0,0.0,0.0,0.0,0.0,0.0,0.0,0.0,0.0,0.0,0.0,0.0,0.0,0.0,0.0,0.0,0.0,0.0,0.0,0.0,0.0,0.0,0.0,0.0,0.0,0.0,0.0,0.0,0.0,0.0,0.0,0.0,0.0,0.0,0.0,0.0,0.0,0.0
"Polyethylene high density granulate (PE-HD), production mix, at plant",Raw Materials,Materials production > Plastics,0.0,0.0,0.00639474,0.00387599,0.00064334,0.00061985,0.00064361,0.00065485,0.0005926,0.00065556,0.00065823,0.00074241,1.99987771,2.75948976,0.0,0.05837863,0.00500678,0.00500661,0.00500738,0.0,0.0,1.90575265,13.61476868,73.7760971,0.00076304,9.21e-05,0.00439759,0.00098292,0.00017728,0.00432459,24.31765072,1e-07,0.0,0.0,0.0,0.0,0.0,0.0,0.0,0.00026119,0.00134443,0.00134443,0.00059354,0.00046514,0.00059624,7.858e-05,7.54e-06,1.6e-06,2.926e-05,1.93047788
"Titanium Dioxide, production mix, at plant, Chloride and sulphate processes, > 80% TiO2",Raw Materials,Materials production > Inorganic chemicals,9e-08,4e-08,0.10782366,0.02085256,1.64312088,1.57468709,1.64440388,3.75408156,3.57077286,3.7570265,3.7803968,1.65982126,5.73233278,6.42174865,0.0,1.91509755,0.40212731,0.39511693,0.41416946,1e-08,0.02600578,2.87719762,162754.2170541,4899.64003964,8.01742599,1.27633181,41.78293971,8.92587235,2.32877819,39.18086334,2918.53927829,5.6e-07,1.01e-06,9.4e-07,9e-07,8.7e-07,8.3e-07,7.4e-07,1.08e-06,0.00095659,0.00346656,0.00346656,0.00206616,0.00164554,0.00209482,0.00860038,0.00127478,0.00060003,0.00370273,2.97222332
"Process steam from natural gas 90%, consumption mix, at power plant, heat plant, MJ, 90 % efficiency",Product-as-a-Service,Energy carriers and technologies > Heat and steam,0.0,0.0,9.181e-05,0.00012218,4.245e-05,3.853e-05,4.265e-05,0.00010273,9.238e-05,0.00010318,0.00010431,4.337e-05,0.08651194,0.10202542,0.0,0.00046311,0.00034304,0.00034284,0.0003437,0.0,3.006e-05,0.08449275,222.31559287,0.24107188,0.00015923,2.077e-05,0.00088956,0.0002102,4.353e-05,0.00092317,0.09364014,0.0,0.0,0.0,0.0,0.0,0.0,0.0,0.0,6.89e-06,1.341e-05,1.341e-05,1.548e-05,1.226e-05,1.248e-05,1.84e-06,4e-07,2.7e-07,8.4e-07,0.08456993
"Process steam from Light fuel oil 90 %, consumption mix, at power plant, heat plant, MJ, 90 % efficiency",Product-as-a-Service,Energy carriers and technologies > Heat and steam,0.0,0.0,0.00024277,0.00034361,2.716e-05,2.556e-05,2.742e-05,5.56e-05,5.142e-05,5.611e-05,5.699e-05,2.829e-05,0.09501314,0.09751188,0.0,0.00216981,0.00092137,0.00091967,0.00092788,0.0,5.296e-05,0.09474016,803.20806184,1.00842173,0.00478173,0.00079294,0.02553204,0.0063848,0.00169686,0.0266958,0.87606759,0.0,0.0,0.0,0.0,0.0,0.0,0.0,0.0,2.48e-06,1.487e-05,1.487e-05,5.05e-06,4.05e-06,4.85e-06,5.13e-06,6.1e-07,2.9e-07,1.82e-06,0.09481891
"Aluminium extrusion profile, production mix, at plant, primary production, aluminium semi-finished extrusion product, including primary production, transformation and   recycling",End-of-Life,Materials production > Metals and semimetals,1.302e-05,6.34e-06,10.35496939,4.62420826,3.61868747,3.36074822,3.83390874,8.21841577,7.64659192,8.65737215,9.47579409,5.3707497,2460.9802734,2657.00894193,0.0,4860.70548203,789.0338154,785.09710322,789.15594019,7.29e-06,0.0,2418.99230599,35888498.79148281,3372464.78625224,150.68105769,106.18182306,303.04620969,354.67999335,286.01038914,480.36233091,1116008.50028879,0.00028808,0.0001354,0.00013478,0.00013448,0.00013417,0.00013387,0.00013325,0.00013601,0.09386545,0.60917591,0.60917591,0.18334136,0.14985757,0.15808026,3.17391591,0.37466367,0.09045419,1.38475781,2421.19842745
"Aluminium sheet, production mix, at plant, primary production, aluminium semi-finished sheet product, including primary production, transformation and recycling",End-of-Life,Materials production > Metals and semimetals,2.155e-05,1.049e-05,13.6218228,5.64358272,5.17346139,4.82567314,5.47354933,11.90376919,11.11737239,12.52388035,13.73272225,8.07076818,3228.61296264,3457.75375643,0.0,8450.35626213,1365.96201981,1359.1141812,1366.1304623,9.11e-06,0.0,3170.86976405,36539408.14807474,5673232.41516302,253.63280589,183.7424188,478.3857473,609.07682981,496.6530568,793.69204017,1875925.62972069,0.00036912,0.0001693,0.00016853,0.00016815,0.00016777,0.00016738,0.00016662,0.00017006,0.12440488,0.86376398,0.86376398,0.2463957,0.20060566,0.21879101,5.11054177,0.59741058,0.14195474,2.22472795,3174.60275774
"Electricity Mix, consumption mix, at consumer, AC, 1kV - 60kV",Product-as-a-Service,Energy carriers and technologies > Electricity,0.0,0.0,0.00648642,0.00143664,0.00122461,0.00109908,0.00132209,0.00261405,0.00236867,0.00279477,0.00306705,0.001436,0.63336829,0.72444315,0.0,0.03879397,0.01166697,0.01163613,0.01171785,0.0,0.0,0.62075064,2579.68811781,192.08843901,0.01080988,0.00183942,0.05872702,0.01128806,0.00281,0.05129626,65.28493111,1.7e-07,8e-08,8e-08,8e-08,8e-08,8e-08,8e-08,8e-08,3.147e-05,0.0003443,0.0003443,6.034e-05,4.982e-05,4.973e-05,0.00099008,0.00011966,2.795e-05,0.0004365,0.62150834
"Electricity Mix, consumption mix, at consumer, AC, 230V",Product-as-a-Service,Energy carriers and technologies > Electricity,0.0,0.0,0.00020848,0.00016747,0.00098418,0.00094727,0.00099193,0.00216798,0.00207163,0.00218559,0.00224044,0.00101766,0.11207461,0.1166891,0.0,0.00577361,0.00106135,0.0010561,0.00107614,0.0,0.0,0.11113696,750.18144375,6.64818066,0.00425448,0.00069584,0.0222969,0.00464066,0.00123798,0.02019156,3.07819778,1.9e-07,9e-08,9e-08,9e-08,9e-08,9e-08,9e-08,9e-08,2.27e-06,1.378e-05,1.378e-05,3.95e-06,3.36e-06,3.7e-06,1.728e-05,2.1e-06,6.1e-07,7.11e-06,0.11163696
"Barge, technology mix, 1.228 t pay load capacity",Raw Materials,Transport services > Water,0.0,0.0,0.00033016,0.00050904,1.102e-05,1.01e-05,1.161e-05,2.463e-05,2.229e-05,2.601e-05,2.852e-05,1.356e-05,0.02743777,0.02886744,0.0,0.00145937,0.0006061,0.00060589,0.00060678,0.0,0.0,0.02760258,86.02958195,0.33345615,0.00056973,0.00011968,0.00286521,0.00072088,0.0002534,0.00276909,0.20516671,0.0,0.0,0.0,0.0,0.0,0.0,0.0,0.0,2.13e-06,2.211e-05,2.211e-05,5e-06,3.91e-06,5.24e-06,1.17e-06,1.2e-07,3e-08,4.2e-07,0.02777568
"Steel sections (ILCD), production mix, at plant, blast furnace route / electric arc furnace route, 1 kg",Raw Materials,Materials production > Metals and semimetals,0.0,0.0,0.00452866,0.00295239,0.00095258,0.00086025,0.00102322,0.00198564,0.00179623,0.00212781,0.00234885,0.0011193,1.59991216,1.81683292,0.0,0.06335729,0.03059876,0.03049567,0.03068626,0.0,0.0,1.59056653,138497.72231953,235.71419537,0.01382555,0.0036629,0.06748469,0.01968139,0.00801913,0.0689601,78.90760638,4e-08,2e-08,2e-08,2e-08,2e-08,2e-08,2e-08,2e-08,0.00032582,0.00076146,0.00076146,0.00074415,0.00058489,0.00079156,0.00238607,0.00026929,5.822e-05,0.00102835,1.62808036
"Electricity Mix, consumption mix, at consumer, AC, 1kV - 60kV",Product-as-a-Service,Energy carriers and technologies > Electricity,0.0,0.0,0.00381063,0.00119666,0.00092625,0.00084527,0.00098484,0.00195292,0.0017972,0.00205814,0.00222303,0.00105502,0.56379837,0.61866547,0.0,0.03329908,0.0080786,0.00805671,0.00811615,0.0,0.0,0.55643615,20317.95719632,208.80415293,0.00820444,0.0014217,0.04398764,0.00859806,0.00225225,0.03827405,70.23466049,1.4e-07,6e-08,6e-08,6e-08,6e-08,6e-08,6e-08,6e-08,1.931e-05,0.00020571,0.00020571,3.454e-05,2.91e-05,3.054e-05,0.00039306,4.973e-05,1.237e-05,0.00017423,0.55715913
"Process steam from Heavy fuel oil 90 %, consumption mix, at power plant, heat plant, MJ, 90 % efficiency",Product-as-a-Service,Energy carriers and technologies > Heat and steam,0.0,0.0,0.00080023,0.00026953,6.352e-05,4.493e-05,8.626e-05,0.00011994,9.172e-05,0.00014946,0.00016088,9.241e-05,0.10172115,0.10440592,0.0,0.01922509,0.01818295,0.01818092,0.01818653,0.0,2.778e-05,0.10141094,982.52860746,4.9270409,0.00095549,0.00016821,0.00543216,0.00073719,0.00018211,0.00353656,1.78097367,0.0,0.0,0.0,0.0,0.0,0.0,0.0,0.0,2.84e-06,4.158e-05,4.158e-05,4.68e-06,3.91e-06,3.76e-06,9.24e-05,4.61e-06,1.47e-06,1.291e-05,0.10148073
"Electricity grid mix 1kV-60kV, consumption mix, at consumer, AC, 1kV - 60kV",Product-as-a-Service,Energy carriers and technologies > Electricity,0.0,0.0,0.00675321,0.00213432,0.00060055,0.00054639,0.00062998,0.00127522,0.00115632,0.00131492,0.00134309,0.00064817,0.90371333,0.93604746,0.0,0.04821865,0.04080844,0.04080127,0.04082755,0.0,0.00013087,0.89972492,16705.42130728,5.47006866,0.00928377,0.0015154,0.05020572,0.0116103,0.00298215,0.04955284,3.04106177,0.0,0.0,0.0,0.0,0.0,0.0,0.0,0.0,2.931e-05,0.00036094,0.00036094,5.644e-05,4.56e-05,5.062e-05,0.00021199,1.218e-05,5.39e-06,3.364e-05,0.90028041
"Electricity grid mix 1kV-60kV, consumption mix, at consumer, AC, 1kV - 60kV",Product-as-a-Service,Energy carriers and technologies > Electricity,1e-08,0.0,0.0066823,0.00154058,0.00074453,0.00059259,0.00094169,0.00159773,0.00131461,0.00195797,0.00215375,0.00102977,1.21413646,1.39600927,0.0,0.07322536,0.05796564,0.05792899,0.05804005,0.0,0.00041062,1.18957718,4248.71321998,76.09104083,0.01228768,0.00213318,0.06838229,0.01268094,0.00309709,0.05880392,27.85703588,0.0,0.0,0.0,0.0,0.0,0.0,0.0,0.0,2.893e-05,0.00036084,0.00036084,5.747e-05,4.683e-05,4.944e-05,0.00090315,8.982e-05,2.063e-05,0.00031856,1.19038304
"Process steam from natural gas, consumption mix, at plant, heat plant, MJ",Product-as-a-Service,Energy carriers and technologies > Heat and steam,0.0,0.0,0.00016398,0.00019837,2.807e-05,2.501e-05,3.077e-05,5.897e-05,5.124e-05,6.526e-05,7.287e-05,3.397e-05,0.07983503,0.09675954,0.0,0.00082047,0.00071025,0.00070994,0.00071093,0.0,0.0,0.07750828,539.40827047,0.1328503,0.00013094,2.11e-05,0.00074167,0.00015689,3.726e-05,0.00072563,0.08734448,0.0,0.0,0.0,0.0,0.0,0.0,0.0,0.0,7.58e-06,1.641e-05,1.641e-05,1.589e-05,1.273e-05,1.297e-05,1.87e-06,8.3e-07,6.7e-07,1.25e-06,0.07758313
"Process steam from Light fuel oil 90 %, consumption mix, at power plant, heat plant, MJ, 90 % efficiency",Product-as-a-Service,Energy carriers and technologies > Heat and steam,0.0,0.0,0.00011172,7.767e-05,0.00012205,0.00011502,0.00012227,0.00026538,0.00024634,0.00026583,0.00026735,0.00012382,0.10282604,0.11097566,0.0,0.0012802,0.00045628,0.00045577,0.0004575,0.0,9.29e-06,0.10173635,999.8259175,0.30284228,0.00052944,7.863e-05,0.00288258,0.00067461,0.0001594,0.00292543,0.19769738,0.0,0.0,0.0,0.0,0.0,0.0,0.0,0.0,5.82e-06,1.406e-05,1.406e-05,1.267e-05,1.001e-05,1.207e-05,3.82e-06,6.8e-07,4.2e-07,1.6e-06,0.10178155
"Process steam from Heavy fuel oil 90 %, consumption mix, at power plant, heat plant, MJ, 90 % efficiency",Product-as-a-Service,Energy carriers and technologies > Heat and steam,0.0,0.0,0.00082297,0.00025633,7.741e-05,5.857e-05,0.00010061,0.00014087,0.00011213,0.00017122,0.0001828,0.00010691,0.10663707,0.11233702,0.0,0.01943267,0.01834761,0.01834548,0.01835136,0.0,1.369e-05,0.10590328,1460.39493245,4.9533908,0.0010775,0.00018952,0.00608403,0.00088606,0.00022252,0.00417521,1.81965094,0.0,0.0,0.0,0.0,0.0,0.0,0.0,0.0,5.71e-06,4.615e-05,4.615e-05,1.055e-05,8.59e-06,9.15e-06,9.369e-05,4.98e-06,1.76e-06,1.349e-05,0.10597109
"Electricity Mix, consumption mix, at consumer, AC, 220V",Product-as-a-Service,Energy carriers and technologies > Electricity,0.0,0.0,0.03732874,0.00453295,0.00079422,0.00059202,0.00096892,0.00133823,0.00101588,0.0016307,0.00188831,0.00107816,1.61088938,1.70119908,0.0,0.15193958,0.01957408,0.01950369,0.01968064,0.0,0.0,1.59928588,1377.49708129,1543.85288787,0.01583751,0.00277957,0.08789085,0.01535319,0.0037422,0.06963115,510.59730617,1e-08,1e-08,1e-08,1e-08,1e-08,1e-08,1e-08,1e-08,3.912e-05,0.00183089,0.00183089,5.584e-05,5.183e-05,5.106e-05,0.00262592,0.00031444,7.097e-05,0.00115878,1.60019192
"Polypropylene granulate (PP), production mix, at plant",Raw Materials,Materials production > Plastics,0.0,0.0,0.00613266,0.00394417,0.00050106,0.00049832,0.00050129,0.00023623,0.00022887,0.00023683,0.00023791,0.00058194,2.03089736,2.66390989,0.0,0.04915858,0.00497654,0.00497641,0.00497706,0.0,0.0,1.94825832,12.86827564,60.81362239,0.00020341,3.188e-05,0.00112774,0.00021444,4.561e-05,0.00093568,20.0268953,8e-08,0.0,0.0,0.0,0.0,0.0,0.0,0.0,0.00015168,0.00103943,0.00103943,0.00034075,0.00026715,0.00032926,6.03e-05,5.71e-06,1.21e-06,2.215e-05,1.9604604
"Process steam from light fuel oil, consumption mix, at plant, heat plant, MJ",Product-as-a-Service,Energy carriers and technologies > Heat and steam,0.0,0.0,0.0002769,0.00021849,4.529e-05,4.187e-05,4.75e-05,9.432e-05,8.553e-05,9.946e-05,0.00010881,5.204e-05,0.09346183,0.09830491,0.0,0.00275304,0.0006045,0.00060371,0.00060707,0.0,0.0,0.09285128,949.80027447,1.24351651,0.00211789,0.00044546,0.01064886,0.00267967,0.00094216,0.01029233,0.76371596,0.0,0.0,0.0,0.0,0.0,0.0,0.0,0.0,4.71e-06,1.862e-05,1.862e-05,9.38e-06,7.53e-06,8.61e-06,4.53e-06,9.1e-07,5.7e-07,2.06e-06,0.09293605
"Process steam from natural gas, consumption mix, at plant, heat plant, MJ",Product-as-a-Service,Energy carriers and technologies > Heat and steam,0.0,0.0,7.715e-05,6.358e-05,3.689e-05,3.224e-05,4.063e-05,8.694e-05,7.515e-05,9.561e-05,0.00010389,4.417e-05,0.07780676,0.0934562,0.0,0.00050171,0.00035744,0.00035694,0.0003585,0.0,0.0,0.07565334,431.13746813,0.16197349,0.0002012,3.136e-05,0.00114142,0.00024084,5.604e-05,0.00111622,0.12060336,0.0,0.0,0.0,0.0,0.0,0.0,0.0,0.0,5.89e-06,1.092e-05,1.092e-05,1.282e-05,1.02e-05,1.019e-05,1.79e-06,6e-07,3.9e-07,1.14e-06,0.07568684
"Electricity grid mix 1kV-60kV, consumption mix, at consumer, AC, 1kV - 60kV",Product-as-a-Service,Energy carriers and technologies > Electricity,1.1e-07,5e-08,0.000198,0.00013633,0.0007658,0.00073698,0.00076861,0.00169939,0.0016239,0.00170451,0.00171882,0.00077748,0.05261515,0.05605647,0.0,0.00632475,0.00083469,0.00083092,0.00084497,0.0,4.026e-05,0.05239239,2999.61730877,44.21611477,0.00310108,0.00048351,0.01633611,0.00334918,0.00084307,0.01476856,15.13892423,0.0,0.0,0.0,0.0,0.0,0.0,0.0,0.0,6.4e-06,2.176e-05,2.176e-05,9.76e-06,8.87e-06,1.016e-05,5.849e-05,6.95e-06,1.81e-06,2.53e-05,0.05276091
"Process steam from light fuel oil, consumption mix, at plant, heat plant, MJ",Product-as-a-Service,Energy carriers and technologies > Heat and steam,0.0,0.0,0.00026083,0.00019055,6.51e-05,5.968e-05,7.052e-05,0.00014,0.00012607,0.00015325,0.00018716,8.464e-05,0.09943139,0.10908605,0.0,0.00268498,0.00135764,0.00135691,0.00135962,0.0,0.0,0.09819642,1133.94351081,0.97485847,0.00151918,0.00026837,0.0080224,0.00191215,0.00052372,0.00817546,0.54938922,0.0,0.0,0.0,0.0,0.0,0.0,0.0,0.0,7.73e-06,2.294e-05,2.294e-05,1.682e-05,1.328e-05,1.614e-05,1e-05,1.42e-06,6.6e-07,4.13e-06,0.09830604
"Process steam from natural gas 90%, consumption mix, at power plant, heat plant, MJ, 90 % efficiency",Product-as-a-Service,Energy carriers and technologies > Heat and steam,0.0,0.0,8.368e-05,8.575e-05,2.436e-05,2.197e-05,2.474e-05,5.654e-05,5.058e-05,5.72e-05,5.809e-05,2.527e-05,0.08494781,0.09832339,0.0,0.00049689,0.00035971,0.00035946,0.0003603,0.0,2.101e-05,0.08312122,281.95444502,0.30585607,0.0001237,1.776e-05,0.00068521,0.00015712,3.491e-05,0.00068644,0.11271062,0.0,0.0,0.0,0.0,0.0,0.0,0.0,0.0,5.79e-06,1.169e-05,1.169e-05,1.279e-05,1.017e-05,1.038e-05,2.75e-06,5.2e-07,3.1e-07,1.2e-06,0.0831996
"Steel hot rolled coil, production mix, at plant, blast furnace route, thickness 2 to 7 mm, width 600 to 2100 mm",Raw Materials,Materials production > Metals and semimetals,0.0,0.0,0.00207727,0.00163159,0.00076545,0.00069442,0.00082352,0.00198575,0.00179325,0.00213483,0.00252872,0.00097948,0.93169482,0.96934485,0.0,0.04513463,0.04322733,0.04304185,0.04331719,0.0,0.0,0.94081302,34717.0,1.30364713,0.02506844,0.00745144,0.11753274,0.04070592,0.01746663,0.13446148,1.32197595,0.0,0.0,0.0,0.0,0.0,0.0,0.0,0.0,0.0002098,0.00044282,0.00044282,0.00048499,0.00038009,0.0005224,0.00253525,0.00027423,5.797e-05,0.00106789,0.96668616
"Electricity Mix, consumption mix, at consumer, AC, 1kV - 60kV",Product-as-a-Service,Energy carriers and technologies > Electricity,0.0,0.0,0.00092844,0.00087083,0.00043806,0.00039596,0.00046183,0.00096575,0.00087575,0.0010092,0.00104806,0.00048003,0.7153241,0.76022828,0.0,0.00992865,0.00334737,0.00333768,0.00336386,0.0,0.0,0.70959424,1497.07426973,26.93446647,0.00361598,0.00062036,0.01953143,0.00408922,0.00108955,0.01775415,9.54885488,4e-08,2e-08,2e-08,2e-08,2e-08,2e-08,2e-08,2e-08,1.361e-05,6.187e-05,6.187e-05,2.299e-05,1.958e-05,1.898e-05,0.00011652,1.649e-05,5.11e-06,5.315e-05,0.70992597
"Copper wire, consumption mix, at plant, technology mix, cross section 1 mmy",Raw Materials,Materials production > Metals and semimetals,0.0,0.0,3.59623299,2.74485086,1.15890567,1.09069675,1.20852973,2.534779,2.380377,2.63544679,2.82997114,1.29702484,796.86085612,879.83187514,0.0,48.59425726,16.57501709,16.53856236,16.60494617,1.22e-06,0.0,785.9704665,61167671.7725697,335551.80127427,8.71766187,1.95018543,43.50578797,10.46400412,3.79862981,40.75313258,112177.96002894,0.00010084,5.824e-05,5.84e-05,5.833e-05,5.855e-05,5.878e-05,5.893e-05,5.808e-05,0.03025555,0.24417261,0.24417261,0.06333934,0.05081284,0.05942287,0.45705929,0.05422918,0.01269932,0.19982233,787.54619826
"Lead sheet mix, production mix, at producer, technology mix, secondary",Raw Materials,Materials production > Metals and semimetals,0.00017741,0.00011962,0.00410539,0.00227997,0.14035141,0.12073987,0.14046078,0.35850551,0.30622806,0.35876211,0.36094508,0.1407655,0.97719287,1.06105239,0.0,0.32187769,0.18569456,0.1691134,0.20275701,1e-08,0.0,0.9673883,75207.25536457,43.44094956,0.34532928,0.03473867,2.51400246,0.65575067,0.09432181,2.96962338,27.6061361,1e-08,0.0,0.0,0.0,0.0,0.0,0.0,0.0,4.537e-05,0.0002905,0.0002905,9.996e-05,7.933e-05,9.426e-05,0.00813544,0.00079924,0.00016986,0.00310325,0.96967857
"Electricity Mix, consumption mix, at consumer, AC, 1kV - 60kV",Product-as-a-Service,Energy carriers and technologies > Electricity,0.0,0.0,0.00713571,0.0022585,0.00070599,0.00051822,0.00117981,0.00147194,0.00107786,0.0025568,0.00558455,0.00237707,0.97377683,1.01788138,0.0,0.12649225,0.10349989,0.10348311,0.1035425,0.0,0.0,0.96889638,8634.40222659,57.37641645,0.06479874,0.01264064,0.3344074,0.07517995,0.02217877,0.3279544,29.38921983,0.0,0.0,0.0,0.0,0.0,0.0,0.0,0.0,4.121e-05,0.00038719,0.00038719,8.161e-05,6.556e-05,7.423e-05,0.00041439,4.281e-05,1.28e-05,0.00014345,0.96945682
"Electricity grid mix 1kV-60kV, consumption mix, at consumer, AC, 1kV - 60kV",Product-as-a-Service,Energy carriers and technologies > Electricity,1e-08,0.0,0.00509881,0.00212655,0.00076554,0.00069625,0.00081216,0.00163152,0.00150329,0.00170704,0.00176325,0.00083905,0.78512123,0.84427885,0.0,0.02744476,0.01503137,0.01501026,0.01506934,0.0,5.428e-05,0.77798779,9249.94941592,37.7529633,0.00581998,0.00097098,0.0318359,0.00607562,0.0014846,0.02732011,13.55442612,0.0,0.0,0.0,0.0,0.0,0.0,0.0,0.0,3.311e-05,0.00030443,0.00030443,5.072e-05,4.601e-05,5.117e-05,0.00053211,6.038e-05,1.466e-05,0.00021656,0.77960293
"Polyvinylchloride resin (S-PVC), production mix, at plant, suspension polymerisation",Raw Materials,Materials production > Plastics,0.0,0.0,0.01115339,0.00578891,0.00606577,0.00559106,0.00612742,0.01556692,0.01428309,0.01572612,0.01610923,0.00634116,2.8364285,4.0799902,0.0,0.61918107,0.58652273,0.58358098,0.58658087,0.0,0.0,2.66473382,26.76734622,149.8172513,0.11634787,0.07904181,0.25292366,0.27740781,0.21501348,0.4131487,52.10407277,4e-08,0.0,0.0,0.0,0.0,0.0,0.0,0.0,0.00022448,0.00099694,0.00099694,0.00046575,0.00036726,0.00028222,0.00899805,0.00100726,0.00021523,0.00389982,2.66996337
"Process steam from Heavy fuel oil 90 %, consumption mix, at power plant, heat plant, MJ, 90 % efficiency",Product-as-a-Service,Energy carriers and technologies > Heat and steam,0.0,0.0,0.00029725,0.00012435,6.585e-05,6.097e-05,6.732e-05,0.00014169,0.00012982,0.00014379,0.00014636,6.892e-05,0.10831079,0.11264283,0.0,0.00445792,0.00354571,0.0035446,0.00354939,0.0,1.622e-05,0.10776944,1121.31388349,0.87418501,0.00220176,0.00036186,0.01179739,0.00289649,0.00075979,0.01218263,0.55200124,0.0,0.0,0.0,0.0,0.0,0.0,0.0,0.0,3.91e-06,1.871e-05,1.871e-05,7.34e-06,5.95e-06,6.4e-06,2.028e-05,1.25e-06,6.7e-07,3.29e-06,0.10780726
"Copper sheet; technology mix; market mix, at plant; 0,6 mm thickness, Technology and Market Mix for Sheet fabrication representing main European production countries, Market Mix for Copper cathode in Europe (primary and secondary Cu cathode production...",Manufacturing,Materials production > Metals and semimetals,0.02046206,0.00996474,3.82937972,1.96784769,3.95685929,3.64465761,4.31588974,7.99384804,7.26209114,8.81674147,22.84194404,9.80054411,863.35185039,971.5400934,0.0,184.86480345,92.05943098,91.85498954,92.98297827,1.56e-06,0.0,850.30351798,32151205.178228,283479.00947163,27.77535495,4.58107263,152.25741707,30.04176009,7.15465234,135.63934076,99265.48976307,6.588e-05,3.318e-05,3.202e-05,3.159e-05,3.13e-05,3.11e-05,3.083e-05,3.773e-05,0.05019713,0.25311358,0.25311358,0.10694331,0.08569921,0.10123853,140.71670779,1.47332786,0.29837889,7.12492758,852.99892253
"Process steam from Light fuel oil 90 %, consumption mix, at power plant, heat plant, MJ, 90 % efficiency",Product-as-a-Service,Energy carriers and technologies > Heat and steam,0.0,0.0,0.00015292,0.0001299,9.174e-05,8.634e-05,9.201e-05,0.00019315,0.00017865,0.00019368,0.00019507,9.336e-05,0.10661557,0.11488365,0.0,0.0013432,0.00055577,0.00055536,0.00055679,0.0,1.385e-05,0.10553519,1744.12954954,0.32414399,0.00042085,6.365e-05,0.00228811,0.00053917,0.00012835,0.00232997,0.17617728,0.0,0.0,0.0,0.0,0.0,0.0,0.0,0.0,7.53e-06,1.677e-05,1.677e-05,1.457e-05,1.175e-05,1.295e-05,4.7e-06,1.26e-06,9.7e-07,2.28e-06,0.10558234
"Lead primary and secondary mix , production mix, at producer, technology mix, primary 46% /  secondary 54%",Raw Materials,Materials production > Metals and semimetals,0.00016634,0.00011216,0.00616991,0.00476367,0.00250302,0.00222553,0.00284557,0.00572455,0.00505963,0.00652187,0.00806347,0.00347323,1.31810348,1.42194478,0.0,0.16559009,0.13398563,0.13375596,0.13475435,1e-08,0.0,1.30697945,117488.9649154,56.15005645,0.04244119,0.00687302,0.24034653,0.05709002,0.01301624,0.25090113,22.30111252,1e-08,0.0,0.0,0.0,0.0,0.0,0.0,0.0,5.501e-05,0.00040238,0.00040238,0.00012001,9.561e-05,0.00011614,0.02361562,0.00258592,0.00054733,0.01002056,1.31019639
"Process steam from natural gas 90%, consumption mix, at power plant, heat plant, MJ, 90 % efficiency",Product-as-a-Service,Energy carriers and technologies > Heat and steam,0.0,0.0,6.811e-05,5.684e-05,2.414e-05,2.189e-05,2.471e-05,5.399e-05,4.83e-05,5.506e-05,5.609e-05,2.545e-05,0.07727914,0.0876504,0.0,0.00067354,0.00050548,0.0005053,0.00050599,0.0,2.004e-05,0.07585636,1465.98402735,0.18935435,0.00011001,1.603e-05,0.00061162,0.00013796,3.039e-05,0.00060931,0.07563495,0.0,0.0,0.0,0.0,0.0,0.0,0.0,0.0,5.55e-06,1.126e-05,1.126e-05,1.205e-05,9.57e-06,1.017e-05,2.82e-06,5.8e-07,4e-07,1.16e-06,0.07590053
"Copper sheet, consumption mix, at plant, technology mix, 0,6 mm thickness",Raw Materials,Materials production > Metals and semimetals,0.0,0.0,3.90104593,3.14172816,0.97347911,0.90926078,1.04044557,1.98311759,1.85053069,2.12109284,2.40642752,1.16598781,985.38969881,1088.1575677,0.0,43.05601034,19.01611798,18.9807081,19.04832093,3.11e-06,0.0,972.89458972,100212330.95843144,186839.78524812,9.22293445,2.02052069,46.34891858,10.73796327,3.76910722,43.15194124,63134.10865094,0.00279076,0.00010296,0.00010302,0.00010287,0.00010307,0.00010328,0.00010334,0.0001029,0.04282328,0.29010807,0.29010807,0.08906911,0.07196606,0.08010664,0.50739386,0.06088188,0.01478883,0.22190095,974.87338313
"Waste incineration of plastics (Nylon 6, Nylon 66, PAN), at plant, average European waste-to-energy plant, without collection, transport and pre-treatment",Transport & Packaging,End-of-life treatment > Energy recycling,3e-08,1e-08,5.96934035,10.13006171,0.06624531,0.05972716,0.07079735,0.15127825,0.13593721,0.16102439,0.17191448,0.07625208,2384.02094389,2396.5582446,-0.0,13.02066408,10.78631272,10.78219888,10.78858208,1.2e-07,-0.0,2383.07797545,872590.44285461,5095.23892621,0.65568908,0.17964075,3.10976807,0.91093156,0.40593926,3.07217974,1801.51539949,5.01e-06,2.19e-06,2.18e-06,2.18e-06,2.17e-06,2.17e-06,2.16e-06,2.2e-06,0.00854426,0.25082628,0.25082628,0.01907341,0.01508008,0.01823766,0.0159516,0.00212897,0.0006365,0.00707132,2383.65017125
"Electricity Mix, consumption mix, at consumer, AC, 220V",Product-as-a-Service,Energy carriers and technologies > Electricity,0.0,0.0,0.01342774,0.00159055,0.00100231,0.0008858,0.00108284,0.00202962,0.00183893,0.00215541,0.00226006,0.00112971,0.61920228,0.69998755,0.0,0.04308526,0.0061649,0.00612348,0.00622929,0.0,0.0,0.60805089,616.67602723,279.60429061,0.00902804,0.00153135,0.04954688,0.00886477,0.00220247,0.03996506,93.69338437,1.6e-07,8e-08,8e-08,8e-08,7e-08,7e-08,7e-08,8e-08,2.132e-05,0.0006738,0.0006738,3.042e-05,2.831e-05,2.857e-05,0.0013391,0.00016067,3.6e-05,0.00059153,0.60892003
"Electricity Mix, consumption mix, at consumer, AC, 220V",Product-as-a-Service,Energy carriers and technologies > Electricity,0.0,0.0,0.0151706,0.00364306,0.00076795,0.00052205,0.0009712,0.00098818,0.00066427,0.00128686,0.00144131,0.00104012,1.19688573,1.28959974,0.0,0.2193488,0.01805434,0.01795231,0.01819876,0.0,0.0,1.1847971,517.76732238,2379.01287121,0.01580197,0.00283265,0.08759939,0.0125022,0.00316535,0.05769069,785.82102441,0.0,0.0,0.0,0.0,0.0,0.0,0.0,0.0,3.248e-05,0.00074842,0.00074842,4.152e-05,4.061e-05,4.01e-05,0.00199065,0.00025146,5.786e-05,0.00089103,1.18553889
"Process steam from light fuel oil, consumption mix, at plant, heat plant, MJ",Product-as-a-Service,Energy carriers and technologies > Heat and steam,0.0,0.0,0.00020946,0.00019923,4.611e-05,4.261e-05,4.832e-05,9.681e-05,8.781e-05,0.00010195,0.00011131,5.286e-05,0.09381227,0.09862784,0.0,0.00272637,0.00057489,0.0005741,0.00057748,0.0,0.0,0.09325005,907.96681978,1.2464612,0.00212155,0.00044591,0.01066921,0.00268419,0.0009431,0.01031256,0.7652699,0.0,0.0,0.0,0.0,0.0,0.0,0.0,0.0,4.73e-06,1.561e-05,1.561e-05,9.54e-06,7.64e-06,8.85e-06,4.52e-06,8.8e-07,5.4e-07,2.03e-06,0.09334819
"Barge, technology mix, 1.228 t pay load capacity",Raw Materials,Transport services > Water,0.0,0.0,0.0,0.0,0.0,0.0,0.0,0.0,0.0,0.0,0.0,0.0,0.0,0.0,0.0,0.0,0.0,0.0,0.0,0.0,0.0,0.0,0.0,0.0,0.0,0.0,0.0,0.0,0.0,0.0,0.0,0.0,0.0,0.0,0.0,0.0,0.0,0.0,0.0,0.0,0.0,0.0,0.0,0.0,0.0,0.0,0.0,0.0,0.0,0.0
"Process steam from light fuel oil, consumption mix, at plant, heat plant, MJ",Product-as-a-Service,Energy carriers and technologies > Heat and steam,0.0,0.0,0.00013026,9.695e-05,6.556e-05,6.053e-05,6.826e-05,0.00014332,0.00013025,0.00014956,0.00015908,7.59e-05,0.0939457,0.09930259,0.0,0.01205798,0.000406,0.00040523,0.00040812,0.0,0.0,0.09325446,1042.9245899,0.94785114,0.00146944,0.00033501,0.00723015,0.0019224,0.00074472,0.007032,0.57221419,0.0,0.0,0.0,0.0,0.0,0.0,0.0,0.0,4.53e-06,1.118e-05,1.118e-05,8.95e-06,7.19e-06,8.06e-06,3.47e-06,8.5e-07,5.7e-07,1.72e-06,0.09328866
"Process steam from Heavy fuel oil 90 %, consumption mix, at power plant, heat plant, MJ, 90 % efficiency",Product-as-a-Service,Energy carriers and technologies > Heat and steam,0.0,0.0,0.00074606,0.00013864,6.488e-05,4.574e-05,8.834e-05,0.00012239,9.333e-05,0.00015288,0.00016473,9.469e-05,0.10720413,0.1100096,0.0,0.01964275,0.01856845,0.01856636,0.01857216,0.0,2.918e-05,0.107022,999.8979203,5.10298322,0.00098686,0.00017375,0.00561025,0.0007635,0.00018855,0.0036613,1.84382751,0.0,0.0,0.0,0.0,0.0,0.0,0.0,0.0,5.18e-06,4.355e-05,4.355e-05,1.003e-05,8.11e-06,9.53e-06,9.531e-05,4.77e-06,1.52e-06,1.339e-05,0.10737888
"Waste water treatment, at waste water treatment plant, domestic waste water according to the Directive 91/271/EEC concerning urban waste water treatment",End-of-Life,End-of-life treatment > Waste water treatment,0.0,0.0,6.809e-05,6.902e-05,4.55e-06,3.94e-06,5.58e-06,1.057e-05,9.03e-06,1.309e-05,1.977e-05,8.28e-06,0.02859773,0.02989599,-0.0,0.00126888,0.00016045,0.00013136,0.00028298,0.0,-0.0,0.02845461,89.27355403,0.24287498,9.434e-05,1.868e-05,0.0004947,0.00011343,3.412e-05,0.00049101,0.12328145,0.0,0.0,0.0,0.0,0.0,0.0,0.0,0.0,3.1e-07,3.45e-06,3.45e-06,6.6e-07,5.2e-07,5.5e-07,3.48e-06,3.8e-07,1e-07,1.42e-06,0.02845954
"Plane, technology mix, cargo, 68 t payload",Raw Materials,Transport services > Air,0.0,0.0,0.0,0.0,0.0,0.0,0.0,0.0,0.0,0.0,0.0,0.0,0.0,0.0,0.0,0.0,0.0,0.0,0.0,0.0,0.0,0.0,0.0,0.0,0.0,0.0,0.0,0.0,0.0,0.0,0.0,0.0,0.0,0.0,0.0,0.0,0.0,0.0,0.0,0.0,0.0,0.0,0.0,0.0,0.0,0.0,0.0,0.0,0.0,0.0
"Process steam from heavy fuel oil, consumption mix, at plant, heat plant, MJ",Product-as-a-Service,Energy carriers and technologies > Heat and steam,0.0,0.0,0.00171654,0.00045808,0.00014408,0.00010366,0.00024596,0.00030943,0.00022398,0.00054359,0.00119542,0.00050293,0.09803937,0.10309382,0.0,0.02431406,0.02209028,0.02208791,0.0220944,0.0,0.0,0.09738806,1283.13861579,7.30822227,0.01021955,0.00191642,0.05340384,0.01143926,0.00305088,0.05274717,4.08535002,0.0,0.0,0.0,0.0,0.0,0.0,0.0,0.0,4.84e-06,8.604e-05,8.604e-05,8.88e-06,7.24e-06,7.66e-06,8.401e-05,8.57e-06,2.42e-06,2.917e-05,0.09743779
"Process steam from light fuel oil, consumption mix, at plant, heat plant, MJ",Product-as-a-Service,Energy carriers and technologies > Heat and steam,0.0,0.0,0.00020949,0.00019925,4.611e-05,4.261e-05,4.832e-05,9.681e-05,8.781e-05,0.00010195,0.00011131,5.286e-05,0.09350463,0.09834995,0.0,0.00272639,0.00057491,0.00057412,0.0005775,0.0,0.0,0.09290053,907.96670136,1.24646052,0.00212155,0.00044591,0.0106692,0.00268419,0.0009431,0.01031255,0.76526956,0.0,0.0,0.0,0.0,0.0,0.0,0.0,0.0,4.73e-06,1.561e-05,1.561e-05,9.55e-06,7.65e-06,8.85e-06,4.52e-06,8.8e-07,5.4e-07,2.03e-06,0.09299866
"Process steam from light fuel oil, consumption mix, at plant, heat plant, MJ",Product-as-a-Service,Energy carriers and technologies > Heat and steam,0.0,0.0,0.00042683,0.00047268,5.028e-05,4.611e-05,5.507e-05,0.00010528,9.47e-05,0.00011698,0.00014863,6.824e-05,0.10020162,0.11193,0.0,0.00307207,0.00161938,0.00161857,0.00162183,0.0,0.0,0.09864276,1202.35472241,2.03675733,0.00206162,0.00037856,0.01076381,0.00260921,0.00075908,0.0108674,0.97116403,0.0,0.0,0.0,0.0,0.0,0.0,0.0,0.0,9.21e-06,3.165e-05,3.165e-05,2.042e-05,1.608e-05,1.977e-05,9.85e-06,1.38e-06,6.5e-07,4e-06,0.09875438
"Electricity Mix, consumption mix, at consumer, AC, 230V",Product-as-a-Service,Energy carriers and technologies > Electricity,1e-08,1e-08,2.168e-05,2.532e-05,5.18e-06,3.24e-06,1.198e-05,1.229e-05,7.49e-06,2.952e-05,8.327e-05,3.317e-05,0.03109512,0.03183096,0.0,0.00045426,0.00018599,0.00018476,0.00018916,0.0,0.0,0.03100788,72.07772326,0.33810158,8.297e-05,2.396e-05,0.00044834,0.00012167,5.453e-05,0.00046513,0.13319891,0.0,0.0,0.0,0.0,0.0,0.0,0.0,0.0,2.9e-07,1.5e-06,1.5e-06,5.9e-07,4.8e-07,5.8e-07,8.53e-06,7.6e-07,1.7e-07,2.99e-06,0.03102666
"Diesel mix at refinery, production mix, at refinery, from crude oil and bio components, fuel supply, 10 ppm sulphur, 5.75 wt.% bio components",Product-as-a-Service,Energy carriers and technologies > Crude oil based fuels,0.0,0.0,0.00336872,0.00279084,0.00234548,0.00203259,0.00302807,0.00544019,0.00463222,0.00716231,0.01067581,0.00444209,0.48400947,0.67843919,0.0,0.06168854,0.01293039,0.01242615,0.01494129,0.0,0.16733997,0.45934719,17242.83922185,24.04442291,0.07755834,0.01264123,0.42265178,0.10332646,0.02689997,0.44183197,17.24175735,1e-08,0.0,0.0,0.0,0.0,0.0,0.0,0.0,0.00011956,0.0003482,0.0003482,0.00028485,0.00022292,0.00028169,0.00341817,0.00038688,8.201e-05,0.00149858,0.46037051
"Process steam from light fuel oil, consumption mix, at plant, heat plant, MJ",Product-as-a-Service,Energy carriers and technologies > Heat and steam,0.0,0.0,0.00027727,0.00029343,4.571e-05,4.224e-05,4.791e-05,9.582e-05,8.692e-05,0.00010096,0.00011031,5.246e-05,0.09345065,0.09831698,0.0,0.00282148,0.00067087,0.00067008,0.00067346,0.0,0.0,0.09284321,907.39173885,1.24503175,0.00212002,0.00044571,0.01066037,0.00268211,0.00094268,0.01030341,0.76460594,0.0,0.0,0.0,0.0,0.0,0.0,0.0,0.0,4.73e-06,1.844e-05,1.844e-05,9.55e-06,7.64e-06,8.85e-06,4.51e-06,8.8e-07,5.4e-07,2.03e-06,0.09294133
"Process steam from natural gas 90%, consumption mix, at power plant, heat plant, MJ, 90 % efficiency",Product-as-a-Service,Energy carriers and technologies > Heat and steam,0.0,0.0,0.00010899,0.00010848,4.103e-05,3.716e-05,4.156e-05,9.72e-05,8.72e-05,9.821e-05,9.953e-05,4.236e-05,0.07216489,0.07621209,0.0,0.00064292,0.00050888,0.00050863,0.00050962,0.0,2.929e-05,0.07166215,228.29884381,0.18556331,0.00016695,2.28e-05,0.0009316,0.00021403,4.534e-05,0.00094404,0.07903157,0.0,0.0,0.0,0.0,0.0,0.0,0.0,0.0,2.84e-06,8.86e-06,8.86e-06,5.58e-06,4.53e-06,4.75e-06,2.85e-06,5.7e-07,3.8e-07,1.18e-06,0.07177487
"Process steam from Heavy fuel oil 90 %, consumption mix, at power plant, heat plant, MJ, 90 % efficiency",Product-as-a-Service,Energy carriers and technologies > Heat and steam,0.0,0.0,0.00078457,0.00022051,6.613e-05,4.725e-05,8.916e-05,0.00012488,9.617e-05,0.00015478,0.00016636,9.539e-05,0.10731245,0.11077889,0.0,0.01943064,0.01834139,0.01833927,0.01834523,0.0,2.691e-05,0.10689431,984.95658514,5.15346319,0.0011147,0.00019478,0.00628629,0.00094225,0.00023646,0.0044005,1.87558795,0.0,0.0,0.0,0.0,0.0,0.0,0.0,0.0,3.39e-06,4.18e-05,4.18e-05,5.95e-06,4.91e-06,5.01e-06,9.382e-05,4.71e-06,1.5e-06,1.321e-05,0.10696585
"Process steam from Light fuel oil 90 %, consumption mix, at power plant, heat plant, MJ, 90 % efficiency",Product-as-a-Service,Energy carriers and technologies > Heat and steam,0.0,0.0,0.00023432,0.00021737,4.5e-05,4.133e-05,4.544e-05,0.00010063,9.112e-05,0.00010149,0.00010303,4.664e-05,0.10699848,0.11063022,0.0,0.00137606,0.00059053,0.00059018,0.00059154,0.0,2.9e-05,0.10655642,1006.85312795,0.56050242,0.00033958,5.209e-05,0.00184743,0.00044149,0.00010632,0.00189499,0.22182705,0.0,0.0,0.0,0.0,0.0,0.0,0.0,0.0,3.46e-06,1.544e-05,1.544e-05,6.13e-06,5.04e-06,5.18e-06,5.65e-06,1.03e-06,6.3e-07,2.42e-06,0.10662735
"Electricity Mix, consumption mix, at consumer, AC, 125-220V",Product-as-a-Service,Energy carriers and technologies > Electricity,0.0,0.0,0.00377093,0.00146811,0.00066486,0.00055641,0.00082833,0.00133964,0.0011301,0.0016866,0.0025188,0.00116065,0.71808732,0.79772979,0.0,0.06098153,0.03185985,0.03183786,0.031898,0.0,0.0,0.70760567,210728.43251216,254.87591239,0.01913621,0.00351379,0.10102815,0.02147223,0.00581858,0.09615583,87.02576193,4e-08,2e-08,2e-08,2e-08,2e-08,2e-08,2e-08,2e-08,4.16e-05,0.00022057,0.00022057,8.271e-05,6.698e-05,7.168e-05,0.00028108,3.745e-05,1.167e-05,0.00011843,0.70825125
"Process steam from natural gas 90%, consumption mix, at power plant, heat plant, MJ, 90 % efficiency",Product-as-a-Service,Energy carriers and technologies > Heat and steam,0.0,0.0,6.396e-05,7.575e-05,2.673e-05,2.423e-05,2.686e-05,6.506e-05,5.844e-05,6.537e-05,6.616e-05,2.738e-05,0.08289811,0.09923072,0.0,0.00029547,0.00020373,0.0002036,0.0002042,0.0,2.281e-05,0.08065685,246.89960758,0.11863074,0.00011477,1.536e-05,0.00063909,0.00015311,3.27e-05,0.00066786,0.0489551,0.0,0.0,0.0,0.0,0.0,0.0,0.0,0.0,6.41e-06,1.178e-05,1.178e-05,1.472e-05,1.159e-05,1.221e-05,1.23e-06,2.5e-07,1.6e-07,5.5e-07,0.08070649
"Diesel, consumption mix, at refinery, from crude oil, 200 ppm sulphur",Product-as-a-Service,Energy carriers and technologies > Crude oil based fuels,0.0,0.0,0.00239135,0.0010679,0.00158147,0.0014503,0.00166651,0.00353582,0.00319886,0.00373366,0.00409364,0.00183645,0.40631177,0.58606686,0.0,0.08040171,0.01307115,0.01304108,0.01316934,0.0,0.0,0.38172857,12348.66840675,47.8642023,0.08177907,0.01717937,0.41127201,0.10347486,0.03637324,0.39747473,29.44958658,1e-08,0.0,0.0,0.0,0.0,0.0,0.0,0.0,0.00011196,0.00029754,0.00029754,0.00026885,0.00020906,0.00026903,0.00015502,1.698e-05,3.9e-06,6.084e-05,0.382576
"Process steam from Heavy fuel oil 90 %, consumption mix, at power plant, heat plant, MJ, 90 % efficiency",Product-as-a-Service,Energy carriers and technologies > Heat and steam,0.0,0.0,0.00016544,0.00011007,2.241e-05,1.923e-05,2.576e-05,4.055e-05,3.515e-05,4.503e-05,4.773e-05,2.735e-05,0.10375744,0.10447085,0.0,0.00586424,0.00456861,0.0045665,0.00457619,0.0,5.02e-06,0.10382269,717.28893682,1.3032762,0.00532843,0.00088707,0.02848299,0.0070428,0.00187363,0.02949427,1.03941619,0.0,0.0,0.0,0.0,0.0,0.0,0.0,0.0,1.98e-06,9.94e-06,9.94e-06,2.69e-06,2.34e-06,1.81e-06,2.545e-05,1.49e-06,7.3e-07,3.95e-06,0.10385271
"Electricity grid mix, consumption mix, at consumer, AC, 230V",Product-as-a-Service,Energy carriers and technologies > Electricity,1.1e-07,6e-08,0.00021249,0.00014611,0.00081037,0.00077983,0.00081339,0.0017982,0.00171825,0.00180371,0.00181894,0.00082282,0.0564323,0.06015195,0.0,0.00673455,0.00090274,0.00089873,0.00091366,0.0,4.299e-05,0.0561864,3193.67231582,47.0034792,0.00328707,0.00051261,0.017318,0.00355063,0.00089368,0.0156569,16.09103829,0.0,0.0,0.0,0.0,0.0,0.0,0.0,0.0,6.8e-06,2.32e-05,2.32e-05,1.038e-05,9.42e-06,1.079e-05,6.47e-05,7.66e-06,1.99e-06,2.797e-05,0.05657695
"Electricity Mix, consumption mix, at consumer, AC, 240V",Product-as-a-Service,Energy carriers and technologies > Electricity,0.0,0.0,0.01294374,0.00207563,0.00075212,0.0006522,0.00092537,0.00158486,0.00135423,0.0019843,0.0030447,0.0013514,1.02354768,1.07415164,0.0,0.05959979,0.03839358,0.0383828,0.0384219,0.0,0.0,1.01771842,13854.75566301,13.09007591,0.02899678,0.00525223,0.15243207,0.03444726,0.00936611,0.15150445,8.91955282,0.0,0.0,0.0,0.0,0.0,0.0,0.0,0.0,5.22e-05,0.00067449,0.00067449,9.517e-05,7.763e-05,8.166e-05,0.0001668,2.307e-05,1.097e-05,6.354e-05,1.01826799
"Steel rebar, production mix, at plant, blast furnace and electric arc furnace route,",Raw Materials,Materials production > Metals and semimetals,0.0,0.0,0.00306779,0.00146668,0.00026285,0.00022344,0.00034375,0.00067298,0.00056858,0.00088059,0.00142995,0.00056216,1.03031688,1.06122703,0.0,0.01319505,0.00986007,0.0098425,0.00994727,0.0,0.0,1.03934177,82582.423,1.39253871,0.02582347,0.004181,0.14412573,0.03483731,0.0073615,0.15492252,1.40753232,0.0,0.0,0.0,0.0,0.0,0.0,0.0,0.0,0.00019593,0.00048741,0.00048741,0.00045295,0.00035498,0.0004881,0.00345361,0.00037568,7.92e-05,0.00146402,1.06354413
"Process steam from natural gas, consumption mix, at plant, heat plant, MJ",Product-as-a-Service,Energy carriers and technologies > Heat and steam,0.0,0.0,0.00021729,0.00028228,4.187e-05,3.734e-05,4.538e-05,8.546e-05,7.427e-05,9.339e-05,0.00010027,4.834e-05,0.07049969,0.07762691,0.0,0.00142073,0.00121838,0.00121783,0.00121947,0.0,0.0,0.06955326,237.22714617,0.77588747,0.00022954,3.798e-05,0.00128152,0.00026932,6.419e-05,0.00123983,0.32264334,0.0,0.0,0.0,0.0,0.0,0.0,0.0,0.0,5.05e-06,1.403e-05,1.403e-05,8.38e-06,7.08e-06,6.07e-06,6.28e-06,1.79e-06,1.24e-06,3.52e-06,0.06960944
"Electricity grid mix 1kV-60kV, consumption mix, at consumer, AC, 1kV - 60kV",Product-as-a-Service,Energy carriers and technologies > Electricity,4e-08,2e-08,0.00131105,0.00075116,0.00028701,0.00026372,0.00029788,0.00061274,0.00056413,0.000629,0.00064359,0.00030616,0.53597915,0.6120264,0.0,0.01364661,0.0091018,0.00909641,0.00911263,0.0,0.0001589,0.52573661,222124.21063089,21.86121198,0.00199009,0.00032328,0.01081877,0.00222971,0.00055452,0.00978162,7.51986277,1e-08,0.0,0.0,0.0,0.0,0.0,0.0,0.0,3.115e-05,9.717e-05,9.717e-05,6.662e-05,5.317e-05,5.765e-05,0.00012781,1.39e-05,4.47e-06,4.595e-05,0.52619582
"Plane, technology mix, cargo, 68 t payload",Raw Materials,Transport services > Air,0.0,0.0,0.00807037,0.01217159,0.00087986,0.00080681,0.00092482,0.00197907,0.00179049,0.00208368,0.00226463,0.00101062,2.09467561,2.19910891,0.0,0.04974309,0.01783097,0.017814,0.01788735,0.0,0.0,2.08279231,7041.64070801,26.63122078,0.04731295,0.00996123,0.23776219,0.05995506,0.0211488,0.22976125,16.70041327,1e-08,0.0,0.0,0.0,0.0,0.0,0.0,0.0,7.475e-05,0.00045933,0.00045933,0.00017882,0.00013915,0.00018073,7.387e-05,8.04e-06,1.87e-06,2.856e-05,2.08446007
"Process steam from light fuel oil, consumption mix, at plant, heat plant, MJ",Product-as-a-Service,Energy carriers and technologies > Heat and steam,0.0,0.0,0.00028068,0.00022495,4.501e-05,4.159e-05,4.722e-05,9.415e-05,8.536e-05,9.928e-05,0.00010863,5.176e-05,0.0939481,0.09879458,0.0,0.00275427,0.00060574,0.00060496,0.00060832,0.0,0.0,0.09340164,907.81756469,1.24346165,0.00211779,0.0004454,0.01064851,0.00267954,0.0009421,0.01029195,0.76369349,0.0,0.0,0.0,0.0,0.0,0.0,0.0,0.0,4.73e-06,1.891e-05,1.891e-05,9.55e-06,7.64e-06,8.85e-06,4.5e-06,8.8e-07,5.4e-07,2.03e-06,0.09349971
"Gypsum plaster (CaSO4 beta hemihydrates), production mix, at plant, technology mix of natural gypsum (45%) and gypsum from flue gas desulphurisation (55%), grinded and purified product",Product-as-a-Service,Materials production > Other mineral materials,0.0,0.0,0.00013616,0.00011949,6.552e-05,5.921e-05,6.946e-05,0.00014575,0.00013119,0.00015385,0.00016162,7.38e-05,0.10882137,0.12135895,0.0,0.00390872,0.00047462,0.00047341,0.00047699,0.0,0.0,0.10715449,430.47609431,3.14457754,0.00067785,0.00013312,0.00352997,0.0008227,0.00026648,0.00331552,1.17160537,0.0,0.0,0.0,0.0,0.0,0.0,0.0,0.0,4.66e-06,1.243e-05,1.243e-05,9.41e-06,7.61e-06,7.81e-06,2.107e-05,2.91e-06,9.3e-07,9.55e-06,0.10720432
"Process steam from natural gas, consumption mix, at plant, heat plant, MJ",Product-as-a-Service,Energy carriers and technologies > Heat and steam,0.0,0.0,0.00011012,0.0001048,1.918e-05,1.792e-05,2.013e-05,2.911e-05,2.607e-05,3.122e-05,3.344e-05,2.124e-05,0.08350422,0.09888463,0.0,0.0011461,0.00092062,0.00092044,0.00092098,0.0,0.0,0.08144227,1309.98020898,1.11966457,0.00010917,1.978e-05,0.00059047,0.00013261,3.519e-05,0.00057799,0.39144692,0.0,0.0,0.0,0.0,0.0,0.0,0.0,0.0,8.62e-06,1.566e-05,1.566e-05,1.743e-05,1.401e-05,1.545e-05,2.01e-06,1.12e-06,1.01e-06,1.45e-06,0.08152
"Spruce wood, production mix, at saw mill, timber, 40% water content",Raw Materials,Materials production > Wood,0.0,0.0,0.00012278,0.00016308,2.559e-05,2.37e-05,2.654e-05,5.715e-05,5.274e-05,5.904e-05,6.157e-05,2.966e-05,0.02693797,0.02910241,0.0,0.00314927,0.00029054,0.00029009,0.00029161,0.0,0.0,0.02680412,72.00046843,1.3224258,0.0003303,6.922e-05,0.00167098,0.00040999,0.0001449,0.00157889,0.49472768,0.0,0.0,0.0,0.0,0.0,0.0,0.0,0.0,3.3e-06,1.981e-05,1.981e-05,7.53e-06,5.92e-06,7.94e-06,7.78e-06,9.1e-07,2.1e-07,3.33e-06,0.02712663
"Electricity Mix, consumption mix, at consumer, AC, 1kV - 60kV",Product-as-a-Service,Energy carriers and technologies > Electricity,0.0,0.0,0.00430702,0.00179492,0.00040142,0.00028625,0.00051599,0.00061134,0.00044245,0.00080226,0.00101672,0.00060475,0.82377743,0.86915079,0.0,0.06711725,0.01408208,0.01404097,0.01414257,0.0,0.0,0.81828492,1471.91853513,539.30776603,0.01308393,0.00266105,0.06840917,0.01371921,0.00452303,0.05659015,179.88405238,0.0,0.0,0.0,0.0,0.0,0.0,0.0,0.0,2.835e-05,0.00023426,0.00023426,4.552e-05,3.925e-05,3.803e-05,0.00031553,4.985e-05,1.537e-05,0.00014823,0.81909134
"Bentonite granular, sodium activated, Production at plant, 1000 kg of bentonite sodium activated granular with a particle size ranging from 0.5 to 5 mm and a moisture content ranging between 8 and 13%, stored in silo, ready to be shipped in bulk., none",Transport & Packaging,Materials production > Other mineral materials,6.39e-06,3.11e-06,0.86915965,0.94837851,0.44866444,0.421202,0.45621579,0.98291129,0.91189959,0.99927805,1.02844329,0.4703685,169.5726881,187.34371277,0.0,4.54083378,2.53160224,2.52550769,2.55092353,1.93e-06,0.0,167.62834535,8901020.17066026,5262.11049673,2.63984989,0.40819022,14.34083753,3.28586622,0.80402339,14.23721792,2180.8921616,7.8e-07,2e-08,2e-08,2e-08,2e-08,2e-08,2e-08,2e-08,0.01190237,0.05605119,0.05605119,0.02674439,0.02114248,0.02643428,0.09833133,0.0109603,0.00249154,0.04124771,168.3689404
"Excavator, technology mix, 500 kW, Mining",Raw Materials,Transport services > Other transport,0.0,0.0,0.0,0.0,0.0,0.0,0.0,0.0,0.0,0.0,0.0,0.0,0.0,0.0,0.0,0.0,0.0,0.0,0.0,0.0,0.0,0.0,0.0,0.0,0.0,0.0,0.0,0.0,0.0,0.0,0.0,0.0,0.0,0.0,0.0,0.0,0.0,0.0,0.0,0.0,0.0,0.0,0.0,0.0,0.0,0.0,0.0,0.0,0.0,0.0
"Process steam from light fuel oil, consumption mix, at plant, heat plant, MJ",Product-as-a-Service,Energy carriers and technologies > Heat and steam,0.0,0.0,0.00012734,9.637e-05,1.153e-05,1.101e-05,1.188e-05,1.718e-05,1.6e-05,1.786e-05,1.856e-05,1.301e-05,0.08761948,0.08833869,0.0,0.00136346,0.0002192,0.00021865,0.00022131,0.0,0.0,0.08756986,679.79530888,1.11515593,0.00238914,0.0007283,0.01046278,0.00353509,0.00183113,0.01043676,0.73080107,0.0,0.0,0.0,0.0,0.0,0.0,0.0,0.0,1.82e-06,1.144e-05,1.144e-05,2.43e-06,2.12e-06,1.56e-06,2.19e-06,6.5e-07,5.2e-07,1.06e-06,0.08759157
"Process steam from natural gas 90%, consumption mix, at power plant, heat plant, MJ, 90 % efficiency",Product-as-a-Service,Energy carriers and technologies > Heat and steam,0.0,0.0,0.00013245,0.00018235,4.366e-05,3.959e-05,4.4e-05,0.00010314,9.262e-05,0.00010379,0.00010498,4.47e-05,0.07689619,0.08095573,0.0,0.00066177,0.00051452,0.00051426,0.00051524,0.0,2.71e-05,0.07639137,95.27993682,0.60888423,0.00016327,2.176e-05,0.00091382,0.0002114,4.375e-05,0.0009315,0.21591859,0.0,0.0,0.0,0.0,0.0,0.0,0.0,0.0,3.34e-06,9.84e-06,9.84e-06,6.66e-06,5.4e-06,5.56e-06,4.98e-06,8.8e-07,4.8e-07,2.28e-06,0.07650564
"Process steam from Heavy fuel oil 90 %, consumption mix, at power plant, heat plant, MJ, 90 % efficiency",Product-as-a-Service,Energy carriers and technologies > Heat and steam,0.0,0.0,0.00026112,0.00013077,9.727e-05,8.959e-05,0.00010061,0.00020376,0.00018607,0.00020827,0.00021168,0.00010292,0.1067346,0.11446913,0.0,0.00540525,0.00456412,0.0045634,0.00456572,0.0,1.3e-05,0.10572964,1706.94279111,0.57320173,0.00053681,8.459e-05,0.00294827,0.00061926,0.00014831,0.00272717,0.2780682,0.0,0.0,0.0,0.0,0.0,0.0,0.0,0.0,7.2e-06,2.159e-05,2.159e-05,1.378e-05,1.114e-05,1.215e-05,2.504e-05,1.93e-06,1.12e-06,4.5e-06,0.1057771
"Process steam from heavy fuel oil, consumption mix, at plant, heat plant, MJ",Product-as-a-Service,Energy carriers and technologies > Heat and steam,0.0,0.0,0.00025789,9.929e-05,7.517e-05,6.664e-05,8.596e-05,0.00016345,0.00014394,0.00018672,0.00024009,0.00011215,0.10089496,0.10591724,0.0,0.01760772,0.00193599,0.00193493,0.00193861,0.0,0.0,0.10025102,1015.11763455,1.34787661,0.00212011,0.00045176,0.01069045,0.00260589,0.00090871,0.01032868,0.80746101,0.0,0.0,0.0,0.0,0.0,0.0,0.0,0.0,4.33e-06,1.709e-05,1.709e-05,8.46e-06,6.81e-06,7.57e-06,1.027e-05,1.6e-06,7.4e-07,4.23e-06,0.10028553
"Process steam from Heavy fuel oil 90 %, consumption mix, at power plant, heat plant, MJ, 90 % efficiency",Product-as-a-Service,Energy carriers and technologies > Heat and steam,0.0,0.0,0.00073572,0.00013845,6.611e-05,4.717e-05,8.927e-05,0.00012395,9.517e-05,0.00015401,0.00016563,9.553e-05,0.10836903,0.11101192,0.0,0.01946658,0.01839554,0.01839348,0.0183992,0.0,2.872e-05,0.10821123,1111.95519535,5.14547444,0.00097623,0.00017194,0.00554783,0.00075413,0.00018646,0.00361578,1.85647486,0.0,0.0,0.0,0.0,0.0,0.0,0.0,0.0,5.37e-06,4.303e-05,4.303e-05,1.016e-05,8.24e-06,9.49e-06,9.4e-05,4.76e-06,1.58e-06,1.315e-05,0.10856458
"Process steam from Light fuel oil 90 %, consumption mix, at power plant, heat plant, MJ, 90 % efficiency",Product-as-a-Service,Energy carriers and technologies > Heat and steam,0.0,0.0,0.00013175,0.00012348,6.182e-05,5.796e-05,6.207e-05,0.0001328,0.00012253,0.00013329,0.0001344,6.304e-05,0.10165004,0.10630712,0.0,0.00124732,0.00034728,0.00034631,0.00035072,0.0,1.752e-05,0.10106354,1161.20660352,0.76076646,0.00230749,0.00037882,0.01234548,0.00306923,0.00080704,0.01287413,0.52394742,0.0,0.0,0.0,0.0,0.0,0.0,0.0,0.0,4.09e-06,1.107e-05,1.107e-05,7.79e-06,6.31e-06,6.86e-06,4.26e-06,8.7e-07,5.9e-07,1.86e-06,0.101102
"Steel hot dip galvanized (ILCD), production mix, at plant, blast furnace route, 1kg, typical thickness between 0.3 - 3 mm. typical width between 600 - 2100 mm.",Raw Materials,Materials production > Metals and semimetals,5.36e-06,2.61e-06,0.00740939,0.00404527,0.00160552,0.00141023,0.00175873,0.0035529,0.0031567,0.00385176,0.00435754,0.00198793,2.52481505,2.84726638,0.0,0.14015879,0.02924739,0.02916133,0.02943081,0.0,0.0,2.50728385,648507.93313832,595.73037247,0.02432813,0.00428618,0.13231065,0.02908982,0.00736149,0.12699104,198.81888033,4e-08,1e-08,1e-08,1e-08,1e-08,1e-08,1e-08,1e-08,0.00047358,0.00114426,0.00114426,0.00108664,0.00085314,0.00115628,0.0025526,0.00028755,6.218e-05,0.0010872,2.56229665
"Naphtha, consumption mix, at refinery, from crude oil",Product-as-a-Service,Materials production > Organic chemicals,0.0,0.0,0.0025649,0.00111414,0.00164256,0.00150644,0.00173568,0.00364928,0.00330104,0.00386624,0.00427952,0.0019324,0.44277555,0.62180797,0.0,0.09804158,0.01562504,0.01559424,0.0157241,0.0,0.0,0.4183486,12282.64795805,48.9011479,0.08201107,0.01718985,0.41273739,0.10360328,0.03628777,0.39896028,29.8080458,1e-08,0.0,0.0,0.0,0.0,0.0,0.0,0.0,0.00011159,0.00031332,0.00031332,0.00026775,0.00020826,0.00026799,0.00018392,2.014e-05,4.58e-06,7.276e-05,0.41925029
"Electricity Mix, consumption mix, at consumer, AC, 1kV - 60kV",Product-as-a-Service,Energy carriers and technologies > Electricity,0.0,0.0,0.00375594,0.00115125,0.0009638,0.00087999,0.00102546,0.00203238,0.00187048,0.00214398,0.00232112,0.00110068,0.56573485,0.61810007,0.0,0.03668303,0.00829495,0.00827263,0.00833348,0.0,0.0,0.55869857,25892.04285881,252.45587952,0.00853678,0.00147094,0.04583344,0.00893069,0.00231163,0.03990872,84.65029116,1.4e-07,7e-08,7e-08,7e-08,7e-08,7e-08,7e-08,7e-08,1.891e-05,0.0002025,0.0002025,3.418e-05,2.876e-05,3.053e-05,0.00044113,5.497e-05,1.33e-05,0.00019495,0.55938435
"Process steam from Heavy fuel oil 90 %, consumption mix, at power plant, heat plant, MJ, 90 % efficiency",Product-as-a-Service,Energy carriers and technologies > Heat and steam,0.0,0.0,0.00071689,0.00026298,6.861e-05,6.255e-05,7.202e-05,0.00014613,0.00013296,0.0001507,0.00015382,7.409e-05,0.10957984,0.11603295,0.0,0.00559602,0.00468194,0.00468091,0.00468491,0.0,1.125e-05,0.10888706,837.2568954,0.72923219,0.00162262,0.00026676,0.00873169,0.00207198,0.00054025,0.00877634,0.44766721,0.0,0.0,0.0,0.0,0.0,0.0,0.0,0.0,5.14e-06,4.141e-05,4.141e-05,1.111e-05,8.79e-06,1.067e-05,2.41e-05,1.31e-06,5.3e-07,3.76e-06,0.10897042
"Process steam from heavy fuel oil, consumption mix, at plant, heat plant, MJ",Product-as-a-Service,Energy carriers and technologies > Heat and steam,0.0,0.0,0.00172008,0.00045683,0.00013072,9.114e-05,0.00023264,0.00028011,0.00019684,0.00051446,0.00116704,0.00048985,0.0980541,0.10385992,0.0,0.0242369,0.02204132,0.02203903,0.02204533,0.0,0.0,0.09729299,1402.09176304,7.18484812,0.01017571,0.00190984,0.0531647,0.01138832,0.00303986,0.05251575,4.03466679,0.0,0.0,0.0,0.0,0.0,0.0,0.0,0.0,5.28e-06,8.685e-05,8.685e-05,9.97e-06,8.08e-06,8.74e-06,8.231e-05,8.36e-06,2.37e-06,2.842e-05,0.09734454
"Polyvinylchloride resin (B-PVC), production mix, at plant, bulk polymerisation",Raw Materials,Materials production > Plastics,0.0,0.0,0.00545177,0.00422882,0.00708479,0.0068512,0.00709516,0.02220295,0.02139594,0.02222967,0.02233396,0.00720318,1.66008188,2.41672156,0.0,5.98624825,5.96664527,5.93580642,5.96666082,0.0,0.0,1.55546102,11.91122259,79.90874402,0.91668327,0.78993364,0.93852127,2.51536524,2.18109453,2.5339603,28.68667735,3e-08,0.0,0.0,0.0,0.0,0.0,0.0,0.0,0.0001633,0.00054701,0.00054701,0.0003468,0.00027125,0.00015883,0.00211761,0.0002691,8.506e-05,0.00093774,1.5583385
"Electricity Mix, consumption mix, at consumer, AC, 230V",Product-as-a-Service,Energy carriers and technologies > Electricity,0.0,0.0,0.001155,0.00089789,0.00137323,0.00131286,0.00138802,0.00300839,0.00286124,0.00303489,0.00307901,0.00141171,0.41171121,0.43833715,0.0,0.01169508,0.00322776,0.0032172,0.00325254,1e-08,0.0,0.40782488,3625.5296576,18.72566119,0.00618297,0.00099535,0.03274021,0.00664204,0.00170601,0.02924802,7.44482524,2.5e-07,1.2e-07,1.2e-07,1.2e-07,1.2e-07,1.2e-07,1.2e-07,1.2e-07,1.239e-05,7.12e-05,7.12e-05,2.287e-05,1.896e-05,2.03e-05,5.168e-05,8.04e-06,2.9e-06,2.378e-05,0.40866539
"Process steam from light fuel oil, consumption mix, at plant, heat plant, MJ",Product-as-a-Service,Energy carriers and technologies > Heat and steam,0.0,0.0,0.00031847,0.0002896,4.517e-05,4.176e-05,4.738e-05,9.401e-05,8.526e-05,9.915e-05,0.00010849,5.192e-05,0.09348215,0.09831763,0.0,0.00282467,0.0006763,0.00067551,0.00067887,0.0,0.0,0.0928627,949.36475197,1.24291353,0.00211734,0.0004454,0.01064553,0.00267884,0.00094201,0.01028872,0.7634693,0.0,0.0,0.0,0.0,0.0,0.0,0.0,0.0,4.47e-06,1.99e-05,1.99e-05,8.83e-06,7.1e-06,8.01e-06,4.53e-06,9.1e-07,5.7e-07,2.06e-06,0.09291783
"Compressed air, production mix, 7 bar, low efficiency, high power consumption",Raw Materials,Energy carriers and technologies > Mechanical energy,0.0,0.0,0.0,0.0,0.0,0.0,0.0,0.0,0.0,0.0,0.0,0.0,0.0,0.0,0.0,0.0,0.0,0.0,0.0,0.0,0.0,0.0,0.0,0.0,0.0,0.0,0.0,0.0,0.0,0.0,0.0,0.0,0.0,0.0,0.0,0.0,0.0,0.0,0.0,0.0,0.0,0.0,0.0,0.0,0.0,0.0,0.0,0.0,0.0,0.0
"Compressed air, production mix, at plant, 7 bar, high efficiency, low power consumption",Raw Materials,Energy carriers and technologies > Mechanical energy,0.0,0.0,0.00038965,0.00012061,9.281e-05,8.464e-05,9.874e-05,0.0001955,0.00017984,0.00020614,0.00022274,0.0001058,0.0564387,0.06191911,0.0,0.00337953,0.00081538,0.00081316,0.00081917,0.0,0.0,0.05570313,2020.07351432,21.3512755,0.00082636,0.00014324,0.00443124,0.00086517,0.00022658,0.00385211,7.17943295,1e-08,1e-08,1e-08,1e-08,1e-08,1e-08,1e-08,1e-08,1.93e-06,2.097e-05,2.097e-05,3.44e-06,2.9e-06,3.04e-06,4.003e-05,5.06e-06,1.26e-06,1.774e-05,0.05577534
"Compressed air, production mix, at plant, 10 bar, high efficiency, low power consumption",Raw Materials,Energy carriers and technologies > Mechanical energy,0.0,0.0,0.00047169,0.000146,0.00011235,0.00010246,0.00011953,0.00023666,0.0002177,0.00024953,0.00026963,0.00012808,0.06832054,0.07495471,0.0,0.00409101,0.00098703,0.00098435,0.00099163,0.0,0.0,0.06743011,2445.35214891,25.84628087,0.00100033,0.00017339,0.00536414,0.00104731,0.00027428,0.00466309,8.69089252,2e-08,1e-08,1e-08,1e-08,1e-08,1e-08,1e-08,1e-08,2.33e-06,2.539e-05,2.539e-05,4.16e-06,3.51e-06,3.68e-06,4.846e-05,6.13e-06,1.52e-06,2.148e-05,0.06751751
"Compressed air, production mix, at plant, 14 bar, high efficiency, low power consumption",Raw Materials,Energy carriers and technologies > Mechanical energy,0.0,0.0,0.00053321,0.00016504,0.000127,0.00011583,0.00013512,0.00026752,0.00024609,0.00028208,0.0003048,0.00014479,0.07723191,0.08473141,0.0,0.00462462,0.00111578,0.00111274,0.00112097,0.0,0.0,0.07622534,2764.31112486,29.2175349,0.0011308,0.00019601,0.00606381,0.00118392,0.00031005,0.00527131,9.8244872,2e-08,1e-08,1e-08,1e-08,1e-08,1e-08,1e-08,1e-08,2.64e-06,2.87e-05,2.87e-05,4.7e-06,3.97e-06,4.16e-06,5.478e-05,6.93e-06,1.72e-06,2.428e-05,0.07632414
"Compressed air, production mix, at plant, 7 bar, low efficiency, high power consumption",Raw Materials,Energy carriers and technologies > Mechanical energy,0.0,0.0,0.00059474,0.00018408,0.00014165,0.00012919,0.00015071,0.00029839,0.00027449,0.00031463,0.00033997,0.00016149,0.08614329,0.09450811,0.0,0.00515822,0.00124452,0.00124114,0.00125032,0.0,0.0,0.08502057,3083.2701008,32.58878892,0.00126128,0.00021862,0.00676348,0.00132052,0.00034583,0.00587954,10.95808187,2e-08,1e-08,1e-08,1e-08,1e-08,1e-08,1e-08,1e-08,2.94e-06,3.201e-05,3.201e-05,5.24e-06,4.42e-06,4.64e-06,6.11e-05,7.73e-06,1.92e-06,2.708e-05,0.08513078
"Compressed air, production mix, at plant, 10 bar, low efficiency, high power consumption",Raw Materials,Energy carriers and technologies > Mechanical energy,0.0,0.0,0.00063575,0.00019678,0.00015142,0.0001381,0.0001611,0.00031897,0.00029342,0.00033633,0.00036342,0.00017263,0.0920842,0.10102592,0.0,0.00551396,0.00133035,0.00132673,0.00133654,0.0,0.0,0.09088406,3295.9094181,34.83629161,0.00134826,0.0002337,0.00722992,0.00141159,0.00036968,0.00628503,11.71381166,2e-08,1e-08,1e-08,1e-08,1e-08,1e-08,1e-08,1e-08,3.15e-06,3.421e-05,3.421e-05,5.61e-06,4.73e-06,4.96e-06,6.531e-05,8.26e-06,2.05e-06,2.895e-05,0.09100186
"Compressed air, production mix, at plant, 14 bar, low efficiency, high power consumption",Raw Materials,Energy carriers and technologies > Mechanical energy,0.0,0.0,0.00069728,0.00021582,0.00016608,0.00015146,0.00017669,0.00034984,0.00032182,0.00036888,0.00039859,0.00018933,0.10099558,0.11080262,0.0,0.00604757,0.00145909,0.00145512,0.00146589,0.0,0.0,0.09967929,3614.86839404,38.20754563,0.00147874,0.00025632,0.00792959,0.0015482,0.00040545,0.00689326,12.84740633,2e-08,1e-08,1e-08,1e-08,1e-08,1e-08,1e-08,1e-08,3.45e-06,3.753e-05,3.753e-05,6.15e-06,5.19e-06,5.44e-06,7.163e-05,9.06e-06,2.25e-06,3.175e-05,0.0998085
"Waste incineration of wood products (OSB, particle board), at plant, average European waste-to-energy plant, without collection, transport and pre-treatment",Transport & Packaging,End-of-life treatment > Energy recycling,2e-08,1e-08,0.81812148,1.31466007,0.03416219,0.03064926,0.03779874,0.07530844,0.06740486,0.08337065,0.09372365,0.04265671,40.24627894,44.65871614,-0.0,3.6673233,1.73749168,1.73444496,1.74074242,7e-08,-0.0,39.85561904,644037.71114254,4060.07666196,0.75026566,0.168186,3.89098796,1.05823767,0.36339344,4.02321785,1415.45462834,3.15e-06,1.39e-06,1.38e-06,1.38e-06,1.38e-06,1.37e-06,1.37e-06,1.4e-06,0.00401381,0.03854099,0.03854099,0.00881918,0.0069895,0.00872972,0.36862384,0.04149053,0.00887093,0.16022781,40.16802715
"Electricity grid mix, consumption mix, at consumer, AC, 230V",Product-as-a-Service,Energy carriers and technologies > Electricity,1.3e-07,6e-08,0.00219188,0.00102169,0.00064152,0.00059391,0.00067363,0.00137144,0.00127066,0.00142744,0.00147451,0.00069637,0.50934417,0.56720523,0.0,0.02377587,0.01433617,0.01432574,0.01435982,0.0,0.00021126,0.5017529,18943.79385907,68.15349525,0.0042326,0.00069955,0.02298992,0.00449889,0.00109982,0.02022692,23.25848676,0.0,0.0,0.0,0.0,0.0,0.0,0.0,0.0,2.228e-05,0.0001305,0.0001305,3.769e-05,3.201e-05,3.016e-05,0.00025858,2.947e-05,9.06e-06,9.921e-05,0.502255
"Waste incineration of biodegradable waste fraction in municipal solid waste (MSW), at plant, average European waste-to-energy plant, without collection, transport and pre-treatment",Transport & Packaging,End-of-life treatment > Energy recycling,1e-08,1e-08,0.57390567,0.81049589,0.04041844,0.03699348,0.04394618,0.08303673,0.07527758,0.09092697,0.10805013,0.05107866,49.74472637,56.42992636,-0.0,4.70946351,1.28343673,1.28168316,1.28571106,8e-08,-0.0,48.93314625,656834.61322997,42331.57371251,0.46411958,0.10719825,2.33380578,0.57104727,0.21844735,2.11693757,14007.29850337,3.34e-06,1.55e-06,1.54e-06,1.54e-06,1.54e-06,1.53e-06,1.53e-06,1.55e-06,0.00262408,0.02655775,0.02655775,0.00560742,0.00446686,0.0051894,0.0698614,0.00765002,0.00172572,0.02901827,49.05701339
"Electricity Mix, consumption mix, at consumer, AC, 1kV - 60kV",Product-as-a-Service,Energy carriers and technologies > Electricity,0.0,0.0,0.00146044,0.00127821,0.00019144,0.00015692,0.00021873,0.00040286,0.00034272,0.00044991,0.00051845,0.00025167,0.76218558,0.83555909,0.0,0.02637059,0.00462622,0.00461426,0.00464607,0.0,0.0,0.75267845,2293.23097132,51.31723163,0.00480002,0.00099052,0.02475413,0.00558725,0.00188393,0.02232754,17.66623149,0.0,0.0,0.0,0.0,0.0,0.0,0.0,0.0,1.504e-05,8.904e-05,8.904e-05,2.9e-05,2.371e-05,2.58e-05,0.0001749,2.253e-05,5.85e-06,7.715e-05,0.75299849
"Natural Gas, consumption mix, at consumer, from onshore and offshore production incl. pipeline and LNG transport, desulphurised",Transport & Packaging,Energy carriers and technologies > Natural gas based fuels,0.0,0.0,0.00144745,0.00088912,0.00071435,0.00061522,0.00079735,0.00178271,0.00153248,0.00197426,0.00213089,0.00086677,0.49791856,0.86740802,0.0,0.00668115,0.00221762,0.00220609,0.00224248,0.0,0.0,0.44675846,22890.4210965,4.33434108,0.00675408,0.00109429,0.03733173,0.00825656,0.00206766,0.03687437,3.20438058,0.0,0.0,0.0,0.0,0.0,0.0,0.0,0.0,0.00012996,0.00025733,0.00025733,0.00030838,0.00024079,0.00026643,3.297e-05,6.22e-06,1.45e-06,1.81e-05,0.44769712
"Process steam from natural gas, consumption mix, at plant, heat plant, MJ",Product-as-a-Service,Energy carriers and technologies > Heat and steam,0.0,0.0,0.00017396,0.00019152,3.55e-05,3.11e-05,3.907e-05,7.627e-05,6.575e-05,8.419e-05,9.152e-05,4.219e-05,0.07427741,0.08704307,0.0,0.00126822,0.00073502,0.0007344,0.00073619,0.0,0.0,0.07257172,383.57678209,5.04578067,0.00019965,3.236e-05,0.00112661,0.00022547,5.33e-05,0.00104401,1.72275466,0.0,0.0,0.0,0.0,0.0,0.0,0.0,0.0,6.15e-06,1.479e-05,1.479e-05,1.241e-05,1.004e-05,9.69e-06,5.96e-06,1.38e-06,8e-07,3.14e-06,0.0726348
"Corrugated board boxes, production mix, at plant, technology mix, 16,6 % primary fibre, 83,4 % recycled fibre",Raw Materials,Systems > Packaging,0.0,0.0,3.35483526,2.93621983,1.72199844,1.52312158,1.93724439,4.12779175,3.61603314,4.66375867,5.98866403,2.47697045,1159.19598265,1249.02357655,0.0,20.83783329,7.25111156,7.23714749,7.27361069,1e-06,0.0,1148.40626369,180864104.36096495,88092.35791013,7.5241937,1.16820292,42.89435639,9.54505222,2.30584119,43.23226916,30181.54901901,9.137e-05,5.512e-05,5.539e-05,5.535e-05,5.567e-05,5.598e-05,5.625e-05,5.485e-05,0.05010249,0.26978238,0.26978238,0.11027952,0.08689622,0.10037878,0.56997396,0.0637356,0.01383806,0.24461846,1150.4711459
"Waste incineration of plastics (Nylon 6 GF 30, Nylon 66 GF 30), at plant, average European waste-to-energy plant, without collection, transport and pre-treatment",Transport & Packaging,End-of-life treatment > Energy recycling,3e-08,1e-08,3.39696786,5.71498855,0.059358,0.05306111,0.06614031,0.13459768,0.11994453,0.14998257,0.18339767,0.08042693,1613.79327047,1626.57740995,-0.0,8.88332055,6.29823145,6.29444245,6.30328657,1.1e-07,-0.0,1612.50306851,810813.4264548,4904.0589703,0.60742437,0.15634079,2.96942761,0.82474703,0.34746312,2.91322342,1728.38735645,4.51e-06,1.98e-06,1.97e-06,1.97e-06,1.97e-06,1.96e-06,1.95e-06,1.99e-06,0.00641131,0.14539601,0.14539601,0.01421406,0.01124484,0.01352494,0.02748386,0.00257277,0.00069919,0.0090045,1612.90816261
"Process steam from light fuel oil, consumption mix, at plant, heat plant, MJ",Product-as-a-Service,Energy carriers and technologies > Heat and steam,0.0,0.0,0.00012901,0.00010776,2.773e-05,2.534e-05,2.984e-05,5.681e-05,5.079e-05,6.175e-05,7.139e-05,3.399e-05,0.09260037,0.09567676,0.0,0.00134855,0.00045112,0.00045043,0.00045344,0.0,0.0,0.09219742,845.31100125,1.01938244,0.00194042,0.00040707,0.00976681,0.00244691,0.00085542,0.00943176,0.65515445,0.0,0.0,0.0,0.0,0.0,0.0,0.0,0.0,3.26e-06,9.56e-06,9.56e-06,5.88e-06,4.81e-06,5.01e-06,4.81e-06,9.5e-07,5.9e-07,2.18e-06,0.09223513
"Particle board, production mix, at plant, P5 (V100), 7,8% water content",Raw Materials,Systems > Construction,1.6e-07,8e-08,1.46369435,1.27589024,0.71697915,0.67617892,0.74448252,1.22047773,1.12152677,1.28225431,1.41109597,0.80913813,633.39515966,677.01141942,0.0,35.48057263,7.82647949,7.80136298,7.91711734,5.4e-07,0.0,628.052124,5007074.32026733,35535.5444022,6.85442283,1.38497936,35.10491438,8.40208366,2.6834637,34.17013267,12812.7357703,2.787e-05,1.038e-05,1.033e-05,1.031e-05,1.029e-05,1.026e-05,1.022e-05,1.043e-05,0.08038577,0.15830719,0.15830719,0.06511185,0.07496952,0.05776682,0.11627571,0.03710361,0.02911572,0.06431309,629.05301421
"Mining Truck, technology mix, 220 t payload, 1.700 kW",Transport & Packaging,Transport services > Other transport,0.0,0.0,0.0,0.0,0.0,0.0,0.0,0.0,0.0,0.0,0.0,0.0,0.0,0.0,0.0,0.0,0.0,0.0,0.0,0.0,0.0,0.0,0.0,0.0,0.0,0.0,0.0,0.0,0.0,0.0,0.0,0.0,0.0,0.0,0.0,0.0,0.0,0.0,0.0,0.0,0.0,0.0,0.0,0.0,0.0,0.0,0.0,0.0,0.0,0.0
"Process steam from natural gas, consumption mix, at plant, heat plant, MJ",Product-as-a-Service,Energy carriers and technologies > Heat and steam,0.0,0.0,3.742e-05,5.814e-05,2.24e-06,2.18e-06,2.31e-06,1.81e-06,1.66e-06,1.97e-06,2.05e-06,2.35e-06,0.06607873,0.06683911,0.0,0.00024409,0.00023114,0.00023112,0.00023124,0.0,0.0,0.06601722,24.34617172,0.02894514,5.588e-05,1.096e-05,0.000287,6.701e-05,2.096e-05,0.00027182,0.01905517,0.0,0.0,0.0,0.0,0.0,0.0,0.0,0.0,1.08e-06,2.59e-06,2.59e-06,1.85e-06,1.55e-06,1.53e-06,3e-07,2.3e-07,2.2e-07,2.5e-07,0.06603679
"Process steam from heavy fuel oil, consumption mix, at plant, heat plant, MJ",Product-as-a-Service,Energy carriers and technologies > Heat and steam,0.0,0.0,0.00087763,0.00027748,8.775e-05,6.698e-05,0.0001348,0.0001864,0.0001428,0.00029244,0.00057648,0.00024802,0.09909737,0.10440973,0.0,0.01406993,0.00979695,0.00979533,0.00980033,0.0,0.0,0.09841819,1145.51235684,4.18145518,0.00535391,0.00103575,0.027765,0.00610968,0.00175848,0.02713663,2.26467185,0.0,0.0,0.0,0.0,0.0,0.0,0.0,0.0,4.8e-06,4.697e-05,4.697e-05,9.27e-06,7.48e-06,8.3e-06,3.965e-05,4.47e-06,1.43e-06,1.436e-05,0.09847513
"Electricity Mix, consumption mix, at consumer, AC, 220V",Product-as-a-Service,Energy carriers and technologies > Electricity,0.0,0.0,0.00627594,0.00169285,0.00099892,0.00087805,0.00107969,0.00225665,0.00197655,0.00242188,0.00273042,0.00120668,0.59149514,0.66566322,0.0,0.03801305,0.01313158,0.01311472,0.01316143,0.0,0.0,0.5815266,3221.27677957,264.08246563,0.00883985,0.00147587,0.04874712,0.00998257,0.00236469,0.04527542,88.36443015,7e-08,3e-08,3e-08,3e-08,3e-08,3e-08,3e-08,3e-08,3.405e-05,0.00033837,0.00033837,6.419e-05,5.304e-05,5.374e-05,0.00042611,5.365e-05,1.446e-05,0.00018751,0.58245906
"Electricity grid mix, consumption mix, at consumer, AC, 230V",Product-as-a-Service,Energy carriers and technologies > Electricity,4e-08,2e-08,0.00137424,0.0007873,0.00030726,0.0002826,0.00031872,0.0006565,0.00060494,0.00067366,0.00068908,0.00032748,0.56119516,0.64074451,0.0,0.01435104,0.00955284,0.00954715,0.0095643,0.0,0.00016669,0.55048332,231978.96442386,23.02896417,0.00211295,0.00034311,0.011483,0.00236547,0.00058832,0.01037912,7.92580684,1e-08,0.0,0.0,0.0,0.0,0.0,0.0,0.0,3.257e-05,0.00010179,0.00010179,6.965e-05,5.559e-05,6.028e-05,0.00013571,1.476e-05,4.73e-06,4.89e-05,0.55096493
"Polybutadiene granulate (PB), production mix, at plant",Raw Materials,Materials production > Plastics,0.0,0.0,0.01891957,0.00919898,0.00023598,0.00023511,0.0002362,0.00011444,0.00011213,0.00011499,0.00011607,0.00044609,3.97477567,4.83410786,0.0,0.13163875,0.0123575,0.0123574,0.01235838,0.0,0.0,3.85775817,15.83426657,215.98857096,0.00034894,6.519e-05,0.00179196,0.00021069,5.874e-05,0.00091244,71.115026,2.1e-07,0.0,0.0,0.0,0.0,0.0,0.0,0.0,0.00012949,0.0024298,0.0024298,0.00028488,0.00022349,0.00025402,4.473e-05,2.32e-06,5e-07,8.96e-06,3.86465745
"Ethene (Ethylene), production mix, at plant, from steam cracking, gaseous",Product-as-a-Service,Materials production > Organic chemicals,0.0,0.0,0.0040396,0.00256557,0.00573015,0.00532387,0.00586513,0.0135294,0.01246819,0.01383795,0.01432166,0.00610636,1.39111064,1.79306625,0.0,0.09408806,0.02059292,0.0205543,0.02069588,0.0,0.0,1.33592928,22482.75509618,76.40592912,0.07819403,0.01525142,0.40014622,0.09824916,0.03187051,0.39146784,38.30942861,4e-08,1e-08,1e-08,1e-08,1e-08,1e-08,1e-08,1e-08,0.00019295,0.00054209,0.00054209,0.00043506,0.00034315,0.00038972,0.00023344,3.432e-05,1.332e-05,0.00010236,1.3372851
"Electricity grid mix 1kV-60kV, consumption mix, at consumer, AC, 1kV - 60kV",Product-as-a-Service,Energy carriers and technologies > Electricity,2e-08,1e-08,0.00081422,0.00066693,0.00057185,0.00053754,0.00058542,0.00124058,0.00116606,0.00126248,0.00128442,0.00059717,0.51299209,0.54917007,0.0,0.01352894,0.00606703,0.00605856,0.00608461,0.0,0.00018166,0.50862726,55113.59057948,43.84850408,0.00327763,0.00053019,0.01765394,0.00358637,0.00089388,0.01580853,15.02961562,2e-08,0.0,0.0,0.0,0.0,0.0,0.0,0.0,1.599e-05,5.785e-05,5.785e-05,2.885e-05,2.413e-05,2.484e-05,0.00025576,2.987e-05,7.9e-06,0.0001068,0.50913069
"Polyethylene low density granulate (PE-LD), production mix, at plant",Raw Materials,Materials production > Plastics,0.0,0.0,0.00774291,0.00454415,0.00101251,0.00093332,0.00101304,0.00177401,0.0015644,0.0017754,0.00178344,0.00112517,2.18483066,3.05734264,0.0,0.06584658,0.00593161,0.00593124,0.00593288,0.0,0.0,2.06524862,19.0668561,105.06355857,0.00230432,0.00026042,0.01338987,0.00310112,0.00054298,0.01366765,34.68238733,1.1e-07,0.0,0.0,0.0,0.0,0.0,0.0,0.0,0.00011297,0.00121524,0.00121524,0.00025295,0.0001978,0.00022489,0.00011107,1.104e-05,2.34e-06,4.285e-05,2.07071403
"Process steam from natural gas 90 %, consumption mix, at power plant, heat plant, MJ, 90 % efficiency",Product-as-a-Service,Energy carriers and technologies > Heat and steam,0.0,0.0,4.636e-05,7.475e-05,4.27e-06,4.25e-06,4.29e-06,2.5e-06,2.47e-06,2.56e-06,2.68e-06,4.35e-06,0.07020248,0.07103605,0.0,0.00045614,0.00044217,0.00044213,0.00044229,0.0,4.44e-06,0.07018084,30.43449718,0.01597826,6.518e-05,1.137e-05,0.00035011,8.975e-05,2.405e-05,0.00037144,0.01153225,0.0,0.0,0.0,0.0,0.0,0.0,0.0,0.0,1.98e-06,3.76e-06,3.76e-06,3.15e-06,2.68e-06,2.43e-06,7.1e-07,5e-07,4.8e-07,5.6e-07,0.07022111
"Waste incineration of plastics (unspecified) fraction in municipal solid waste (MSW), at plant, average European waste-to-energy plant, without collection, transport and pre-treatment",Transport & Packaging,End-of-life treatment > Energy recycling,-6e-08,-3e-08,0.50813438,0.79564009,0.03500199,0.02913787,0.04414203,0.06785534,0.05633104,0.08564031,0.10242738,0.04846466,2278.5149011,2286.67714037,-0.0,-2.46677137,2.81216677,2.77037774,2.9672189,6e-08,-0.0,2277.70064857,-585120.86978208,43849.0050214,0.66626402,0.18776449,3.29443029,0.85011754,0.38905297,2.86592925,14541.83052427,3.11e-06,1.36e-06,1.35e-06,1.35e-06,1.35e-06,1.35e-06,1.35e-06,1.36e-06,0.00353151,0.02263803,0.02263803,0.00786426,0.00620047,0.00761016,0.11846735,0.01350773,0.00296994,0.05043499,2277.94935573
"Electricity grid mix, consumption mix, at consumer, AC, 230V",Product-as-a-Service,Energy carriers and technologies > Electricity,1e-08,1e-08,0.00061038,0.00049795,0.00108533,0.00104248,0.00109265,0.00238329,0.00227743,0.00239427,0.0024117,0.0011045,0.27262653,0.29257442,0.0,0.01158085,0.00445123,0.00444417,0.00446956,0.0,0.00012252,0.27027763,20027.82566001,34.04724058,0.00455912,0.00071665,0.02411592,0.00488741,0.00123421,0.02155663,12.1486662,1.1e-07,0.0,0.0,0.0,0.0,0.0,0.0,0.0,1.219e-05,4.542e-05,4.542e-05,2.159e-05,1.816e-05,1.92e-05,0.00011461,1.364e-05,4.13e-06,4.678e-05,0.27066992
"Electricity grid mix 1kV-60kV, consumption mix, at consumer, AC, 1kV - 60kV",Product-as-a-Service,Energy carriers and technologies > Electricity,3e-08,1e-08,0.00299285,0.00106201,0.00111029,0.0010003,0.00121983,0.00235169,0.00215536,0.00252255,0.00260245,0.00126136,0.44034915,0.49464785,0.0,0.0321857,0.02019385,0.02017056,0.02024168,0.0,0.00011594,0.43332898,4187.39847119,40.33841709,0.0086519,0.00146816,0.04749873,0.0081981,0.00205315,0.03767353,15.26556433,0.0,0.0,0.0,0.0,0.0,0.0,0.0,0.0,2.03e-05,0.00017912,0.00017912,3.342e-05,2.94e-05,3.175e-05,0.00032417,3.731e-05,9.3e-06,0.00012147,0.43412409
"Electricity grid mix, consumption mix, at consumer, AC, 230V",Product-as-a-Service,Energy carriers and technologies > Electricity,0.0,0.0,0.00983707,0.00408348,0.00069978,0.00063188,0.00074203,0.0014695,0.00132579,0.00152645,0.00156535,0.00076711,1.27883324,1.34237865,0.0,0.07176339,0.05949359,0.0594794,0.05953739,0.0,0.00018989,1.27068731,11355.43330157,10.48977956,0.02623468,0.00433513,0.14087081,0.03396267,0.00892047,0.14323363,6.64394481,0.0,0.0,0.0,0.0,0.0,0.0,0.0,0.0,5.38e-05,0.0005378,0.0005378,0.00010985,8.778e-05,0.00010179,0.00030966,1.769e-05,7.7e-06,4.952e-05,1.27147887
"Electricity grid mix, consumption mix, at consumer, AC, 230V",Product-as-a-Service,Energy carriers and technologies > Electricity,1e-08,0.0,0.00110077,0.00080768,0.00066402,0.00061811,0.00068532,0.00144615,0.00135124,0.00148031,0.00151119,0.00070128,0.63039743,0.68099917,0.0,0.01887895,0.00799497,0.00798245,0.00801946,0.0,0.00025456,0.62429306,75834.21701237,66.21867427,0.00418469,0.00068195,0.02265055,0.00453054,0.00112497,0.02003107,22.55589568,0.0,0.0,0.0,0.0,0.0,0.0,0.0,0.0,1.669e-05,7.386e-05,7.386e-05,3.081e-05,2.575e-05,2.744e-05,0.00039167,4.439e-05,1.061e-05,0.0001625,0.62488123
"Electricity Mix, consumption mix, at consumer, AC, 230V",Product-as-a-Service,Energy carriers and technologies > Electricity,0.0,0.0,0.00120077,0.00078132,0.00086047,0.00080138,0.00088742,0.00188898,0.00176271,0.00193478,0.00198338,0.00091138,0.7145032,0.77602448,0.0,0.01530338,0.002511,0.00249653,0.0025378,0.0,0.0,0.70647506,1213.74556852,61.15768221,0.00509644,0.00083815,0.02751663,0.00548366,0.0013804,0.02425695,21.08485195,1.3e-07,6e-08,6e-08,6e-08,6e-08,6e-08,6e-08,6e-08,1.24e-05,7.647e-05,7.647e-05,2.195e-05,1.866e-05,1.885e-05,0.00038374,4.589e-05,1.053e-05,0.00016856,0.70695828
"Process steam from natural gas 90 %, consumption mix, at power plant, heat plant, MJ, 90 % efficiency",Product-as-a-Service,Energy carriers and technologies > Heat and steam,0.0,0.0,5.66e-05,7.786e-05,8.25e-06,7.95e-06,8.33e-06,1.057e-05,9.8e-06,1.075e-05,1.104e-05,8.57e-06,0.07179636,0.07500024,0.0,0.00062928,0.00054797,0.00054791,0.00054817,0.0,8.4e-06,0.07139019,892.55981003,0.04976333,7.425e-05,1.266e-05,0.00039764,9.892e-05,2.579e-05,0.00041484,0.02291759,0.0,0.0,0.0,0.0,0.0,0.0,0.0,0.0,3.4e-06,6.61e-06,6.61e-06,6.22e-06,5.12e-06,5.19e-06,1.1e-06,6.2e-07,5.8e-07,7.6e-07,0.07144912
"Electricity Mix, consumption mix, at consumer, AC, 230V",Product-as-a-Service,Energy carriers and technologies > Electricity,0.0,0.0,0.00143162,0.0009317,0.0009108,0.00083859,0.00095641,0.00203681,0.00186795,0.00212853,0.00227348,0.00101861,0.51996988,0.57282361,0.0,0.01556016,0.00580712,0.00579574,0.00583051,0.0,0.0,0.51333756,1774.17919492,61.45157822,0.00631464,0.00105565,0.03419108,0.00702415,0.00175078,0.03146179,21.41071766,1.2e-07,6e-08,6e-08,6e-08,6e-08,6e-08,6e-08,6e-08,2.695e-05,0.00011055,0.00011055,5.329e-05,4.374e-05,5.051e-05,0.00012428,1.67e-05,4.73e-06,5.521e-05,0.51511943
"Electricity Mix, consumption mix, at consumer, AC, 220V",Product-as-a-Service,Energy carriers and technologies > Electricity,0.0,0.0,0.00457447,0.00190638,0.00042635,0.00030403,0.00054803,0.0006493,0.00046993,0.00085208,0.00107985,0.0006423,0.874932,0.92312294,0.0,0.07128506,0.01495654,0.01491288,0.01502079,0.0,0.0,0.86909842,1563.32109395,572.79746578,0.01389641,0.0028263,0.07265722,0.01457114,0.0048039,0.06010426,191.05441424,0.0,0.0,0.0,0.0,0.0,0.0,0.0,0.0,3.011e-05,0.0002488,0.0002488,4.834e-05,4.168e-05,4.04e-05,0.00033512,5.294e-05,1.632e-05,0.00015744,0.86995492
"Electricity Mix, consumption mix, at consumer, AC, 1kV - 60kV",Product-as-a-Service,Energy carriers and technologies > Electricity,0.0,0.0,0.01240392,0.00198906,0.00072075,0.000625,0.00088678,0.00151877,0.00129775,0.00190154,0.00291772,0.00129504,0.98086072,1.02935425,0.0,0.05711419,0.03679238,0.03678205,0.03681952,0.0,0.0,0.97527457,13276.944399,12.54415554,0.02778747,0.00503318,0.1460749,0.03301064,0.0089755,0.14518597,8.54756372,0.0,0.0,0.0,0.0,0.0,0.0,0.0,0.0,5.002e-05,0.00064636,0.00064636,9.12e-05,7.44e-05,7.825e-05,0.00015985,2.21e-05,1.051e-05,6.089e-05,0.97580122
"Kaolin coarse filler , at plant, Production",Raw Materials,Materials production > Other mineral materials,0.0,0.0,0.00013804,0.00022044,0.00095889,0.00091907,0.0009833,0.00165433,0.00156121,0.00169921,0.00177548,0.0010191,0.09334943,0.10304966,0.0,0.01727898,0.00586945,0.00585833,0.0058923,0.0,0.0,0.00500941,1661.22179738,16.45784507,0.00403951,0.00074944,0.02140307,0.00474546,0.00133816,0.02021917,6.11224014,1e-08,1e-08,1e-08,1e-08,1e-08,1e-08,1e-08,1e-08,4.916e-05,4.083e-05,4.083e-05,7.247e-05,6.193e-05,4.266e-05,0.00028523,2.694e-05,6.23e-06,0.00010044,0.00603812
"Nitrogen, production mix, at plant, via cryogenic air separation, gaseous",Product-as-a-Service,Materials production > Inorganic chemicals,0.0,0.0,0.00061548,0.00019043,0.00014654,0.00013365,0.00015591,0.00030868,0.00028396,0.00032548,0.0003517,0.00016706,0.08911446,0.0977678,0.0,0.00533616,0.00128747,0.00128397,0.00129346,0.0,0.0,0.08795302,3189.61527617,33.71280997,0.00130478,0.00022616,0.00699676,0.00136607,0.00035776,0.00608233,11.33603745,2e-08,1e-08,1e-08,1e-08,1e-08,1e-08,1e-08,1e-08,3.04e-06,3.312e-05,3.312e-05,5.43e-06,4.58e-06,4.8e-06,6.321e-05,7.99e-06,1.99e-06,2.802e-05,0.08806703
"Process steam from Heavy fuel oil 90 %, consumption mix, at power plant, heat plant, MJ, 90 % efficiency",Product-as-a-Service,Energy carriers and technologies > Heat and steam,0.0,0.0,0.00031475,0.00014609,7.212e-05,6.699e-05,7.346e-05,0.00015529,0.00014263,0.00015718,0.00015957,7.504e-05,0.10356803,0.1080783,0.0,0.0044062,0.00344191,0.00344059,0.00344643,0.0,1.419e-05,0.10296417,1002.79087235,0.9078284,0.00288787,0.00047534,0.0154602,0.00381616,0.0010043,0.01602485,0.64408317,0.0,0.0,0.0,0.0,0.0,0.0,0.0,0.0,4.05e-06,1.992e-05,1.992e-05,7.76e-06,6.27e-06,6.88e-06,1.814e-05,1.03e-06,6.1e-07,2.52e-06,0.10300309
"Electricity Mix, consumption mix, at consumer, AC, 1kV - 60kV",Product-as-a-Service,Energy carriers and technologies > Electricity,0.0,0.0,0.00555347,0.00149797,0.00088393,0.00077697,0.0009554,0.00199687,0.00174902,0.00214308,0.0024161,0.00106777,0.52340399,0.58903406,0.0,0.0336371,0.01161991,0.01160499,0.01164633,0.0,0.0,0.514583,2850.45301367,233.68208059,0.00782224,0.00130597,0.0431355,0.00883341,0.00209248,0.04006345,78.19218076,6e-08,3e-08,3e-08,3e-08,3e-08,3e-08,3e-08,3e-08,3.013e-05,0.00029942,0.00029942,5.68e-05,4.693e-05,4.755e-05,0.00037706,4.748e-05,1.279e-05,0.00016593,0.51540811
"Process steam from Light fuel oil 90 %, consumption mix, at power plant, heat plant, MJ, 90 % efficiency",Product-as-a-Service,Energy carriers and technologies > Heat and steam,0.0,0.0,8.86e-05,0.00010729,9.92e-06,9.53e-06,1.011e-05,1.421e-05,1.328e-05,1.458e-05,1.514e-05,1.064e-05,0.09629331,0.09703518,0.0,0.0017163,0.00044164,0.00043974,0.00044911,0.0,5.29e-06,0.09635305,718.32730359,1.1086013,0.00560273,0.00093157,0.02990061,0.00748858,0.00199517,0.03128535,0.99742584,0.0,0.0,0.0,0.0,0.0,0.0,0.0,0.0,1.99e-06,6.13e-06,6.13e-06,2.71e-06,2.36e-06,1.83e-06,4.55e-06,7.9e-07,5.7e-07,1.65e-06,0.09638139
"Process steam from natural gas, consumption mix, at plant, heat plant, MJ",Product-as-a-Service,Energy carriers and technologies > Heat and steam,0.0,0.0,3.748e-05,5.534e-05,2.145e-05,1.886e-05,2.341e-05,4.807e-05,4.154e-05,5.252e-05,5.418e-05,2.422e-05,0.06563924,0.06704461,0.0,0.00042748,0.00033265,0.00033231,0.00033336,0.0,0.0,0.06547305,31.44469434,0.15602366,0.00019406,3.155e-05,0.00106884,0.00024022,5.998e-05,0.00106482,0.09871679,0.0,0.0,0.0,0.0,0.0,0.0,0.0,0.0,1.36e-06,2.78e-06,2.78e-06,2.15e-06,1.84e-06,1.52e-06,1.17e-06,5e-07,3.7e-07,8.2e-07,0.06548303
"Process steam from Heavy fuel oil 90%, consumption mix, at power plant, heat plant, MJ, 90 % efficiency",Product-as-a-Service,Energy carriers and technologies > Heat and steam,0.0,0.0,0.00062091,0.00022614,5.876e-05,5.312e-05,6.217e-05,0.00012407,0.00011206,0.00012869,0.00013186,6.422e-05,0.10346278,0.10864346,0.0,0.00567261,0.00467417,0.004673,0.00467774,0.0,1.778e-05,0.10281708,966.2475907,0.87898472,0.00211779,0.00034975,0.01137276,0.00274037,0.00071932,0.01155988,0.54741016,0.0,0.0,0.0,0.0,0.0,0.0,0.0,0.0,4.34e-06,3.557e-05,3.557e-05,8.87e-06,7.09e-06,8.22e-06,2.531e-05,1.47e-06,6.3e-07,4.15e-06,0.10288158
"Waste incineration of municipal solid waste (MSW), at plant, average European waste-to-energy plant, without collection, transport and pre-treatment",Transport & Packaging,End-of-life treatment > Energy recycling,-1.8e-07,-9e-08,0.28279775,0.61962444,-0.04936451,-0.04110871,-0.06219547,-0.1303007,-0.10792137,-0.1645253,-0.26160503,-0.10839532,330.95225313,338.07837028,-0.0,-25.14524671,-0.87494054,-0.88147354,-0.85668938,4e-08,-0.0,329.93426843,-3327120.13872574,983.31242296,-3.10618483,-0.52687687,-16.34115665,-3.65967131,-0.84430682,-16.79551901,92.03248022,1.87e-06,8.9e-07,8.9e-07,8.9e-07,8.9e-07,8.9e-07,8.9e-07,9e-07,-0.00592532,-0.00137157,-0.00137157,-0.01375815,-0.01078851,-0.01557972,0.57283994,0.0640801,0.01357451,0.24761116,329.06498511
"Heavy fuel oil, consumption mix, at refinery, from crude oil",Product-as-a-Service,Energy carriers and technologies > Crude oil based fuels,0.0,0.0,0.00211968,0.00094158,0.0013946,0.00127894,0.00147041,0.00311433,0.00281735,0.00329085,0.00361506,0.00162376,0.36080656,0.51833331,0.0,0.07339212,0.01186794,0.01184148,0.01195419,0.0,0.0,0.33927223,10746.8115412,41.86271664,0.07180966,0.01508029,0.3611704,0.09083694,0.03191326,0.34907075,25.80139574,1e-08,0.0,0.0,0.0,0.0,0.0,0.0,0.0,9.818e-05,0.00026334,0.00026334,0.00023576,0.00018333,0.00023594,0.00013998,1.531e-05,3.51e-06,5.499e-05,0.34002252
"Copper tube; technology mix; market mix, at plant; diameter 15 mm, 1 mm thickness, Technology and Market Mix for Tube fabrication representing main European production countries, Market Mix for Copper cathode in Europe (primary and secondary Cu cathod...",Manufacturing,Materials production > Metals and semimetals,0.02260419,0.01100793,5.07101026,2.65311204,3.99800761,3.70921862,4.39307066,7.81490562,7.16623549,8.70993538,24.15989017,10.43267261,1322.66399219,1508.96396919,0.0,212.64499762,106.2971967,106.06648869,107.32466545,2.46e-06,0.0,1298.70502778,51393371.14301882,339134.47290803,27.59399985,4.646798,150.86793564,28.82388446,7.09949581,130.2936826,118371.14242747,0.00010179,5.024e-05,4.889e-05,4.839e-05,4.804e-05,4.778e-05,4.742e-05,5.532e-05,0.06805765,0.33598118,0.33598118,0.1461883,0.11682642,0.13443676,155.71704232,1.6363597,0.33183737,7.90305016,1301.33257818
"Graphic Paper,  production mix, at plant,  technology mix,  79% primary fibre, 21% recycled fibre",Raw Materials,Materials production > Paper and cardboards,0.0,0.0,1.18456923,0.00698016,112.77007367,106.81243226,116.56168017,241.55496703,225.91356177,251.20381855,273.92147561,125.98684806,836.46315492,922.25706006,0.0,964.25278807,879.75247218,879.37073748,881.09192691,1.069e-05,0.0,826.96842334,39255.65492166,322757.59228832,1054.07752837,174.45916582,5632.90708991,1232.40153648,294.48696127,5504.97152606,210280.75854582,1.98e-05,3.4e-07,3.3e-07,3.1e-07,3e-07,2.9e-07,2.7e-07,3.6e-07,0.0137696,0.07751284,0.07751284,0.03082112,0.02424137,0.02821718,77.60581011,8.60501378,1.81553239,33.43042316,827.75446705
"Electricity grid mix, consumption mix, at consumer, AC, 230V",Product-as-a-Service,Energy carriers and technologies > Electricity,2.3e-07,1.1e-07,3.203e-05,2.594e-05,2.239e-05,2.091e-05,2.396e-05,4.89e-05,4.546e-05,5.247e-05,6.167e-05,2.773e-05,0.02359456,0.02442314,0.0,0.00025544,-0.00024737,-0.00024793,-0.00024557,0.0,2.729e-05,0.02351107,640.99069078,4.23747786,0.00025928,4.545e-05,0.00136924,0.00029481,7.691e-05,0.00131657,1.43589848,0.0,0.0,0.0,0.0,0.0,0.0,0.0,0.0,7.6e-07,2.79e-06,2.79e-06,1.3e-06,1.12e-06,1.29e-06,7.51e-06,1.15e-06,2.9e-07,4.18e-06,0.0235556
"Electricity grid mix, consumption mix, at consumer, AC, 230V",Product-as-a-Service,Energy carriers and technologies > Electricity,1.3e-07,6e-08,0.00036977,0.0002629,0.00085148,0.00081635,0.00085938,0.00188126,0.00179517,0.00189465,0.00191587,0.00087165,0.17672109,0.19293164,0.0,0.00803801,0.00235862,0.00235219,0.00237552,0.0,8.083e-05,0.174765,24687.09753455,23.14069528,0.00381796,0.00060321,0.02028584,0.00414472,0.00103685,0.01831595,8.38953395,4e-08,0.0,0.0,0.0,0.0,0.0,0.0,0.0,5.96e-06,2.584e-05,2.584e-05,1.153e-05,9.49e-06,1.034e-05,0.00023482,2.659e-05,6e-06,0.00010027,0.17496746
"Electricity grid mix 1kV-60kV, consumption mix, at consumer, AC, 1kV - 60kV",Product-as-a-Service,Energy carriers and technologies > Electricity,0.0,0.0,0.00205012,0.00148647,0.00043922,0.00040656,0.00045558,0.00095075,0.0008865,0.00097557,0.00099846,0.00046733,0.56368417,0.6274752,0.0,0.02279044,0.01622362,0.01621285,0.01624625,0.0,0.02812683,0.55535729,249091.80667352,25.78772762,0.00343342,0.0005626,0.01857402,0.00383195,0.00097107,0.01675481,9.08037961,1e-08,0.0,0.0,0.0,0.0,0.0,0.0,0.0,1.414e-05,0.0001041,0.0001041,2.762e-05,2.249e-05,2.391e-05,0.00029394,2.952e-05,7.34e-06,0.00010657,0.55580049
"Light fuel oil at refinery, production mix, at refinery, from crude oil, fuel supply, 0.1 wt.% sulphur",Product-as-a-Service,Energy carriers and technologies > Crude oil based fuels,0.0,0.0,0.00277532,0.00130659,0.00189629,0.00176975,0.00190649,0.00428135,0.00394548,0.00430137,0.00434277,0.00194092,0.44991249,0.64308839,0.0,0.03191382,0.0123816,0.01234886,0.01249719,0.0,0.00067423,0.42360655,17052.07360259,23.72873317,0.07794181,0.01277954,0.41712661,0.10364788,0.02723531,0.43490991,17.04589868,1e-08,0.0,0.0,0.0,0.0,0.0,0.0,0.0,0.00011582,0.00034418,0.00034418,0.00027805,0.00021625,0.0002783,0.00015753,1.422e-05,3.21e-06,5.379e-05,0.42462844
"Process steam from heavy fuel oil, consumption mix, at plant, heat plant, MJ",Product-as-a-Service,Energy carriers and technologies > Heat and steam,0.0,0.0,0.00043409,0.00010449,2.163e-05,1.729e-05,3.074e-05,3.916e-05,3.083e-05,5.851e-05,0.00010658,5.457e-05,0.09752285,0.09972563,0.0,0.01764738,0.00192131,0.00192041,0.00192407,0.0,0.0,0.09726859,752.53504248,1.60035428,0.00297602,0.00069548,0.01451771,0.00374808,0.00147527,0.01387342,1.02051159,0.0,0.0,0.0,0.0,0.0,0.0,0.0,0.0,2.85e-06,2.334e-05,2.334e-05,4.89e-06,4.04e-06,4.04e-06,9.36e-06,1.44e-06,7e-07,3.72e-06,0.09729397
"Process steam from Heavy fuel oil 90 %, consumption mix, at power plant, heat plant, MJ, 90 % efficiency",Product-as-a-Service,Energy carriers and technologies > Heat and steam,0.0,0.0,0.00074478,0.00023523,6.635e-05,6.036e-05,6.96e-05,0.00014099,0.00012784,0.00014538,0.00014851,7.162e-05,0.09975721,0.10327711,0.0,0.00532554,0.00450559,0.00450479,0.00450771,0.0,1.456e-05,0.09932231,806.17368191,0.60649825,0.00102672,0.00016758,0.00555248,0.00128401,0.00032979,0.00548025,0.33682034,0.0,0.0,0.0,0.0,0.0,0.0,0.0,0.0,3.21e-06,3.983e-05,3.983e-05,6.19e-06,5e-06,5.56e-06,2.348e-05,1.34e-06,5.9e-07,3.73e-06,0.09938273
"cartonboard sheets; mixed technology; production mix, at plant; 46% primary fibre, 54% recovered fibre (en)",Raw Materials,Systems > Packaging,1e-08,1e-08,0.0024734,0.00014055,0.00156614,0.00147983,0.00164169,0.00301244,0.00281838,0.00317845,0.00351382,0.00201233,1.04419818,1.15442143,0.0,0.76550296,0.02138712,0.02135886,0.02143317,0.0,0.0,0.42580944,61955.06010324,142.22417977,0.0143546,0.002611,0.0755696,0.01629454,0.00454404,0.07053086,49.44767665,1e-07,6e-08,6e-08,6e-08,6e-08,6e-08,6e-08,6e-08,6.77e-05,0.00023577,0.00023577,0.00013041,0.00010724,0.00011637,0.00065181,7.426e-05,1.747e-05,0.00027551,0.42898249
"Process steam from natural gas 90 %, consumption mix, at power plant, heat plant, MJ, 90 % efficiency",Product-as-a-Service,Energy carriers and technologies > Heat and steam,0.0,0.0,6.503e-05,9.967e-05,4.33e-06,4.29e-06,4.36e-06,2.87e-06,2.79e-06,2.94e-06,3.07e-06,4.44e-06,0.06967286,0.07169068,0.0,0.00048784,0.0004574,0.00045736,0.00045754,0.0,4.5e-06,0.06944427,89.09966477,0.06109592,6.021e-05,1.055e-05,0.00032571,8.323e-05,2.223e-05,0.00034467,0.02672674,0.0,0.0,0.0,0.0,0.0,0.0,0.0,0.0,2.19e-06,5e-06,5e-06,3.7e-06,3.1e-06,2.95e-06,1.09e-06,5.3e-07,4.7e-07,7.2e-07,0.06948554
"Compressed air, production mix, 14 bar, high efficiency, low power consumption",Raw Materials,Energy carriers and technologies > Mechanical energy,0.0,0.0,0.0,0.0,0.0,0.0,0.0,0.0,0.0,0.0,0.0,0.0,0.0,0.0,0.0,0.0,0.0,0.0,0.0,0.0,0.0,0.0,0.0,0.0,0.0,0.0,0.0,0.0,0.0,0.0,0.0,0.0,0.0,0.0,0.0,0.0,0.0,0.0,0.0,0.0,0.0,0.0,0.0,0.0,0.0,0.0,0.0,0.0,0.0,0.0
"Electricity grid mix 1kV-60kV, consumption mix, at consumer, AC, 1kV - 60kV",Product-as-a-Service,Energy carriers and technologies > Electricity,1e-08,1e-08,0.00780509,0.0017021,0.00056773,0.00034883,0.00090412,0.00106829,0.00069827,0.00166317,0.00192401,0.00102296,0.96249395,1.03093108,0.0,0.13153209,0.11561575,0.11556638,0.11571053,0.0,9.335e-05,0.95393057,18563.11007144,75.95758561,0.01588954,0.00283645,0.08935404,0.01515155,0.00377418,0.07192796,29.24679976,0.0,0.0,0.0,0.0,0.0,0.0,0.0,0.0,3.191e-05,0.00041752,0.00041752,6.436e-05,5.212e-05,5.992e-05,0.00122341,0.00011048,2.599e-05,0.00037796,0.95533418
"Process steam from light fuel oil, consumption mix, at plant, heat plant, MJ",Product-as-a-Service,Energy carriers and technologies > Heat and steam,0.0,0.0,0.00041498,0.00045497,4.69e-05,4.35e-05,4.911e-05,9.483e-05,8.61e-05,9.996e-05,0.0001093,5.364e-05,0.09351101,0.09840221,0.0,0.003019,0.00087071,0.00086992,0.00087328,0.0,0.0,0.09288305,1221.77956194,1.24261551,0.00211743,0.00044572,0.01064424,0.00267876,0.00094226,0.01028727,0.76334757,0.0,0.0,0.0,0.0,0.0,0.0,0.0,0.0,4.99e-06,2.399e-05,2.399e-05,9.29e-06,7.55e-06,8.08e-06,4.73e-06,1.12e-06,7.8e-07,2.26e-06,0.09293362
"Kerosene / Jet A1 at refinery, production mix, at refinery, from crude oil, fuel supply, 480 ppm sulphur",Product-as-a-Service,Energy carriers and technologies > Crude oil based fuels,0.0,0.0,0.002539,0.00121973,0.00182877,0.00170704,0.00183707,0.0041354,0.00381093,0.00415187,0.00418871,0.001868,0.40065822,0.58928532,0.0,0.02787549,0.01010992,0.0100783,0.01022268,0.0,0.00061842,0.37490297,15765.56725362,22.74694406,0.07671136,0.01257866,0.41050783,0.10207797,0.02683374,0.42821553,16.57466701,1e-08,0.0,0.0,0.0,0.0,0.0,0.0,0.0,0.00011305,0.0003217,0.0003217,0.00027178,0.00021129,0.000272,0.00012522,1.101e-05,2.51e-06,4.172e-05,0.37583062
"Process steam from heavy fuel oil, consumption mix, at plant, heat plant, MJ",Product-as-a-Service,Energy carriers and technologies > Heat and steam,0.0,0.0,0.00128555,0.00020709,5.829e-05,4.912e-05,7.552e-05,0.00012083,0.00010028,0.00016041,0.00026464,0.00011733,0.10020544,0.10533726,0.0,0.00605834,0.00374284,0.00374175,0.00374555,0.0,0.0,0.0996094,1370.82750537,5.23657584,0.00259476,0.00046305,0.01371355,0.00310853,0.00082318,0.01379215,2.11522066,0.0,0.0,0.0,0.0,0.0,0.0,0.0,0.0,5.1e-06,6.689e-05,6.689e-05,9.29e-06,7.58e-06,7.98e-06,2.083e-05,2.79e-06,1.18e-06,8.22e-06,0.0996644
"Electricity grid mix, consumption mix, at consumer, AC, 230V",Product-as-a-Service,Energy carriers and technologies > Electricity,0.0,0.0,0.00695335,0.00219757,0.00061835,0.00056258,0.00064865,0.00131302,0.00119059,0.00135389,0.0013829,0.00066738,0.93049561,0.96378799,0.0,0.04964765,0.04201783,0.04201045,0.04203751,0.0,0.00013475,0.926389,17200.50005624,5.6321786,0.0095589,0.00156031,0.05169361,0.01195438,0.00307053,0.05102138,3.1311861,0.0,0.0,0.0,0.0,0.0,0.0,0.0,0.0,3.018e-05,0.00037164,0.00037164,5.811e-05,4.695e-05,5.212e-05,0.00021828,1.254e-05,5.55e-06,3.464e-05,0.92696095
"Process steam from light fuel oil, consumption mix, at plant, heat plant, MJ",Product-as-a-Service,Energy carriers and technologies > Heat and steam,0.0,0.0,0.00031847,0.0002896,4.517e-05,4.176e-05,4.738e-05,9.401e-05,8.526e-05,9.915e-05,0.00010849,5.192e-05,0.09348214,0.09831763,0.0,0.00282468,0.0006763,0.00067551,0.00067887,0.0,0.0,0.09286269,949.36472798,1.24291349,0.00211734,0.0004454,0.01064553,0.00267884,0.00094201,0.01028872,0.76346928,0.0,0.0,0.0,0.0,0.0,0.0,0.0,0.0,4.47e-06,1.99e-05,1.99e-05,8.83e-06,7.1e-06,8.01e-06,4.53e-06,9.1e-07,5.7e-07,2.06e-06,0.09291783
"Gypsum stone (CaSO4-dihydrate), production mix, at plant, underground and open pit mining, grinded and purified product",Raw Materials,Materials production > Other mineral materials,0.0,0.0,1.679e-05,2.376e-05,2.25e-06,2.08e-06,2.34e-06,5.02e-06,4.63e-06,5.19e-06,5.41e-06,2.52e-06,0.00265823,0.00284842,0.0,0.00023704,2.931e-05,2.928e-05,2.939e-05,0.0,0.0,0.00265988,10.05474601,0.11668441,2.965e-05,6.15e-06,0.00015051,3.671e-05,1.279e-05,0.00014227,0.0437127,0.0,0.0,0.0,0.0,0.0,0.0,0.0,0.0,2.2e-07,1.26e-06,1.26e-06,4.9e-07,3.8e-07,5.1e-07,6.8e-07,8e-08,2e-08,2.9e-07,0.00267934
"Electricity Mix, consumption mix, at consumer, AC, 1kV - 60kV",Product-as-a-Service,Energy carriers and technologies > Electricity,0.0,0.0,0.01392752,0.00334455,0.00070502,0.00047927,0.00089162,0.00090721,0.00060984,0.00118141,0.00132321,0.0009549,1.09881295,1.18392997,0.0,0.20137537,0.01657497,0.0164813,0.01670756,0.0,0.0,1.08771486,475.34148196,2184.07662078,0.01450716,0.00260054,0.0804215,0.01147777,0.00290598,0.05296352,721.43087088,0.0,0.0,0.0,0.0,0.0,0.0,0.0,0.0,2.982e-05,0.0006871,0.0006871,3.812e-05,3.729e-05,3.681e-05,0.00182754,0.00023085,5.312e-05,0.00081802,1.08839586
"Compressed air, production mix, 10 bar, low efficiency, high power consumption",Raw Materials,Energy carriers and technologies > Mechanical energy,0.0,0.0,0.0,0.0,0.0,0.0,0.0,0.0,0.0,0.0,0.0,0.0,0.0,0.0,0.0,0.0,0.0,0.0,0.0,0.0,0.0,0.0,0.0,0.0,0.0,0.0,0.0,0.0,0.0,0.0,0.0,0.0,0.0,0.0,0.0,0.0,0.0,0.0,0.0,0.0,0.0,0.0,0.0,0.0,0.0,0.0,0.0,0.0,0.0,0.0
"Electricity grid mix 1kV-60kV, consumption mix, at consumer, AC, 1kV - 60kV",Product-as-a-Service,Energy carriers and technologies > Electricity,0.0,0.0,0.0008233,0.00074074,0.00028925,0.00026394,0.00030188,0.00060226,0.00055405,0.00062125,0.00063669,0.00030989,0.52068101,0.56010447,0.0,0.01212244,0.00598294,0.00597467,0.00599855,0.0,0.00025547,0.51553036,49812.6342313,34.93421984,0.00239878,0.00039696,0.01300591,0.00266947,0.00067965,0.01163608,11.88259251,0.0,0.0,0.0,0.0,0.0,0.0,0.0,0.0,1.524e-05,5.547e-05,5.547e-05,2.513e-05,2.153e-05,2.045e-05,0.00016175,2.018e-05,6.28e-06,6.717e-05,0.51584146
"Process steam from natural gas, consumption mix, at plant, heat plant, MJ",Product-as-a-Service,Energy carriers and technologies > Heat and steam,0.0,0.0,0.00020688,0.00020165,5.134e-05,4.518e-05,5.599e-05,0.00011539,9.991e-05,0.00012598,0.00014094,6.22e-05,0.0792914,0.09462475,0.0,0.0012889,0.0008909,0.0008903,0.00089212,0.0,0.0,0.0771818,623.12522013,3.14672477,0.00029269,4.652e-05,0.00165594,0.00034925,8.011e-05,0.00160767,1.11065474,0.0,0.0,0.0,0.0,0.0,0.0,0.0,0.0,6.14e-06,1.636e-05,1.636e-05,1.22e-05,9.89e-06,9.53e-06,5.59e-06,1.34e-06,8.3e-07,2.91e-06,0.0772495
"Process steam from natural gas, consumption mix, at plant, heat plant, MJ",Product-as-a-Service,Energy carriers and technologies > Heat and steam,0.0,0.0,3.803e-05,5.574e-05,2.803e-05,2.456e-05,3.064e-05,6.467e-05,5.588e-05,7.058e-05,7.275e-05,3.169e-05,0.06475278,0.06561781,0.0,0.00045903,0.00033863,0.0003382,0.00033956,0.0,0.0,0.06466273,29.56485606,0.15952882,0.00022822,3.639e-05,0.00126545,0.00028118,6.85e-05,0.00126068,0.11242124,0.0,0.0,0.0,0.0,0.0,0.0,0.0,0.0,1.27e-06,2.66e-06,2.66e-06,1.92e-06,1.66e-06,1.32e-06,1.33e-06,5.4e-07,3.8e-07,9.4e-07,0.06467357
"Electricity Mix, consumption mix, at consumer, AC, 230V",Product-as-a-Service,Energy carriers and technologies > Electricity,0.0,0.0,0.02837822,0.00352344,0.00166991,0.00147522,0.00185896,0.00344873,0.00310062,0.00379364,0.00421289,0.0020354,0.91510153,0.98469461,0.0,0.07357101,0.0206375,0.02057989,0.02073797,1e-08,0.0,0.90557022,1446.96617956,436.05119044,0.02002376,0.00346048,0.10894287,0.02091103,0.00520239,0.09489508,147.08989503,2.6e-07,1.2e-07,1.2e-07,1.2e-07,1.2e-07,1.2e-07,1.2e-07,1.2e-07,2.599e-05,0.00138514,0.00138514,4.104e-05,3.65e-05,3.852e-05,0.00166616,0.00020067,4.52e-05,0.00073401,0.90703421
"Gasoline (regular), consumption mix, at refinery, from crude oil, 100 ppm sulphur",Product-as-a-Service,Energy carriers and technologies > Crude oil based fuels,0.0,0.0,0.00382844,0.00151715,0.00214855,0.00197117,0.0022968,0.00464497,0.00419946,0.00499165,0.00574829,0.00266497,0.70700506,0.89990372,0.0,0.20803478,0.03174885,0.03171095,0.0318618,0.0,0.0,0.68101634,13281.1661271,60.28774912,0.09045325,0.01873483,0.45698868,0.11330986,0.03892389,0.44210936,34.84399836,2e-08,0.0,0.0,0.0,0.0,0.0,0.0,0.0,0.00011962,0.00043408,0.00043408,0.0002856,0.00022248,0.00028585,0.00037017,4.063e-05,9.03e-06,0.00014951,0.6823189
"Process steam from natural gas 90 %, consumption mix, at power plant, heat plant, MJ, 90 % efficiency",Product-as-a-Service,Energy carriers and technologies > Heat and steam,0.0,0.0,0.00017103,4.351e-05,1.356e-05,1.267e-05,1.367e-05,2.574e-05,2.339e-05,2.6e-05,2.659e-05,1.415e-05,0.08516787,0.1078853,0.0,0.00056263,0.00042971,0.00042958,0.00043015,0.0,2.088e-05,0.08202772,1783.62900071,0.0525249,0.00023696,3.809e-05,0.00126499,0.00031609,8.139e-05,0.00132703,0.03310423,0.0,0.0,0.0,0.0,0.0,0.0,0.0,0.0,5.08e-06,1.547e-05,1.547e-05,1.042e-05,8.32e-06,9.1e-06,1.61e-06,5.6e-07,4.9e-07,8.4e-07,0.0820998
"Portland cement (CEM I), CEMBUREAU production mix, at plant, CEMBUREAU technology mix, EN 197-1",Raw Materials,Materials production > Other mineral materials,1.9e-07,9e-08,2.39685766,2.31402841,0.24768866,0.22323763,0.27675612,0.48450653,0.43281244,0.54685827,0.65345387,0.33308434,903.50220295,934.554366,0.0,48.86221063,12.3358743,12.2561921,12.65501562,2.9e-07,0.0,901.10871597,5158281.23027514,57122.26692215,3.90891512,0.6934685,21.11817126,4.63243935,1.19723891,20.44599437,19413.7697833,4.918e-05,3.364e-05,3.388e-05,3.387e-05,3.413e-05,3.439e-05,3.464e-05,3.339e-05,0.04038477,0.20075262,0.20075262,0.09026106,0.07144651,0.09588235,0.81415659,0.09233581,0.01987765,0.35393741,905.58878107
"Calcium carbonate > 63 microns, at plant, Production",Raw Materials,Materials production > Other mineral materials,0.0,0.0,4.851e-05,7.946e-05,9.778e-05,9.35e-05,0.00010324,0.00021099,0.0002022,0.00022109,0.00023968,0.00011151,0.03995944,0.04309816,0.0,0.00315715,0.00136997,0.00136853,0.00137446,0.0,0.0,0.00157172,599.95999871,3.355083,0.00076509,0.0001343,0.00407565,0.00082891,0.00021658,0.00373083,1.30512377,0.0,0.0,0.0,0.0,0.0,0.0,0.0,0.0,1.863e-05,1.402e-05,1.402e-05,2.639e-05,2.277e-05,1.395e-05,2.702e-05,1.5e-06,3.7e-07,5.17e-06,0.00182532
"Process steam from Light fuel oil 90 %, consumption mix, at power plant, heat plant, MJ, 90 % efficiency",Product-as-a-Service,Energy carriers and technologies > Heat and steam,0.0,0.0,0.00013273,0.00011464,3.864e-05,3.506e-05,3.918e-05,9.251e-05,8.331e-05,9.356e-05,9.51e-05,4.034e-05,0.09460603,0.09703511,0.0,0.0011516,0.0004502,0.00044991,0.000451,0.0,2.856e-05,0.09432293,439.21599734,0.49318997,0.00017822,2.496e-05,0.00098927,0.00022509,4.866e-05,0.00099296,0.18161525,0.0,0.0,0.0,0.0,0.0,0.0,0.0,0.0,1.65e-06,9.33e-06,9.33e-06,3.36e-06,2.69e-06,3.17e-06,4.86e-06,5.8e-07,2.3e-07,1.82e-06,0.09438678
"Waste incineration of glass/inert material, at plant, average European waste-to-energy plant, without collection, transport and pre-treatment",Transport & Packaging,End-of-life treatment > Energy recycling,-7e-08,-3e-08,0.19220726,0.30347057,0.05649482,0.05023096,0.06804715,0.11756264,0.10266173,0.14535769,0.22483221,0.09634567,53.42832296,70.89024476,-0.0,-4.77317853,0.53639308,0.5335568,0.54814675,7e-08,-0.0,51.09269371,-1290190.01055581,71934.72936402,0.42783213,0.08265466,2.33671018,0.48028465,0.15573285,1.98414764,23758.76999562,2.98e-06,1.34e-06,1.33e-06,1.33e-06,1.32e-06,1.32e-06,1.32e-06,1.34e-06,0.00075922,0.00916634,0.00916634,0.00136551,0.00110866,0.00012201,0.06225727,0.00449984,0.00104582,0.0169725,50.88836363
"Beverage carton converting, converting mix, at plant, Converting, beverage carton",Raw Materials,Systems > Packaging,0.0,0.0,0.004655,0.00798,0.0,0.0,0.0,0.0,0.0,0.0,0.0,1.37e-05,6.650222,6.682416,0.0,0.0148314,0.00798,0.00798,0.00798,0.0,0.0,0.051922,0.0,3.13e-06,0.0,0.0,0.0,0.0,0.0,0.0,0.0,1e-08,0.0,0.0,0.0,0.0,0.0,0.0,0.0,4.258e-05,0.00034774,0.00034774,9.831e-05,7.702e-05,0.00010463,1.57e-06,0.0,0.0,0.0,0.056942
"Process steam from Light fuel oil 90 %, consumption mix, at power plant, heat plant, MJ, 90 % efficiency",Product-as-a-Service,Energy carriers and technologies > Heat and steam,0.0,0.0,0.00020939,0.00026846,2.615e-05,2.466e-05,2.638e-05,5.428e-05,5.039e-05,5.47e-05,5.54e-05,2.708e-05,0.10110575,0.10326175,0.0,0.00173644,0.0005824,0.00058084,0.00058835,0.0,1.024e-05,0.10084644,502.5182644,0.91017727,0.00437744,0.00072602,0.02337352,0.00584397,0.00155338,0.02443484,0.80110262,0.0,0.0,0.0,0.0,0.0,0.0,0.0,0.0,2.15e-06,1.243e-05,1.243e-05,4.33e-06,3.47e-06,4.04e-06,4.24e-06,5.2e-07,2.7e-07,1.42e-06,0.1008984
"Pine wood, production mix, at saw mill, timber, 40% water content",Raw Materials,Materials production > Wood,0.0,0.0,0.00011974,0.00016113,2.346e-05,2.172e-05,2.434e-05,5.247e-05,4.839e-05,5.423e-05,5.662e-05,2.739e-05,0.02521469,0.02721391,0.0,0.00307028,0.00028353,0.00028312,0.00028451,0.0,0.0,0.02510212,67.91847381,1.17592906,0.00031484,6.644e-05,0.0015892,0.00039249,0.00013986,0.00150501,0.44366492,0.0,0.0,0.0,0.0,0.0,0.0,0.0,0.0,3.25e-06,1.96e-05,1.96e-05,7.44e-06,5.85e-06,7.86e-06,6.9e-06,8.1e-07,1.9e-07,2.94e-06,0.02542256
"Process steam from Heavy fuel oil 90 %, consumption mix, at power plant, heat plant, MJ, 90 % efficiency",Product-as-a-Service,Energy carriers and technologies > Heat and steam,0.0,0.0,0.00072054,0.00053192,1.117e-05,1.037e-05,1.162e-05,2.077e-05,1.903e-05,2.152e-05,2.25e-05,1.239e-05,0.10042682,0.10172963,0.0,0.00259742,0.00144802,0.00144649,0.00145385,0.0,4.81e-06,0.10033511,483.05500971,1.01162733,0.00411869,0.00068454,0.02198887,0.00549536,0.00146257,0.02297263,0.79918186,0.0,0.0,0.0,0.0,0.0,0.0,0.0,0.0,1.62e-06,3.489e-05,3.489e-05,2.8e-06,2.31e-06,2.38e-06,8.79e-06,8.2e-07,3.8e-07,2.43e-06,0.10037189
"Landfill of plastic waste, at landfill site, landfill including landfill gas utilisation and leachate treatment and without collection, transport and   pre-treatment",Transport & Packaging,End-of-life treatment > Landfilling,0.0,0.0,0.00024365,0.00018464,0.00016826,0.00013435,0.00022054,0.00035676,0.00028854,0.00046248,0.0006058,0.00028001,0.0721547,0.09121352,-0.0,0.00503963,0.00067415,0.00067234,0.00067813,0.0,-0.0,0.06960641,5761.40237735,8.13162986,0.00099064,0.00017201,0.00584353,0.00116602,0.00033828,0.00532099,2.88106884,0.0,0.0,0.0,0.0,0.0,0.0,0.0,0.0,9.39e-06,2.477e-05,2.477e-05,1.396e-05,1.278e-05,1.213e-05,3.487e-05,6.25e-06,1.66e-06,1.763e-05,0.06981559
"Landfill of ferro metals, at landfill site, landfill including leachate treatment and without collection, transport and pre-treatment",Transport & Packaging,End-of-life treatment > Landfilling,0.0,0.0,5.761e-05,7.198e-05,0.00115907,0.00045196,0.00272429,0.00231938,0.0009533,0.00565612,0.011973,0.00523975,0.0152711,0.02297984,-0.0,0.00109718,0.00014954,0.00013228,0.00018849,0.0,-0.0,0.01422277,212.19415805,5.09619368,0.00273573,0.0002191,0.03428925,0.00296481,0.00039689,0.02927533,3.84810351,0.0,0.0,0.0,0.0,0.0,0.0,0.0,0.0,1.48e-06,5.39e-06,5.39e-06,3.21e-06,2.53e-06,2.84e-06,0.00069545,0.00011869,2.813e-05,0.0003287,0.01428197
"Landfill of untreated wood, at landfill site, landfill including landfill gas utilisation and leachate treatment and without collection, transport and   pre-treatment",Transport & Packaging,End-of-life treatment > Landfilling,0.0,0.0,0.00053478,0.00064421,6.391e-05,5.795e-05,6.863e-05,0.00013862,0.00012488,0.00014834,0.00016004,7.497e-05,1.62521494,3.63128404,-0.0,0.00564151,0.00126123,0.00126019,0.00126364,0.0,-0.0,1.34610096,58110.09229959,7.95569758,0.00068064,0.00013499,0.0035285,0.00083187,0.00027379,0.00333926,2.74530217,0.0,0.0,0.0,0.0,0.0,0.0,0.0,0.0,0.00022056,0.00032544,0.00032544,0.0004578,0.00036169,0.00035555,1.26e-05,1.94e-06,7.2e-07,5.88e-06,1.35000367
"Landfill of wood products (OSB, particle board), at landfill site, landfill including landfill gas utilisation and leachate treatment and without collection, transport and   pre-treatment",Transport & Packaging,End-of-life treatment > Landfilling,0.0,0.0,0.00054017,0.00065253,6.37e-05,5.781e-05,6.831e-05,0.00013818,0.00012456,0.00014769,0.00015916,7.456e-05,1.66179858,3.71767462,-0.0,0.00565528,0.00127438,0.00127334,0.00127679,0.0,-0.0,1.37574982,59557.11707371,7.95530021,0.00067998,0.00013492,0.00352342,0.00083119,0.00027366,0.00333513,2.74500931,0.0,0.0,0.0,0.0,0.0,0.0,0.0,0.0,0.00022592,0.00033296,0.00033296,0.00046892,0.00037048,0.00036414,1.255e-05,1.93e-06,7.2e-07,5.85e-06,1.37974243
"Landfill of glass/inert waste, at landfill site, landfill including leachate treatment and without collection, transport and pre-treatment",Transport & Packaging,End-of-life treatment > Landfilling,0.0,0.0,8.807e-05,8.584e-05,1.419e-05,1.257e-05,1.722e-05,3.285e-05,2.871e-05,4.051e-05,6.162e-05,2.6e-05,0.01243588,0.01353298,-0.0,0.00134165,0.00015343,0.00015327,0.00015387,0.0,-0.0,0.0123311,94.12901201,2.4432776,0.00019999,4.043e-05,0.00104273,0.0002509,8.47e-05,0.00100922,0.84163972,0.0,0.0,0.0,0.0,0.0,0.0,0.0,0.0,1.18e-06,6.69e-06,6.69e-06,2.64e-06,2.09e-06,2.72e-06,3.58e-06,3.4e-07,8e-08,1.31e-06,0.0124251
"Process steam from natural gas, consumption mix, at plant, heat plant, MJ",Product-as-a-Service,Energy carriers and technologies > Heat and steam,0.0,0.0,0.00020688,0.00020165,5.134e-05,4.518e-05,5.599e-05,0.00011539,9.991e-05,0.00012598,0.00014094,6.22e-05,0.07929136,0.09462471,0.0,0.0012889,0.0008909,0.0008903,0.00089212,0.0,0.0,0.07718179,623.12522013,3.14672477,0.00029269,4.652e-05,0.00165594,0.00034925,8.011e-05,0.00160767,1.11065474,0.0,0.0,0.0,0.0,0.0,0.0,0.0,0.0,6.14e-06,1.636e-05,1.636e-05,1.22e-05,9.89e-06,9.53e-06,5.59e-06,1.34e-06,8.3e-07,2.91e-06,0.07724954
"Process steam from natural gas, consumption mix, at plant, heat plant, MJ",Product-as-a-Service,Energy carriers and technologies > Heat and steam,0.0,0.0,9.822e-05,9.386e-05,3.231e-05,2.897e-05,3.524e-05,6.298e-05,5.468e-05,6.969e-05,7.658e-05,3.822e-05,0.08129512,0.09676813,0.0,0.00116748,0.0009558,0.00095539,0.00095668,0.0,0.0,0.07919624,1372.01150386,0.70817535,0.00028347,4.768e-05,0.00155322,0.0003513,8.904e-05,0.00155298,0.29473563,0.0,0.0,0.0,0.0,0.0,0.0,0.0,0.0,8.44e-06,1.443e-05,1.443e-05,1.687e-05,1.363e-05,1.381e-05,2.69e-06,1.24e-06,1.04e-06,1.8e-06,0.07926313
"Electricity grid mix, consumption mix, at consumer, AC, 220V",Product-as-a-Service,Energy carriers and technologies > Electricity,1.5e-07,7e-08,0.00264174,4.72e-06,2.07e-06,1.74e-06,2.84e-06,4.73e-06,3.96e-06,6.62e-06,1.197e-05,4.97e-06,0.01779805,0.01797312,0.0,0.00012022,5.483e-05,5.466e-05,5.543e-05,0.0,1.217e-05,0.01777618,3268789.84568857,0.20875392,9.139e-05,1.714e-05,0.00047677,0.00010676,2.893e-05,0.0004815,0.08302003,0.0,0.0,0.0,0.0,0.0,0.0,0.0,0.0,1e-07,4.2e-07,4.2e-07,2.1e-07,1.7e-07,2.2e-07,-7.6e-07,9e-08,2e-08,3.3e-07,0.01778483
"Polymethyl methacrylate (PMMA) beads, production mix, at plant",Raw Materials,Materials production > Plastics,0.0,0.0,0.03768964,0.01486115,0.00048063,0.00040449,0.00071138,0.00090563,0.00070823,0.00149914,0.00339737,0.00183736,7.31090864,9.86088055,0.0,0.59400412,0.09151859,0.09151539,0.09152427,0.0,0.0,6.9589699,57.60809345,286.42104643,0.02868669,0.00537207,0.1489281,0.03308955,0.00879638,0.15172307,98.69090148,2.8e-07,0.0,0.0,0.0,0.0,0.0,0.0,0.0,0.00029356,0.00398287,0.00398287,0.00064899,0.00050892,0.00056213,0.00071889,6.733e-05,1.414e-05,0.00026784,6.97003735
"Process steam from natural gas, consumption mix, at plant, heat plant, MJ",Product-as-a-Service,Energy carriers and technologies > Heat and steam,0.0,0.0,4.391e-05,6.048e-05,1.665e-05,1.549e-05,1.757e-05,2.497e-05,2.206e-05,2.706e-05,2.807e-05,1.807e-05,0.06864218,0.07150385,0.0,0.00090251,0.00082907,0.00082889,0.00082945,0.0,0.0,0.06828902,76.22539962,0.19731694,0.00013268,2.425e-05,0.00070667,0.00016141,4.492e-05,0.00069104,0.09347559,0.0,0.0,0.0,0.0,0.0,0.0,0.0,0.0,3.72e-06,5.19e-06,5.19e-06,5.67e-06,4.9e-06,3.97e-06,1.42e-06,1.05e-06,9.9e-07,1.21e-06,0.06831898
"Continuous filament glass fibre (direct rovings), at plant",Raw Materials,Materials production > Glass and ceramics,7.1e-07,3.5e-07,0.00246636,0.00389062,0.02764997,0.02556539,0.02787681,0.0617713,0.05632938,0.06224446,0.06309684,0.02854013,1.36083532,1.52940897,0.0,1.71720844,0.84106441,0.84078839,0.84205499,3e-08,0.0,0.08121928,26283.04934879,3269.20792263,0.10500044,0.01524792,0.57582896,0.12351693,0.02713922,0.54497477,1089.06135298,1.4e-07,2e-07,1.9e-07,1.8e-07,1.7e-07,1.6e-07,1.5e-07,2.2e-07,0.00023536,0.00036388,0.00036388,0.00040124,0.00033687,0.00024075,0.00225567,0.00012692,2.93e-05,0.0004727,0.08664572
"Process steam from natural gas, consumption mix, at plant, heat plant, MJ",Product-as-a-Service,Energy carriers and technologies > Heat and steam,0.0,0.0,0.00014335,0.0001551,4.942e-05,4.347e-05,5.41e-05,0.00011277,9.774e-05,0.00012354,0.00013369,5.843e-05,0.0800207,0.09799465,0.0,0.00089483,0.0006936,0.00069297,0.00069493,0.0,0.0,0.07758802,505.55096578,0.41348465,0.00025485,3.982e-05,0.00144647,0.0003038,7.015e-05,0.00141016,0.22022955,0.0,0.0,0.0,0.0,0.0,0.0,0.0,0.0,7.61e-06,1.554e-05,1.554e-05,1.588e-05,1.275e-05,1.252e-05,3.51e-06,1.1e-06,7.3e-07,2.1e-06,0.07765766
"Electricity grid mix, consumption mix, at consumer, AC, 230V",Product-as-a-Service,Energy carriers and technologies > Electricity,1e-08,1e-08,0.00315574,0.00166406,0.00036901,0.00028805,0.00042831,0.0006599,0.00054474,0.00073696,0.00076592,0.00044488,0.55480797,0.65757904,0.0,0.04157303,0.02407963,0.02405077,0.02411969,0.0,0.00022329,0.54116833,67468.76132408,71.06525429,0.00444829,0.0007678,0.02481201,0.00393721,0.00100337,0.01788404,24.2520167,1e-08,0.0,0.0,0.0,0.0,0.0,0.0,0.0,4.7e-05,0.00022411,0.00022411,9.084e-05,7.471e-05,8.629e-05,0.00024152,2.937e-05,9.69e-06,8.196e-05,0.54206478
"Process steam from Heavy fuel oil 90 %, consumption mix, at power plant, heat plant, MJ, 90 % efficiency",Product-as-a-Service,Energy carriers and technologies > Heat and steam,0.0,0.0,0.000456,0.00016901,7.463e-05,6.819e-05,7.796e-05,0.00015986,0.00014556,0.00016433,0.0001675,8.011e-05,0.10811,0.11627679,0.0,0.00537282,0.00452881,0.00452809,0.00453052,0.0,9.42e-06,0.10702784,1166.53582686,0.52830265,0.00068468,0.00011022,0.00373058,0.00082028,0.00020511,0.003553,0.27710445,0.0,0.0,0.0,0.0,0.0,0.0,0.0,0.0,5.95e-06,3.052e-05,3.052e-05,1.311e-05,1.034e-05,1.26e-05,2.416e-05,1.32e-06,5.3e-07,3.8e-06,0.10709337
"Mining Truck, technology mix, 220 t payload, 1.700 kW",Transport & Packaging,Transport services > Other transport,0.0,0.0,0.0,0.0,0.0,0.0,0.0,0.0,0.0,0.0,0.0,0.0,0.0,0.0,0.0,0.0,0.0,0.0,0.0,0.0,0.0,0.0,0.0,0.0,0.0,0.0,0.0,0.0,0.0,0.0,0.0,0.0,0.0,0.0,0.0,0.0,0.0,0.0,0.0,0.0,0.0,0.0,0.0,0.0,0.0,0.0,0.0,0.0,0.0,0.0
"Electricity grid mix, consumption mix, at consumer, AC, 230V",Product-as-a-Service,Energy carriers and technologies > Electricity,2e-08,1e-08,0.0010204,0.00105488,0.00029152,0.00026081,0.00030763,0.00062801,0.00057162,0.00065244,0.00067304,0.00031811,0.48966009,0.5465375,0.0,0.01390747,0.00480128,0.00479004,0.00482227,0.0,0.00039441,0.48214596,15291.15327426,59.84590366,0.00307227,0.0005106,0.01668739,0.00346424,0.00088934,0.01502241,20.15994314,0.0,0.0,0.0,0.0,0.0,0.0,0.0,0.0,1.234e-05,6.524e-05,6.524e-05,2.331e-05,1.928e-05,2.09e-05,0.00025391,2.984e-05,7.15e-06,0.00010762,0.48257366
"Compressed air, production mix, 14 bar, low efficiency, high power consumption",Raw Materials,Energy carriers and technologies > Mechanical energy,0.0,0.0,0.0,0.0,0.0,0.0,0.0,0.0,0.0,0.0,0.0,0.0,0.0,0.0,0.0,0.0,0.0,0.0,0.0,0.0,0.0,0.0,0.0,0.0,0.0,0.0,0.0,0.0,0.0,0.0,0.0,0.0,0.0,0.0,0.0,0.0,0.0,0.0,0.0,0.0,0.0,0.0,0.0,0.0,0.0,0.0,0.0,0.0,0.0,0.0
"Electricity Mix, consumption mix, at consumer, AC, 1kV - 60kV",Product-as-a-Service,Energy carriers and technologies > Electricity,0.0,0.0,0.00139232,0.00090613,0.0008858,0.00081557,0.00093016,0.0019809,0.00181668,0.00207011,0.00221108,0.00099065,0.50569743,0.5571004,0.0,0.01513305,0.00564772,0.00563665,0.00567047,0.0,0.0,0.49924716,1725.48046486,59.7648186,0.00614131,0.00102668,0.03325258,0.00683134,0.00170272,0.0305982,20.8230235,1.2e-07,6e-08,6e-08,6e-08,6e-08,6e-08,6e-08,6e-08,2.621e-05,0.00010752,0.00010752,5.182e-05,4.254e-05,4.913e-05,0.00012087,1.625e-05,4.6e-06,5.369e-05,0.50098013
"Process steam from heavy fuel oil, consumption mix, at plant, heat plant, MJ",Product-as-a-Service,Energy carriers and technologies > Heat and steam,0.0,0.0,0.00078799,0.00028834,8.932e-05,6.084e-05,0.00015101,0.00018506,0.00013025,0.00031612,0.00063753,0.00027866,0.10058874,0.10786677,0.0,0.01318766,0.01103431,0.01103212,0.01103813,0.0,0.0,0.0996285,1304.47853607,5.83439085,0.00529793,0.00098985,0.02791931,0.00576043,0.00153157,0.0266706,2.81219308,0.0,0.0,0.0,0.0,0.0,0.0,0.0,0.0,5.46e-06,4.365e-05,4.365e-05,1.121e-05,8.94e-06,1.034e-05,4.586e-05,5.72e-06,1.67e-06,1.765e-05,0.09968726
"Polystyrene (general purpose) granulate (GPPS), production mix, at plant, crystal form is pure polystyrene with few additives, used when clarity is required even though it is very   brittle",Raw Materials,Materials production > Plastics,0.0,0.0,0.01109144,0.00638481,0.00733602,0.0066857,0.00772173,0.01841758,0.01668867,0.01940929,0.02263987,0.00925159,3.64012211,5.26626632,0.0,0.76645418,0.15417398,0.15416599,0.15419045,0.0,0.0,3.4177621,1219.80351115,91.59599413,0.06982365,0.01175236,0.36881543,0.08381468,0.02068882,0.38012475,39.98290229,6e-08,0.0,0.0,0.0,0.0,0.0,0.0,0.0,0.00031284,0.00131105,0.00131105,0.00033473,0.00039471,0.00047812,0.0003989,2.783e-05,5.75e-06,0.00011889,3.42896915
"Container ship ocean, technology mix, 27.500 dwt pay load capacity",Transport & Packaging,Transport services > Water,0.0,0.0,0.0,0.0,0.0,0.0,0.0,0.0,0.0,0.0,0.0,0.0,0.0,0.0,0.0,0.0,0.0,0.0,0.0,0.0,0.0,0.0,0.0,0.0,0.0,0.0,0.0,0.0,0.0,0.0,0.0,0.0,0.0,0.0,0.0,0.0,0.0,0.0,0.0,0.0,0.0,0.0,0.0,0.0,0.0,0.0,0.0,0.0,0.0,0.0
"Process steam from Light fuel oil 90 %, consumption mix, at power plant, heat plant, MJ, 90 % efficiency",Product-as-a-Service,Energy carriers and technologies > Heat and steam,0.0,0.0,0.00036663,0.00052184,6.99e-06,6.63e-06,7.19e-06,1.121e-05,1.04e-05,1.16e-05,1.213e-05,7.72e-06,0.09352172,0.09489545,0.0,0.00194963,0.00081725,0.00081573,0.0008232,0.0,5.12e-06,0.09341871,492.26025824,0.96089947,0.00442376,0.00073541,0.02361104,0.00591126,0.00157464,0.02469847,0.81618201,0.0,0.0,0.0,0.0,0.0,0.0,0.0,0.0,1.65e-06,1.785e-05,1.785e-05,2.88e-06,2.37e-06,2.45e-06,4.71e-06,6.3e-07,3.4e-07,1.68e-06,0.09345396
"Electricity Mix, consumption mix, at consumer, AC, 1kV - 60kV",Product-as-a-Service,Energy carriers and technologies > Electricity,0.0,0.0,0.00050903,0.00032767,0.00164661,0.00158521,0.00165437,0.00362247,0.0034636,0.00363749,0.00367851,0.00167742,0.14690395,0.16290456,0.0,0.00930418,0.00149513,0.00148658,0.00151867,1e-08,0.0,0.14418369,1607.73811121,12.28784583,0.00656313,0.00103496,0.03457698,0.0070198,0.00178949,0.03094272,5.453239,3.2e-07,1.5e-07,1.5e-07,1.5e-07,1.5e-07,1.5e-07,1.5e-07,1.5e-07,5.76e-06,3.218e-05,3.218e-05,1.103e-05,9.07e-06,9.56e-06,3.081e-05,4.24e-06,1.34e-06,1.367e-05,0.14500604
"Process steam from natural gas, consumption mix, at plant, heat plant, MJ",Product-as-a-Service,Energy carriers and technologies > Heat and steam,0.0,0.0,0.00012462,8.431e-05,2.945e-05,2.57e-05,3.28e-05,6.634e-05,5.71e-05,7.404e-05,8.369e-05,3.693e-05,0.07983098,0.09471701,0.0,0.00085048,0.00042997,0.00042953,0.00043087,0.0,0.0,0.07782369,1732.53908616,3.28402644,0.00018439,2.973e-05,0.00103869,0.00021645,5.153e-05,0.00099721,1.13509348,0.0,0.0,0.0,0.0,0.0,0.0,0.0,0.0,6.06e-06,1.409e-05,1.409e-05,1.32e-05,1.047e-05,1.12e-05,5.26e-06,1e-06,5e-07,2.59e-06,0.0778682
"Kerosene, consumption mix, at refinery, from crude oil, 700 ppm sulphur",Product-as-a-Service,Energy carriers and technologies > Crude oil based fuels,0.0,0.0,0.00217255,0.00099732,0.00148787,0.00136434,0.0015639,0.00334667,0.00302777,0.00352357,0.00382956,0.00170706,0.36157712,0.53812532,0.0,0.0635647,0.01056272,0.01053402,0.01065805,0.0,0.0,0.33738184,11907.63008222,45.03420947,0.08000765,0.01684475,0.40206315,0.10138585,0.03576326,0.38853332,28.24091027,1e-08,0.0,0.0,0.0,0.0,0.0,0.0,0.0,0.00011005,0.00027709,0.00027709,0.00026457,0.00020566,0.00026474,0.0001247,1.36e-05,3.15e-06,4.83e-05,0.33815897
"Process steam from heavy fuel oil, consumption mix, at plant, heat plant, MJ",Product-as-a-Service,Energy carriers and technologies > Heat and steam,0.0,0.0,0.00124797,0.00020017,7.254e-05,6.291e-05,8.925e-05,0.00015287,0.00013062,0.00019138,0.00029362,0.00013033,0.09870849,0.10359001,0.0,0.00574751,0.00370193,0.00370089,0.00370468,0.0,0.0,0.09814626,1336.06930508,1.26440924,0.00279602,0.00050645,0.01469835,0.00332161,0.00090313,0.0146089,0.86076784,0.0,0.0,0.0,0.0,0.0,0.0,0.0,0.0,5.04e-06,6.504e-05,6.504e-05,9.18e-06,7.49e-06,7.88e-06,1.61e-05,2.23e-06,1.06e-06,6.13e-06,0.09819955
"Electricity grid mix, consumption mix, at consumer, AC, 230V",Product-as-a-Service,Energy carriers and technologies > Electricity,1e-08,1e-08,0.00849055,0.00182466,0.00061286,0.00037868,0.00097187,0.00115477,0.00075903,0.00178953,0.00206805,0.00109879,1.02931492,1.10249269,0.0,0.14045686,0.12330596,0.12325299,0.12340755,0.0,0.00010192,1.02016085,19952.46223217,81.4761882,0.01699811,0.00303361,0.09557957,0.01620988,0.00403758,0.07693779,31.35505991,0.0,0.0,0.0,0.0,0.0,0.0,0.0,0.0,3.41e-05,0.00045338,0.00045338,6.873e-05,5.568e-05,6.402e-05,0.00131136,0.00011863,2.79e-05,0.00040603,1.02166522
"Process steam from natural gas 90 %, consumption mix, at power plant, heat plant, MJ, 90 % efficiency",Product-as-a-Service,Energy carriers and technologies > Heat and steam,0.0,0.0,7.482e-05,9.063e-05,2.865e-05,2.608e-05,2.881e-05,6.803e-05,6.122e-05,6.839e-05,6.925e-05,2.937e-05,0.07570062,0.08176575,0.0,0.00041505,0.00030103,0.00030087,0.00030153,0.0,2.464e-05,0.07492565,238.65497754,0.331968,0.00011409,1.534e-05,0.00063425,0.00015036,3.196e-05,0.00065761,0.11938693,0.0,0.0,0.0,0.0,0.0,0.0,0.0,0.0,2.99e-06,7.57e-06,7.57e-06,6.27e-06,5.03e-06,5.14e-06,1.63e-06,3.7e-07,2.6e-07,7.6e-07,0.07499511
"Electricity grid mix, consumption mix, at consumer, AC, 230V",Product-as-a-Service,Energy carriers and technologies > Electricity,3e-08,1e-08,0.00316541,0.00112997,0.00115115,0.00103664,0.00126479,0.00243757,0.00223338,0.0026148,0.00269796,0.00130795,0.46713707,0.52400006,0.0,0.03375246,0.02111275,0.02108828,0.02116275,0.0,0.00012121,0.45979368,4453.51321,42.8002368,0.00899387,0.00152617,0.0493808,0.00852688,0.00213475,0.03917828,16.15015437,0.0,0.0,0.0,0.0,0.0,0.0,0.0,0.0,2.144e-05,0.00018945,0.00018945,3.519e-05,3.1e-05,3.348e-05,0.00034301,3.947e-05,9.84e-06,0.00012876,0.46063683
"corrugated board sheets, production mix, at plant, technology mix, 18% primary fibre, 82 % recycled fibre",Raw Materials,Systems > Packaging,0.0,0.0,0.00117453,0.00062555,0.00066697,0.00061172,0.00069971,0.00147074,0.00133208,0.00154457,0.00167349,0.00077849,0.71067177,0.78310701,0.0,0.08551729,0.00650751,0.00649958,0.0065267,0.0,0.0,0.05020147,34011.08478426,47.09648087,0.00699218,0.00117668,0.03770141,0.00825652,0.00206208,0.03642362,16.70749791,3e-08,2e-08,2e-08,2e-08,2e-08,2e-08,2e-08,2e-08,3.783e-05,0.00010748,0.00010748,7.835e-05,6.327e-05,6.85e-05,0.00014584,1.799e-05,4.46e-06,6.51e-05,0.05133047
"Process steam from natural gas 90 %, consumption mix, at power plant, heat plant, MJ, 90 % efficiency",Product-as-a-Service,Energy carriers and technologies > Heat and steam,0.0,0.0,4.916e-05,7.396e-05,8.75e-06,8.39e-06,8.81e-06,1.191e-05,1.099e-05,1.205e-05,1.234e-05,8.96e-06,0.07037636,0.07219892,0.0,0.00054829,0.00052331,0.00052325,0.00052352,0.0,1.06e-05,0.07013227,87.9598755,0.04045399,8.213e-05,1.379e-05,0.00043851,0.00011,2.864e-05,0.00046016,0.01966553,0.0,0.0,0.0,0.0,0.0,0.0,0.0,0.0,2.14e-06,3.89e-06,3.89e-06,3.2e-06,2.78e-06,2.15e-06,1.18e-06,6.3e-07,5.9e-07,8e-07,0.07014406
"Nylon 66 granulate (PA 66), production mix, at plant",Raw Materials,Materials production > Plastics,0.0,0.0,0.02882536,0.01919241,0.0483001,0.04447649,0.04860346,0.12266638,0.11244269,0.12344659,0.12638612,0.05015075,8.23925716,10.87393601,0.0,0.64958429,0.11579743,0.11575157,0.11586782,0.0,0.0,7.89995338,734.50242595,405.8596734,0.19666023,0.02743391,1.06691112,0.24849123,0.05483464,1.10852525,157.34691714,1e-07,0.0,0.0,0.0,0.0,0.0,0.0,0.0,0.00033292,0.0023713,0.0023713,0.00073402,0.00057637,0.00064687,0.00049847,4.207e-05,8.79e-06,0.00017185,7.91458714
"Landfill of municipal solid waste, BE, DK technology mix, at landfill site, landfill including landfill gas utilisation and leachate treatment, without collection, transport and   pre-treatment",Transport & Packaging,End-of-life treatment > Landfilling,0.0,0.0,0.00034583,0.00039509,7.982e-05,7.024e-05,9.734e-05,0.00018753,0.00016317,0.00023173,0.00034696,0.00014392,0.82067252,1.79796887,-0.0,0.0041857,0.00081913,0.00081816,0.00082161,0.0,-0.0,0.68474132,28717.53486022,6.11976598,0.00063298,0.00011852,0.00344389,0.00078641,0.00024252,0.00335942,2.14734054,0.0,0.0,0.0,0.0,0.0,0.0,0.0,0.0,0.00010893,0.00016513,0.00016513,0.00022577,0.00017853,0.00017588,2.037e-05,2.17e-06,6.6e-07,7.72e-06,0.68671133
"Acrylonitrile-Butadiene-Styrene granulate (ABS), production mix, at plant",Raw Materials,Materials production > Plastics,0.0,0.0,0.01189819,0.0066188,0.00129037,0.00118752,0.00157925,0.00163683,0.00136971,0.00237967,0.00476015,0.00274854,3.95927034,5.55116821,0.0,0.59616673,0.10416261,0.10416152,0.10416656,0.0,0.0,3.74125327,64.35557763,127.53076406,0.03597789,0.00671828,0.18662158,0.04161569,0.01105222,0.19089786,47.54320292,1e-07,0.0,0.0,0.0,0.0,0.0,0.0,0.0,0.00022652,0.00153683,0.00153683,0.00047887,0.00038141,0.0004267,0.00033229,2.394e-05,4.96e-06,0.00010109,3.75154491
"Electricity grid mix, consumption mix, at consumer, AC, 230V",Product-as-a-Service,Energy carriers and technologies > Electricity,-0.0,-0.0,0.00190341,0.00137767,0.00013864,9.639e-05,0.00017189,0.00023999,0.00018105,0.00028738,0.0003106,0.00018289,0.60940648,0.65008619,0.0,0.0208349,0.01207464,0.01205719,0.01210116,0.0,0.00415787,0.60451849,74247.76671564,23.57306319,0.00442169,0.00075613,0.02420537,0.00491122,0.00128058,0.02132071,8.43585451,0.0,0.0,0.0,0.0,0.0,0.0,0.0,0.0,1.481e-05,0.00010641,0.00010641,2.767e-05,2.294e-05,2.494e-05,0.00014024,1.696e-05,5.06e-06,5.001e-05,0.60496462
"Waste incineration of paper fraction in municipal solid waste (MSW), at plant, average European waste-to-energy plant, without collection, transport and pre-treatment",Transport & Packaging,End-of-life treatment > Energy recycling,-1.5e-07,-7e-08,0.21208235,0.43606903,0.01433339,0.01386303,0.01428296,0.02866745,0.02695286,0.02891616,0.02838315,0.00737251,37.29559472,42.75627536,-0.0,-20.05086622,0.23142023,0.23034572,0.23214939,2e-08,-0.0,36.7846463,-2947110.09945527,25432.83448522,-0.1015637,0.00123363,-0.62323734,-0.06236537,0.03926537,-0.65714173,8357.57589096,9.9e-07,4.2e-07,4.1e-07,4.1e-07,4.1e-07,4.1e-07,4.1e-07,4.2e-07,-0.00086347,0.00558589,0.00558589,-0.00214706,-0.00167073,-0.00293789,0.06999523,0.00748981,0.00163307,0.02892001,36.54844583
"Process steam from Light fuel oil 90 %, consumption mix, at power plant, heat plant, MJ, 90 % efficiency",Product-as-a-Service,Energy carriers and technologies > Heat and steam,0.0,0.0,0.0002378,0.00021904,4.621e-05,4.229e-05,4.683e-05,0.00010272,9.283e-05,0.00010386,0.00010551,4.807e-05,0.1042645,0.10707597,0.0,0.0015041,0.00064908,0.00064857,0.00065049,0.0,2.904e-05,0.10393413,983.55262169,0.84871654,0.00056323,8.933e-05,0.00304501,0.00073511,0.00018431,0.00312647,0.34341894,0.0,0.0,0.0,0.0,0.0,0.0,0.0,0.0,2.94e-06,1.488e-05,1.488e-05,4.81e-06,4.03e-06,3.88e-06,6.53e-06,1.13e-06,6.6e-07,2.73e-06,0.10400509
"Electricity Mix, consumption mix, at consumer, AC, 240V",Product-as-a-Service,Energy carriers and technologies > Electricity,0.0,0.0,0.00789209,0.00249789,0.00078083,0.00057315,0.00130486,0.00162797,0.00119212,0.00282782,0.0061765,0.00262904,1.07699649,1.1257761,0.0,0.13990034,0.1144708,0.11445225,0.11451794,0.0,0.0,1.07159872,9549.64287412,63.4582768,0.07166737,0.01398054,0.36985436,0.08314897,0.0245297,0.36271734,32.50445675,0.0,0.0,0.0,0.0,0.0,0.0,0.0,0.0,4.558e-05,0.00042824,0.00042824,9.026e-05,7.251e-05,8.21e-05,0.00045832,4.735e-05,1.416e-05,0.00015866,1.07221857
"Electricity Mix, consumption mix, at consumer, AC, 220V",Product-as-a-Service,Energy carriers and technologies > Electricity,0.0,0.0,0.01083718,0.00264871,0.00048115,0.00037912,0.00060883,0.00096705,0.00078097,0.0012177,0.00158213,0.00075802,1.1755014,1.26288437,0.0,0.03821154,0.01477213,0.01474295,0.01482547,0.0,0.0,1.16414488,4504.23881345,155.80273661,0.01318231,0.00231152,0.07179822,0.0149091,0.00371176,0.06714405,53.3257713,1e-08,1e-08,1e-08,1e-08,1e-08,1e-08,1e-08,1e-08,3.861e-05,0.00058049,0.00058049,5.879e-05,5.287e-05,5.387e-05,0.00104024,0.00012477,2.959e-05,0.00045549,1.16486794
"Process steam from Light fuel oil 90 %, consumption mix, at power plant, heat plant, MJ, 90 % efficiency",Product-as-a-Service,Energy carriers and technologies > Heat and steam,0.0,0.0,0.00024029,0.00023218,6.71e-05,6.29e-05,6.737e-05,0.00014577,0.00013456,0.00014631,0.00014754,6.85e-05,0.09940964,0.10314437,0.0,0.00138311,0.00059841,0.00059787,0.00060011,0.0,1.561e-05,0.0989437,826.45436602,0.38344705,0.00098269,0.00015799,0.00528,0.00129562,0.00033291,0.00547438,0.25242942,0.0,0.0,0.0,0.0,0.0,0.0,0.0,0.0,3.32e-06,1.568e-05,1.568e-05,6.46e-06,5.21e-06,5.83e-06,4e-06,7e-07,4.4e-07,1.6e-06,0.09900324
"Rail transport, technology mix, electricity driven, cargo",Transport & Packaging,Transport services > Rail,0.0,0.0,0.0,0.0,0.0,0.0,0.0,0.0,0.0,0.0,0.0,0.0,0.0,0.0,0.0,0.0,0.0,0.0,0.0,0.0,0.0,0.0,0.0,0.0,0.0,0.0,0.0,0.0,0.0,0.0,0.0,0.0,0.0,0.0,0.0,0.0,0.0,0.0,0.0,0.0,0.0,0.0,0.0,0.0,0.0,0.0,0.0,0.0,0.0,0.0
"Process steam from natural gas, consumption mix, at plant, heat plant, MJ",Product-as-a-Service,Energy carriers and technologies > Heat and steam,0.0,0.0,4.272e-05,5.844e-05,9.6e-06,9.38e-06,9.88e-06,7.1e-06,6.62e-06,7.72e-06,8e-06,1.004e-05,0.06803534,0.07066219,0.0,0.00085543,0.0008112,0.00081112,0.00081139,0.0,0.0,0.06771365,66.54114163,0.06816734,0.00010185,1.976e-05,0.00052835,0.00012519,3.742e-05,0.00051523,0.03839707,0.0,0.0,0.0,0.0,0.0,0.0,0.0,0.0,3.58e-06,4.92e-06,4.92e-06,5.33e-06,4.63e-06,3.66e-06,1.31e-06,1.01e-06,9.8e-07,1.11e-06,0.06774153
"Container ship ocean, technology mix, 27.500 dwt pay load capacity",Transport & Packaging,Transport services > Water,0.0,0.0,0.00044999,0.00037644,5.16e-06,4.73e-06,5.44e-06,1.152e-05,1.042e-05,1.218e-05,1.338e-05,6.21e-06,0.01313309,0.01373173,0.0,0.00077416,0.0004445,0.0004444,0.00044482,0.0,0.0,0.01309364,39.7632027,0.1548921,0.0002657,5.58e-05,0.00133633,0.0003361,0.00011808,0.00129156,0.09546516,0.0,0.0,0.0,0.0,0.0,0.0,0.0,0.0,9e-07,2.27e-05,2.27e-05,2.11e-06,1.65e-06,2.21e-06,5.4e-07,6e-08,1e-08,2e-07,0.01316301
"Liquid Packaging Board (LPB) production, production mix, at plant, production, mineral coated LPB (n=4), basis weight: 266 g/m2",Transport & Packaging,Systems > Packaging,0.0,0.0,1.6238462,0.24338,26.280751,24.98938097,26.38986438,57.47425831,54.1079251,57.67096384,58.24964431,26.72935096,459.26459151,493.46110438,0.0,39.80559205,17.15685423,17.08800121,17.34394635,9.06e-06,0.0,9.407508,537396.27179,98258.65366646,98.7673409,14.75361632,526.19017864,105.22958532,24.86062043,467.76246802,47379.51708145,6.88e-06,4.93e-06,4.7e-06,4.49e-06,4.36e-06,4.22e-06,3.97e-06,5.15e-06,0.00912584,0.10423402,0.10423402,0.01638088,0.01358944,0.01656064,0.972778,0.11121033,0.02480865,0.41831535,10.1649411
"Steel hot dip galvanized, including recycling, production mix, at plant, blast furnace route, 1kg, typical thickness between 0.3 - 3 mm. typical width between 600 - 2100 mm.",End-of-Life,Materials production > Metals and semimetals,2.8e-07,1.4e-07,0.00468174,0.00275053,0.00142392,0.0012321,0.00159031,0.00315814,0.00277631,0.00348265,0.00405235,0.00183211,1.37267519,1.52384111,0.0,0.1035826,0.03633259,0.0361419,0.03662416,0.0,0.0,1.36219798,239.38371204,393.04576314,0.03011589,0.00695535,0.15334795,0.04029508,0.01418375,0.1534146,132.35494004,7e-08,3e-08,3e-08,3e-08,3e-08,3e-08,3e-08,3e-08,0.00019801,0.00056621,0.00056621,0.00044676,0.00035231,0.00046977,0.00278396,0.00031475,6.893e-05,0.00118933,1.38348824
"Electricity grid mix 1kV-60kV, consumption mix, at consumer, AC, 1kV - 60kV",Product-as-a-Service,Energy carriers and technologies > Electricity,1e-08,0.0,0.00105464,0.00077508,0.00063697,0.0005929,0.00065742,0.00138722,0.00129612,0.00142001,0.00144966,0.00067274,0.60605574,0.65468541,0.0,0.01813621,0.00768005,0.00766803,0.00770357,0.0,0.00024473,0.6001897,73014.74230328,63.66349789,0.00401623,0.00065452,0.02173922,0.00434837,0.00107972,0.01922536,21.68410077,0.0,0.0,0.0,0.0,0.0,0.0,0.0,0.0,1.603e-05,7.079e-05,7.079e-05,2.96e-05,2.473e-05,2.635e-05,0.0003762,4.264e-05,1.019e-05,0.00015608,0.60075426
"Waste incineration of textile fraction in municipal solid waste (MSW), at plant, average European waste-to-energy plant, without collection, transport and pre-treatment",Transport & Packaging,End-of-life treatment > Energy recycling,-1e-08,-1e-08,1.18485076,1.85576415,0.04105377,0.03770669,0.04574755,0.0793663,0.0713153,0.09079379,0.10676765,0.05143962,407.45578058,413.93014818,-0.0,4.99902016,2.41241318,2.40875035,2.41806636,7e-08,-0.0,406.80127248,113733.3641469,78105.53803712,1.1002116,0.22420384,5.92714123,1.52871295,0.46219722,6.03887821,25787.98648667,3.13e-06,1.41e-06,1.4e-06,1.4e-06,1.4e-06,1.4e-06,1.39e-06,1.41e-06,0.00313055,0.05180789,0.05180789,0.0068203,0.00541196,0.00640532,0.80728356,0.09032682,0.01917236,0.34989576,406.97667383
"Natural Gas Mix, consumption mix, at consumer, technology mix, onshore and offshore production incl. pipeline and LNG transprt",Product-as-a-Service,Energy carriers and technologies > Natural gas based fuels,0.0,0.0,0.00153107,0.00074016,0.00052389,0.00047669,0.00053258,0.00126079,0.00114188,0.0012771,0.00129986,0.0005488,0.5432481,0.94356565,0.0,0.00876062,0.00375526,0.00374982,0.00377011,0.0,0.00113258,0.48771356,39350.2631548,9.50043189,0.0043135,0.00065237,0.02358108,0.0055686,0.00133295,0.02395374,3.57997167,1e-08,0.0,0.0,0.0,0.0,0.0,0.0,0.0,0.0001468,0.00029922,0.00029922,0.00034741,0.00027158,0.0002985,0.0001131,1.213e-05,2.83e-06,4.486e-05,0.48850302
"Process steam from Heavy fuel oil 90 %, consumption mix, at power plant, heat plant, MJ, 90 % efficiency",Product-as-a-Service,Energy carriers and technologies > Heat and steam,0.0,0.0,0.00024975,0.00011612,4.708e-05,4.119e-05,5.055e-05,0.00010914,9.654e-05,0.00011398,0.00011744,5.263e-05,0.09492295,0.09721523,0.0,0.00503891,0.00428203,0.00428144,0.0042834,0.0,2.662e-05,0.09465975,421.18466846,0.71656086,0.00030613,4.765e-05,0.00171205,0.00032364,7.33e-05,0.00146662,0.27785483,0.0,0.0,0.0,0.0,0.0,0.0,0.0,0.0,1.6e-06,1.497e-05,1.497e-05,3.25e-06,2.61e-06,3.06e-06,2.422e-05,1.22e-06,3.7e-07,3.92e-06,0.0947242
"Electricity Mix, consumption mix, at consumer, AC, 1kV - 60kV",Product-as-a-Service,Energy carriers and technologies > Electricity,1e-08,0.0,0.00015535,0.00010745,0.00086457,0.00083288,0.00087052,0.00190592,0.00182215,0.00192006,0.00196403,0.00089147,0.08157082,0.08517919,0.0,0.00470223,0.00061072,0.00060584,0.00062477,0.0,0.0,0.08081384,1038.48423468,5.68629391,0.00334861,0.00052832,0.01763993,0.00360432,0.00092227,0.01587386,2.59597237,1.7e-07,8e-08,8e-08,8e-08,8e-08,8e-08,8e-08,8e-08,1.38e-06,9.37e-06,9.37e-06,2.79e-06,2.26e-06,2.47e-06,1.61e-05,1.81e-06,4.7e-07,6.51e-06,0.08122751
"Electricity Mix, consumption mix, at consumer, AC, 1kV - 60kV",Product-as-a-Service,Energy carriers and technologies > Electricity,0.0,0.0,0.01684192,0.0031129,0.00064786,0.0004683,0.00087626,0.0011908,0.00090015,0.00162652,0.00230313,0.00114878,0.99256342,1.1700288,0.0,0.06975933,0.02736285,0.02730559,0.02745365,0.0,0.0,0.96821101,1427.32583245,312.76115818,0.01980862,0.00354577,0.10780656,0.02097109,0.00526512,0.09611959,106.2863081,4e-08,2e-08,2e-08,2e-08,2e-08,2e-08,2e-08,2e-08,3.574e-05,0.00083855,0.00083855,6.241e-05,5.284e-05,5.289e-05,0.00199396,0.00023877,5.434e-05,0.00087557,0.9690317
"Copper wire; technology mix; market mix, at plant; cross section 1 mm, Technology and Market Mix for Wire fabrication representing main European production countries, Market Mix for Copper cathode in Europe (primary and secondary Cu cathode production...",Manufacturing,Materials production > Metals and semimetals,0.02385254,0.01161586,4.36121812,2.18286046,3.88154299,3.60747852,4.28424264,7.51306895,6.89123014,8.43828867,24.50874415,10.56475935,808.0244881,894.12722867,0.0,216.66342967,110.88517761,110.64942653,111.94910217,1.42e-06,0.0,798.03638893,27913937.12715719,313845.71999074,29.3110206,4.95778744,159.94596415,31.13930652,7.61854847,140.64883989,109935.53349993,6.132e-05,3.136e-05,3.003e-05,2.954e-05,2.922e-05,2.9e-05,2.871e-05,3.665e-05,0.04721383,0.2721768,0.2721768,0.09704263,0.07841973,0.09192367,161.49015474,1.69645543,0.34406221,8.19756812,800.5413877
"Process steam from Light fuel oil 90 %, consumption mix, at power plant, heat plant, MJ, 90 % efficiency",Product-as-a-Service,Energy carriers and technologies > Heat and steam,0.0,0.0,0.00028475,0.00025471,5.748e-05,5.358e-05,5.848e-05,0.00011846,0.00010858,0.00012029,0.000122,5.984e-05,0.10650214,0.1125833,0.0,0.0016908,0.00090395,0.00090356,0.0009049,0.0,1.47e-05,0.10571421,1485.1749264,0.4241273,0.00031296,4.885e-05,0.00170668,0.00038964,9.354e-05,0.00169569,0.19005678,0.0,0.0,0.0,0.0,0.0,0.0,0.0,0.0,5.93e-06,2.057e-05,2.057e-05,1.108e-05,8.99e-06,9.67e-06,7.01e-06,1.36e-06,9.1e-07,2.88e-06,0.10578151
"Electricity Mix, consumption mix, at consumer, AC, < 1kV",Product-as-a-Service,Energy carriers and technologies > Electricity,0.0,0.0,0.00402724,0.00122245,0.00101309,0.00092415,0.0010788,0.00213401,0.00196279,0.00225273,0.00243993,0.00115828,0.5966153,0.65181492,0.0,0.03919357,0.0087897,0.00876587,0.0088307,0.0,0.0,0.58919822,27104.19691784,271.88889183,0.00903086,0.00155658,0.0485002,0.00943565,0.00244153,0.04217599,91.13571124,1.5e-07,7e-08,7e-08,7e-08,7e-08,7e-08,7e-08,7e-08,1.997e-05,0.00021669,0.00021669,3.605e-05,3.035e-05,3.222e-05,0.00047275,5.89e-05,1.423e-05,0.00020896,0.58992098
"Electricity grid mix 1kV-60kV, consumption mix, at consumer, AC, 1kV - 60kV",Product-as-a-Service,Energy carriers and technologies > Electricity,3e-08,1e-08,0.00189587,0.0009289,0.00068255,0.00063148,0.00071313,0.00147404,0.00137267,0.00152268,0.00155559,0.00073045,0.4715654,0.51935921,0.0,0.02227271,0.01292785,0.01291459,0.01295338,0.0,0.00350734,0.46549236,76628.33872925,44.98223318,0.00443204,0.00072752,0.02403157,0.0046337,0.00115866,0.02068865,15.68851105,3e-08,0.0,0.0,0.0,0.0,0.0,0.0,0.0,1.838e-05,0.0001149,0.0001149,3.517e-05,2.907e-05,3.201e-05,0.00027356,2.98e-05,7.55e-06,0.00010446,0.46602885
"Polyethylene terephthalate (PET) granulate, production mix, at plant, bottle grade",Transport & Packaging,Materials production > Plastics,0.0,0.0,0.01558859,0.00862666,0.00075807,0.00052752,0.0016342,0.00152762,0.00093512,0.00378089,0.01101767,0.0050943,3.49975646,4.51202205,0.0,1.69911328,0.24818595,0.24818581,0.24818692,0.0,0.0,3.3652864,26.05675461,272.79575663,0.10472638,0.01978445,0.54184922,0.12059792,0.03234146,0.55420067,106.34009587,2.2e-07,0.0,0.0,0.0,0.0,0.0,0.0,0.0,0.00020392,0.00243572,0.00243572,0.00045446,0.0003573,0.00043417,0.00085607,5.72e-05,1.178e-05,0.0002469,3.38015906
"Process steam from Heavy fuel oil 90 %, consumption mix, at power plant, heat plant, MJ, 90 % efficiency",Product-as-a-Service,Energy carriers and technologies > Heat and steam,0.0,0.0,0.00059313,0.00052443,0.00012536,0.00011629,0.00012872,0.00026739,0.00024592,0.00027187,0.00027533,0.00013124,0.10661527,0.11783708,0.0,0.00593734,0.00495011,0.00494907,0.00495265,0.0,6.32e-06,0.10510674,1494.42598987,0.70020363,0.00122248,0.00019624,0.00661979,0.00152536,0.00038598,0.00653735,0.41390213,0.0,0.0,0.0,0.0,0.0,0.0,0.0,0.0,8.36e-06,3.878e-05,3.878e-05,1.815e-05,1.434e-05,1.734e-05,2.437e-05,1.51e-06,7.3e-07,3.98e-06,0.10517728
"Sodium chloride (NaCl, dissolved), production mix for PVC production, at plant",Raw Materials,Materials production > Inorganic chemicals,0.0,0.0,0.00105224,0.00047482,0.00084782,0.0007801,0.00084894,0.00215902,0.00197785,0.00216199,0.00217348,0.00085895,0.1697074,0.20557749,0.0,0.00285078,0.00087841,0.00087697,0.00088126,0.0,0.0,0.16480295,7.17363216,8.55810648,0.00311149,0.00040715,0.01717727,0.0040704,0.00085763,0.01800268,3.13743887,0.0,0.0,0.0,0.0,0.0,0.0,0.0,0.0,4.67e-06,7.26e-05,7.26e-05,1.063e-05,8.29e-06,9.66e-06,0.00029174,3.206e-05,6.76e-06,0.00012467,0.16505108
"Process steam from heavy fuel oil, consumption mix, at plant, heat plant, MJ",Product-as-a-Service,Energy carriers and technologies > Heat and steam,0.0,0.0,0.00079629,0.00020481,5.57e-05,4.731e-05,7.164e-05,0.00011998,0.00010099,0.00015672,0.0002564,0.00011163,0.09679302,0.10033733,0.0,0.00568947,0.00357962,0.00357858,0.00358259,0.0,0.0,0.09637039,858.13580086,1.5020784,0.0032795,0.00066212,0.01673851,0.00400316,0.00128456,0.01649799,1.01732822,0.0,0.0,0.0,0.0,0.0,0.0,0.0,0.0,3.87e-06,4.257e-05,4.257e-05,7.48e-06,6.04e-06,6.79e-06,1.569e-05,1.89e-06,7.6e-07,5.7e-06,0.09646809
"Waste incineration of ferro metals, at plant, average European waste-to-energy plant, without collection, transport and pre-treatment",Transport & Packaging,End-of-life treatment > Energy recycling,-2.9e-07,-1.4e-07,-2.77046986,-2.05699123,-0.40130671,-0.4107631,-0.36711471,-1.19761951,-1.1248273,-1.24517699,-1.95215422,-0.6448495,-779.27828946,-792.56039477,-0.0,-14.17424632,-12.08058852,-12.11706738,-12.07416685,1.01e-06,-0.0,-788.05887997,-4876288.66606902,-4241.88021826,-17.78658656,-3.14733177,-91.74304906,-25.3425175,-6.40314095,-108.51489265,-2390.69609805,3.467e-05,1.792e-05,1.784e-05,1.78e-05,1.776e-05,1.772e-05,1.764e-05,1.8e-05,-0.17122873,-0.43096165,-0.43096165,-0.39654512,-0.31061698,-0.42901811,0.44096887,0.06373172,0.01447265,0.2038312,-809.209722
"Process steam from Heavy fuel oil 90 %, consumption mix, at power plant, heat plant, MJ, 90 % efficiency",Product-as-a-Service,Energy carriers and technologies > Heat and steam,0.0,0.0,0.00052651,0.00020595,6.4e-05,5.701e-05,6.76e-05,0.0001424,0.00012697,0.00014735,0.00015108,6.987e-05,0.1091084,0.11170144,0.0,0.00553809,0.00471992,0.00471928,0.00472142,0.0,3.05e-05,0.10881111,933.21658581,0.86330855,0.00035303,5.452e-05,0.00197135,0.00038115,8.584e-05,0.00171912,0.33270619,0.0,0.0,0.0,0.0,0.0,0.0,0.0,0.0,2.82e-06,2.867e-05,2.867e-05,4.63e-06,3.87e-06,3.7e-06,2.613e-05,1.67e-06,7.7e-07,4.54e-06,0.10888073
"Electricity Mix, consumption mix, at consumer, AC, 1kV - 60kV",Product-as-a-Service,Energy carriers and technologies > Electricity,0.0,0.0,0.01025271,0.00250586,0.0004552,0.00035868,0.000576,0.00091489,0.00073885,0.00115203,0.0014968,0.00071714,1.11210411,1.19477433,0.0,0.03615071,0.01397544,0.01394783,0.0140259,0.0,0.0,1.10136008,4261.31564972,147.39996419,0.01247136,0.00218686,0.06792599,0.01410502,0.00351157,0.06352283,50.44979922,1e-08,1e-08,1e-08,1e-08,1e-08,1e-08,1e-08,1e-08,3.652e-05,0.00054918,0.00054918,5.562e-05,5.002e-05,5.097e-05,0.00098414,0.00011804,2.8e-05,0.00043092,1.10204414
"Pre-cast concrete, production mix, at plant, minimum reinforcement, concrete type C20/25, without consideration of casings",Raw Materials,Systems > Construction,0.0,0.0,0.00024534,0.00031757,4.776e-05,3.777e-05,6.061e-05,9.807e-05,8.216e-05,0.00011771,0.00013654,7.094e-05,0.12141611,0.12686667,0.0,0.01056627,0.00182574,0.00179249,0.00196254,0.0,0.0,0.12091711,89.74671961,4.72969959,0.00102982,0.00019167,0.00560862,0.00110079,0.00030927,0.0047722,1.73626937,0.0,0.0,0.0,0.0,0.0,0.0,0.0,0.0,4.95e-06,1.92e-05,1.92e-05,1.109e-05,8.78e-06,1.174e-05,0.00016725,1.824e-05,3.92e-06,6.876e-05,0.12140358
"Sand 0/2, production mix, at plant, wet and dry quarry, undried",Raw Materials,Materials production > Other mineral materials,0.0,0.0,2.038e-05,1.827e-05,3.01e-06,2.75e-06,3.2e-06,6.39e-06,5.86e-06,6.74e-06,7.3e-06,3.47e-06,0.00246656,0.00266584,0.0,0.00014625,4.119e-05,4.112e-05,4.132e-05,0.0,0.0,0.00244321,59.70899595,0.60984712,4.401e-05,8.39e-06,0.00022908,5.062e-05,1.561e-05,0.00020936,0.20846985,0.0,0.0,0.0,0.0,0.0,0.0,0.0,0.0,1.4e-07,1.3e-06,1.3e-06,2.9e-07,2.4e-07,2.9e-07,1.17e-06,1.5e-07,4e-08,5.1e-07,0.00245243
"Gravel 2/32, production mix, at plant, wet and dry quarry, undried",Raw Materials,Materials production > Other mineral materials,0.0,0.0,2.675e-05,1.973e-05,4.63e-06,4.23e-06,4.93e-06,9.81e-06,9.01e-06,1.035e-05,1.12e-05,5.32e-06,0.00342217,0.00371622,0.0,0.0002035,5.477e-05,5.466e-05,5.497e-05,0.0,0.0,0.00338607,95.44833912,0.98885579,5.747e-05,1.068e-05,0.00030165,6.444e-05,1.909e-05,0.00027184,0.335711,0.0,0.0,0.0,0.0,0.0,0.0,0.0,0.0,1.7e-07,1.64e-06,1.64e-06,3.5e-07,2.8e-07,3.4e-07,1.88e-06,2.4e-07,6e-08,8.3e-07,0.00339648
"Crushed stone 16/32, production mix, at plant, open pit mining, undried",Raw Materials,Materials production > Other mineral materials,0.0,0.0,0.0001036,6.305e-05,2.011e-05,1.835e-05,2.139e-05,4.251e-05,3.906e-05,4.482e-05,4.847e-05,2.302e-05,0.01405313,0.01530692,0.0,0.00081684,0.00021204,0.00021157,0.00021288,0.0,0.0,0.01391959,424.95121501,4.41514121,0.00021962,3.987e-05,0.00116139,0.00024085,6.865e-05,0.00103418,1.49274817,0.0,0.0,0.0,0.0,0.0,0.0,0.0,0.0,6.9e-07,6.14e-06,6.14e-06,1.38e-06,1.13e-06,1.34e-06,8.34e-06,1.05e-06,2.6e-07,3.69e-06,0.0139621
"Aerated concrete block, production mix, at plant, mix of P2 04 and P4 05, average density 433 kg/m3",Raw Materials,Systems > Construction,0.0,0.0,0.0007626,0.00073097,0.00021731,0.00019011,0.0002471,0.00045458,0.00040276,0.00050675,0.00056713,0.00027801,0.46882461,0.49374921,0.0,0.02452917,0.00456623,0.00450888,0.00478852,0.0,0.0,0.46523587,2853.68489228,45.90835995,0.00332509,0.0006281,0.01785391,0.00387132,0.0011132,0.01640129,15.63173676,2e-08,1e-08,1e-08,1e-08,1e-08,1e-08,1e-08,1e-08,1.51e-05,6.472e-05,6.472e-05,3.234e-05,2.582e-05,3.118e-05,0.0007154,8.033e-05,1.759e-05,0.00030573,0.46625274
"Lightweight concrete block, production mix, at plant, expanded clay as base material",Raw Materials,Systems > Construction,0.0,0.0,0.00126709,0.00070643,0.00015092,0.00013396,0.00016863,0.00031819,0.00028451,0.00034996,0.00039381,0.00019257,0.26085705,0.27611951,0.0,0.02338992,0.00275198,0.00273473,0.0028191,0.0,0.0,0.25967977,604.29512471,46.75498774,0.00230899,0.00045818,0.01207144,0.00267507,0.00086597,0.01085287,15.77996099,1e-08,0.0,0.0,0.0,0.0,0.0,0.0,0.0,1.859e-05,9.13e-05,9.13e-05,4.236e-05,3.334e-05,4.44e-05,0.00017396,1.969e-05,4.31e-06,7.379e-05,0.26146911
"Calcium silicate, production mix, at plant, blocks and elements, density 1400 to 2000 kg/m3",Raw Materials,Systems > Construction,0.0,0.0,0.00017435,0.00017036,9.552e-05,8.51e-05,9.938e-05,0.00023015,0.0002034,0.00023905,0.00025022,0.00010478,0.1476599,0.15589334,0.0,0.00191979,0.0005504,0.00054846,0.0005548,0.0,0.0,0.14657961,501.10731047,4.05072112,0.00086837,0.00014407,0.00483775,0.00115919,0.00028735,0.0049462,1.44085245,0.0,0.0,0.0,0.0,0.0,0.0,0.0,0.0,3.71e-06,1.36e-05,1.36e-05,7.84e-06,6.28e-06,6.8e-06,0.00028761,3.057e-05,6.63e-06,0.00011844,0.14668917
"Glass wool, production mix, at plant, fleece, density between 10 to 100 kg/m3",Raw Materials,Systems > Construction,0.0,0.0,0.01626267,0.01139183,0.00539136,0.00504788,0.00560211,0.00951203,0.00876656,0.00991801,0.01052423,0.00590659,3.36678423,3.77960712,0.0,0.16341299,0.03164697,0.03142575,0.03239418,1e-08,0.0,3.31667593,65220.72405431,594.28722147,0.03656149,0.00678989,0.19254111,0.04129322,0.0118293,0.17619507,202.30613991,4.1e-07,1.8e-07,1.8e-07,1.8e-07,1.8e-07,1.8e-07,1.8e-07,1.8e-07,0.00046532,0.00123116,0.00123116,0.00036454,0.00045021,0.00039734,0.00132933,0.00029671,0.00018505,0.0006692,3.32494381
"Rock wool, production mix, at plant, fleece, density between 30 to 180 kg/m3",Raw Materials,Systems > Construction,0.0,0.0,0.03753241,0.04154502,0.00985507,0.00957994,0.01003549,0.01017949,0.00958712,0.01051693,0.01100885,0.01026463,5.09157368,5.60998194,0.0,0.22019602,0.03767065,0.03753169,0.03812798,1e-08,0.0,5.02345023,106387.55858542,1694.74411922,0.04742301,0.0103686,0.23981754,0.05417367,0.01766546,0.21854128,565.58226048,2.7e-07,1.2e-07,1.2e-07,1.2e-07,1.2e-07,1.2e-07,1.2e-07,1.2e-07,0.00150904,0.00165347,0.00165347,-0.00127541,0.00048477,0.00047467,0.00173025,0.00067446,0.00056436,0.00104787,5.02910195
"Waste incineration of municipal solid waste (MSW), at plant, average European waste-to-energy plant, without collection, transport and pre-treatment",Transport & Packaging,End-of-life treatment > Energy recycling,-0.0,-0.0,-0.00213085,-0.00029708,-0.00045758,-0.00039541,-0.00051192,-0.00092906,-0.00081498,-0.00103286,-0.00120574,-0.0005908,-0.10569878,-0.14586258,-0.0,-0.06100956,-0.00609004,-0.0060792,-0.00609865,-0.0,-0.0,-0.1004175,-9972.71730279,-338.36031902,-0.0075196,-0.00130339,-0.04026322,-0.00788316,-0.00194733,-0.0357802,-112.41805323,-4e-08,-2e-08,-2e-08,-2e-08,-2e-08,-2e-08,-2e-08,-2e-08,-2.244e-05,-0.00013625,-0.00013625,-4.288e-05,-3.555e-05,-4.07e-05,0.00031259,2.972e-05,4.75e-06,0.00013051,-0.10169158
"Waste incineration of paper fraction in municipal solid waste (MSW), at plant, average European waste-to-energy plant, without collection, transport and pre-treatment",Transport & Packaging,End-of-life treatment > Energy recycling,-0.0,-0.0,-0.00237029,-0.00054561,-0.00041995,-0.00036277,-0.00046444,-0.00082013,-0.0007239,-0.00089431,-0.00097561,-0.00050617,-0.43022963,-0.47545035,-0.0,-0.05853897,-0.00534542,-0.00532789,-0.00537344,-0.0,-0.0,-0.42398986,-9978.32985514,-339.42392295,-0.00481127,-0.00082757,-0.02615476,-0.00456458,-0.00113646,-0.02089755,-112.60489109,-4e-08,-2e-08,-2e-08,-2e-08,-2e-08,-2e-08,-2e-08,-2e-08,-1.856e-05,-0.00013875,-0.00013875,-3.335e-05,-2.82e-05,-2.985e-05,-0.00020849,-2.929e-05,-7.81e-06,-9.639e-05,-0.42465811
"Waste incineration of biodegradable waste fraction in municipal solid waste (MSW), at plant, average European waste-to-energy plant, without collection, transport and pre-treatment",Transport & Packaging,End-of-life treatment > Energy recycling,-0.0,-0.0,-0.00048922,0.00040885,-0.00014688,-0.00012648,-0.00016157,-0.00028644,-0.0002533,-0.0003092,-0.00032648,-0.00016925,-0.14146149,-0.15533866,-0.0,-0.01072718,-0.00102296,-0.00101712,-0.00103249,-0.0,-0.0,-0.13953365,-2511.34247578,-101.60731057,-0.00151687,-0.000241,-0.00839226,-0.00133984,-0.00028121,-0.00646184,-33.73598615,-2e-08,-1e-08,-1e-08,-1e-08,-1e-08,-1e-08,-1e-08,-1e-08,-4.58e-06,-3.279e-05,-3.279e-05,-7.1e-06,-6.33e-06,-5.79e-06,-4.462e-05,-7.43e-06,-2.14e-06,-2.244e-05,-0.13959228
"Waste incineration of textile fraction in municipal solid waste (MSW), at plant, average European waste-to-energy plant, without collection, transport and pre-treatment",Transport & Packaging,End-of-life treatment > Energy recycling,-0.0,-0.0,-0.00295236,0.00028543,-0.0006614,-0.00057231,-0.00072784,-0.00129622,-0.0011469,-0.00140405,-0.00151837,-0.00077831,-0.34061404,-0.41510357,-0.0,-0.05634592,-0.00652991,-0.00650381,-0.00657029,-0.0,-0.0,-0.33048339,-11365.17821438,-501.56840912,-0.00647832,-0.00110902,-0.03514703,-0.00572908,-0.00143337,-0.02658184,-166.41138779,-7e-08,-3e-08,-3e-08,-3e-08,-3e-08,-3e-08,-3e-08,-3e-08,-2.515e-05,-0.00017937,-0.00017937,-4.305e-05,-3.698e-05,-3.661e-05,0.00036123,3.144e-05,4.06e-06,0.00014922,-0.33100299
"Waste incineration of plastics (unspecified) fraction in municipal solid waste (MSW), at plant, average European waste-to-energy plant, without collection, transport and pre-treatment",Transport & Packaging,End-of-life treatment > Energy recycling,-0.0,-0.0,-0.0083325,-0.002572,-0.00143256,-0.00124125,-0.0015757,-0.00279278,-0.00247031,-0.00302976,-0.00328688,-0.0016895,0.67522735,0.50921519,-0.0,-0.13513973,-0.01625786,-0.01623579,-0.01620127,-0.0,-0.0,0.69761056,-24040.44428844,-1219.19907016,-0.01536195,-0.00263407,-0.08362239,-0.01443422,-0.00360168,-0.06586962,-404.15089492,-1.4e-07,-7e-08,-7e-08,-7e-08,-7e-08,-7e-08,-7e-08,-7e-08,-5.728e-05,-0.00047165,-0.00047165,-9.932e-05,-8.493e-05,-8.477e-05,-0.00083523,-0.00011254,-2.94e-05,-0.00037883,0.69638826
"Waste incineration of plastics (PE, PP, PS, PB), at plant, average European waste-to-energy plant, without collection, transport and pre-treatment",Transport & Packaging,End-of-life treatment > Energy recycling,-0.0,-0.0,-0.01270231,-0.00444752,-0.00211953,-0.00183204,-0.00234195,-0.00411904,-0.00363408,-0.00449028,-0.00488597,-0.00251177,0.86311789,0.61037076,-0.0,-0.19261088,-0.02688048,-0.02679107,-0.02702427,-1e-08,-0.0,0.89715376,-33572.96674643,-1862.6968157,-0.02309015,-0.00397512,-0.12584314,-0.02170051,-0.00543759,-0.09895047,-617.39268532,-2.1e-07,-1e-07,-1e-07,-1e-07,-1e-07,-1e-07,-1e-07,-1e-07,-8.231e-05,-0.00070528,-0.00070528,-0.00014148,-0.00012132,-0.00011897,-0.00139507,-0.00018448,-4.733e-05,-0.00062826,0.89574424
"Waste incineration of plastics (PET, PMMA, PC), at plant, average European waste-to-energy plant, without collection, transport and pre-treatment",Transport & Packaging,End-of-life treatment > Energy recycling,-0.0,-0.0,-0.00737899,-0.00252305,-0.00123544,-0.00106775,-0.00136523,-0.00239985,-0.00211728,-0.00261631,-0.00284702,-0.00146408,1.03881498,0.89186232,-0.0,-0.1119426,-0.0156064,-0.01555427,-0.01569032,-0.0,-0.0,1.05861607,-19575.40010661,-1088.55221111,-0.0134292,-0.00230685,-0.07323172,-0.0125922,-0.00314013,-0.05751525,-360.78973403,-1.2e-07,-6e-08,-6e-08,-6e-08,-6e-08,-6e-08,-6e-08,-6e-08,-4.759e-05,-0.00040973,-0.00040973,-8.157e-05,-7.002e-05,-6.852e-05,-0.00081491,-0.00010774,-2.762e-05,-0.00036699,1.05781069
"Waste incineration of plastics (Nylon 6, Nylon 66, PAN), at plant, average European waste-to-energy plant, without collection, transport and pre-treatment",Transport & Packaging,End-of-life treatment > Energy recycling,-0.0,-0.0,-0.00175307,0.00721682,-0.00129463,-0.00112809,-0.00142244,-0.00253332,-0.0022515,-0.0027463,-0.00298531,-0.00152465,0.99477256,0.85791577,-0.0,-0.09912736,-0.00596203,-0.00591102,-0.00604554,-0.0,-0.0,1.01373657,-22147.18138817,-1040.73750577,-0.01373663,-0.00234912,-0.07482392,-0.01296952,-0.00322109,-0.05925689,-345.09223225,-1.4e-07,-7e-08,-7e-08,-7e-08,-7e-08,-7e-08,-7e-08,-7e-08,-4.37e-05,-0.00018024,-0.00018024,-7.312e-05,-6.325e-05,-6.139e-05,-0.00081585,-0.00010746,-2.746e-05,-0.00036685,1.01299054
"Waste incineration of plastics (Nylon 6 GF 30, Nylon 66 GF 30), at plant, average European waste-to-energy plant, without collection, transport and pre-treatment",Transport & Packaging,End-of-life treatment > Energy recycling,-0.0,-0.0,-0.00196783,0.00368715,-0.00087495,-0.00076114,-0.00096021,-0.00170428,-0.00151326,-0.0018436,-0.0019823,-0.00102009,0.64709318,0.55570576,-0.0,-0.06955295,-0.00532423,-0.00528963,-0.00537881,-0.0,-0.0,0.65968257,-14825.24745003,-729.72090081,-0.00933597,-0.00159143,-0.05088887,-0.00874365,-0.00215242,-0.0400655,-241.90976659,-9e-08,-4e-08,-4e-08,-4e-08,-4e-08,-4e-08,-4e-08,-4e-08,-3.001e-05,-0.00015416,-0.00015416,-5.003e-05,-4.335e-05,-4.194e-05,-0.00055055,-7.363e-05,-1.884e-05,-0.00025091,0.65917657
"Waste incineration of plastics (rigid PVC), at plant, average European waste-to-energy plant, without collection, transport and pre-treatment",Transport & Packaging,End-of-life treatment > Energy recycling,-0.0,-0.0,0.00029433,-0.00032126,-0.00022583,-0.00017915,-0.00022105,-0.00028451,-0.00023893,-0.00021541,0.00025971,-3.333e-05,1.69880168,1.86221917,-0.0,-0.04028535,0.00020037,0.00018857,0.00021707,-0.0,-0.0,1.67587984,19657.42901567,-557.19823013,-0.00402767,-0.00020749,-0.024763,-0.00186648,0.00079999,-0.01570614,-184.20294064,-2e-08,-1e-08,-1e-08,-1e-08,-1e-08,-1e-08,-1e-08,-1e-08,3.93e-06,-0.00011544,-0.00011544,2.241e-05,1.43e-05,2.027e-05,8.233e-05,-1.802e-05,-6.25e-06,-4.226e-05,1.67614446
"Waste incineration of ferro metals, at plant, average European waste-to-energy plant, without collection, transport and pre-treatment",Transport & Packaging,End-of-life treatment > Energy recycling,-0.0,-0.0,-0.00191904,-0.00173079,-0.0002651,-0.00029352,-0.00021613,-0.0009342,-0.00089329,-0.00095706,-0.00163825,-0.00048274,-0.62412185,-0.6204401,-0.0,-0.00089828,-0.01024051,-0.01028944,-0.01020667,0.0,-0.0,-0.63516119,-2783.57151061,121.17287872,-0.01626599,-0.00287926,-0.0834896,-0.0239024,-0.00602729,-0.10203108,39.17073456,5e-08,2e-08,2e-08,2e-08,2e-08,2e-08,2e-08,2e-08,-0.00016531,-0.00038331,-0.00038331,-0.00038613,-0.00030176,-0.00042005,0.00053293,7.591e-05,1.76e-05,0.00024526,-0.65617254
"Waste incineration of glass/inert material, at plant, average European waste-to-energy plant, without collection, transport and pre-treatment",Transport & Packaging,End-of-life treatment > Energy recycling,-0.0,-0.0,0.00058983,0.00045607,0.00011934,0.00010424,0.00013776,0.00023877,0.00020907,0.00027801,0.00036937,0.00017119,0.12598836,0.15139385,-0.0,0.00134362,0.00139029,0.00138456,0.00140648,0.0,-0.0,0.12259517,-336.60301423,131.04244142,0.00113277,0.00020697,0.00616392,0.00114618,0.00032949,0.00498249,43.34432588,1e-08,0.0,0.0,0.0,0.0,0.0,0.0,0.0,3.53e-06,3.143e-05,3.143e-05,6.24e-06,5.26e-06,4.32e-06,0.0001052,1.019e-05,2.51e-06,3.632e-05,0.12245566
"Waste incineration of untreated wood (10,7% water content), at plant, average European waste-to-energy plant, without collection, transport and pre-treatment",Transport & Packaging,End-of-life treatment > Energy recycling,-0.0,-0.0,-0.00420569,-0.00132744,-0.00071499,-0.00061834,-0.00078856,-0.00138759,-0.00122542,-0.00150883,-0.00163777,-0.00084379,-0.77850398,-0.86300197,-0.0,-0.06432061,-0.00887401,-0.00884468,-0.00892057,-0.0,-0.0,-0.76710261,-11346.47153736,-633.05826075,-0.00738015,-0.00126437,-0.04018,-0.00669897,-0.00166636,-0.03084366,-209.79833433,-7e-08,-3e-08,-3e-08,-3e-08,-3e-08,-3e-08,-3e-08,-3e-08,-2.711e-05,-0.0002341,-0.0002341,-4.622e-05,-3.975e-05,-3.873e-05,-9.313e-05,-1.996e-05,-7.02e-06,-4.793e-05,-0.76755038
"Waste incineration of wood products (OSB, particle board), at plant, average European waste-to-energy plant, without collection, transport and pre-treatment",Transport & Packaging,End-of-life treatment > Energy recycling,-0.0,-0.0,-0.00376834,-0.0004286,-0.00073788,-0.00063899,-0.00081315,-0.0014339,-0.0012678,-0.00155803,-0.00169122,-0.00087018,-0.79000732,-0.87558345,-0.0,-0.0646562,-0.00816821,-0.00813821,-0.00821601,-0.0,-0.0,-0.77841149,-11866.80080579,-643.42893965,-0.00761803,-0.0013044,-0.04147292,-0.00694279,-0.00172606,-0.03194583,-213.2511445,-8e-08,-4e-08,-4e-08,-4e-08,-4e-08,-4e-08,-4e-08,-4e-08,-2.742e-05,-0.0002178,-0.0002178,-4.659e-05,-4.011e-05,-3.905e-05,-0.00012597,-2.383e-05,-7.9e-06,-6.233e-05,-0.77886673
"Landfill of municipal solid waste, AT, DE, IT, LU, NL, SE, CH technology mix, at landfill site, landfill including landfill gas utilisation and leachate treatment, without collection, transport and   pre-treatment",Transport & Packaging,End-of-life treatment > Landfilling,0.0,0.0,0.00035516,0.00041001,8.011e-05,7.05e-05,9.77e-05,0.00018821,0.00016379,0.00023259,0.00034877,0.00014466,0.80675726,1.74197533,-0.0,0.00420288,0.00083473,0.00083375,0.0008372,0.0,-0.0,0.67670138,27537.21808525,6.12035853,0.00063391,0.00011866,0.00344918,0.00078748,0.00024279,0.00336475,2.14793135,0.0,0.0,0.0,0.0,0.0,0.0,0.0,0.0,0.0001046,0.00015968,0.00015968,0.00021677,0.00017143,0.00016904,2.044e-05,2.18e-06,6.7e-07,7.74e-06,0.67861507
"Landfill of municipal solid waste, ES, GR, PT technology mix, at landfill site, landfill including landfill gas utilisation and leachate treatment, without collection, transport and   pre-treatment",Transport & Packaging,End-of-life treatment > Landfilling,0.0,0.0,0.00023172,0.00023492,3.858e-05,3.234e-05,5.463e-05,8.712e-05,7.143e-05,0.00012783,0.00023815,9.895e-05,1.06560599,2.62709593,-0.0,0.00329454,0.00059016,0.00058953,0.00059184,0.0,-0.0,0.84816058,46574.10149315,5.29405693,0.00041663,8.23e-05,0.00228376,0.00051593,0.00016877,0.0022063,1.8390429,0.0,0.0,0.0,0.0,0.0,0.0,0.0,0.0,0.00017018,0.00024377,0.00024377,0.00035154,0.00027812,0.00027173,1.695e-05,1.66e-06,4.6e-07,6.16e-06,0.85098845
"Landfill of municipal solid waste, FR, GB, IE, FI, NO technology mix, at landfill site, landfill including landfill gas utilisation and leachate treatment, without collection, transport and   pre-treatment",Transport & Packaging,End-of-life treatment > Landfilling,0.0,0.0,0.00034889,0.0004044,7.02e-05,6.164e-05,8.628e-05,0.00016435,0.00014262,0.0002049,0.00031249,0.00012969,0.79749836,1.72354099,-0.0,0.00367897,0.00081684,0.00081604,0.00081884,0.0,-0.0,0.66871795,27477.33508588,5.96785704,0.00055141,0.0001024,0.00301388,0.00068156,0.00020772,0.0029339,2.08224107,0.0,0.0,0.0,0.0,0.0,0.0,0.0,0.0,0.00010361,0.00015797,0.00015797,0.00021444,0.00016967,0.00016715,1.883e-05,2.01e-06,6.3e-07,7.11e-06,0.67061352
"Landfill of paper waste, at landfill site, landfill including landfill gas utilisation and leachate treatment and without collection, transport and   pre-treatment",Transport & Packaging,End-of-life treatment > Landfilling,0.0,0.0,0.00043332,0.00048699,7.81e-05,7.062e-05,8.73e-05,0.00017803,0.0001594,0.00020051,0.00025595,0.00011077,0.99041629,2.14765704,-0.0,0.00539143,0.00101967,0.00101858,0.00102225,0.0,-0.0,0.82947636,33503.40258984,7.97530442,0.00072813,0.00014106,0.00382492,0.00089653,0.00028735,0.00367483,2.76674195,0.0,0.0,0.0,0.0,0.0,0.0,0.0,0.0,0.00012904,0.00019667,0.00019667,0.00026803,0.0002118,0.00020899,1.591e-05,2e-06,6.9e-07,6.61e-06,0.83183397
"Landfill of biodegradable waste, at landfill site, landfill including landfill gas utilisation and leachate treatment and without collection, transport and   pre-treatment",Transport & Packaging,End-of-life treatment > Landfilling,0.0,0.0,0.00035584,0.00036659,6.683e-05,6.094e-05,7.223e-05,0.00014973,0.00013528,0.00016243,0.00018914,8.437e-05,0.57706923,1.2031703,-0.0,0.00520013,0.00084041,0.00083937,0.00084287,0.0,-0.0,0.49005874,18018.37677211,7.95942226,0.00069288,0.00013652,0.00359588,0.00085104,0.00027782,0.00343278,2.75088943,0.0,0.0,0.0,0.0,0.0,0.0,0.0,0.0,7.155e-05,0.00011509,0.00011509,0.0001489,0.00011767,0.00011689,1.325e-05,1.79e-06,6.2e-07,5.78e-06,0.49143109
"Landfill of textiles, at landfill site, landfill including landfill gas utilisation and leachate treatment and without collection, transport and   pre-treatment",Transport & Packaging,End-of-life treatment > Landfilling,0.0,0.0,0.00043951,0.00049557,8.43e-05,7.591e-05,9.567e-05,0.00019387,0.00017285,0.00022192,0.00029422,0.00012577,1.02230556,2.22136377,-0.0,0.00542018,0.00104604,0.00104493,0.00104869,0.0,-0.0,0.85554441,35534.25325343,7.98398683,0.00074774,0.00014354,0.00395361,0.00092212,0.00029261,0.00381148,2.77541536,0.0,0.0,0.0,0.0,0.0,0.0,0.0,0.0,0.00013413,0.00020382,0.00020382,0.00027769,0.00021969,0.00021642,1.843e-05,2.21e-06,7.3e-07,7.46e-06,0.85797884
"Process steam from heavy fuel oil, consumption mix, at plant, heat plant, MJ",Product-as-a-Service,Energy carriers and technologies > Heat and steam,0.0,0.0,0.0007173,0.00021925,6.696e-05,4.721e-05,0.00011637,0.00014421,0.00010275,0.00025726,0.00056756,0.00023882,0.09872002,0.10374223,0.0,0.01184927,0.01067705,0.01067545,0.01068076,0.0,0.0,0.09815006,1011.03352451,5.62533332,0.00582186,0.00116377,0.0299049,0.00674075,0.00203964,0.02938203,2.80484268,0.0,0.0,0.0,0.0,0.0,0.0,0.0,0.0,4.59e-06,4.019e-05,4.019e-05,9.16e-06,7.36e-06,8.48e-06,4.361e-05,4.58e-06,1.35e-06,1.535e-05,0.09824789
"Process steam from heavy fuel oil, consumption mix, at plant, heat plant, MJ",Product-as-a-Service,Energy carriers and technologies > Heat and steam,0.0,0.0,0.00024908,0.00010655,3.701e-05,3.12e-05,4.688e-05,7.662e-05,6.427e-05,9.786e-05,0.00014918,6.747e-05,0.09756347,0.10044829,0.0,0.00275612,0.00187755,0.00187661,0.00188027,0.0,0.0,0.09718554,832.60043513,1.32862723,0.0025296,0.00051459,0.01289177,0.00306551,0.00100756,0.01240926,0.85225781,0.0,0.0,0.0,0.0,0.0,0.0,0.0,0.0,3.14e-06,1.508e-05,1.508e-05,5.59e-06,4.58e-06,4.73e-06,1.053e-05,1.58e-06,7.3e-07,4.24e-06,0.09722098
"Electricity grid mix 1kV-60kV, consumption mix, at consumer, AC, 1kV - 60kV",Product-as-a-Service,Energy carriers and technologies > Electricity,0.0,0.0,0.00583833,0.00251256,0.00046046,0.00032896,0.00056665,0.00086199,0.00066949,0.00102148,0.00110264,0.00060366,1.03712274,1.11045996,0.0,0.0568704,0.03095244,0.03090214,0.03102625,0.0,0.00018909,1.0281266,7664.94877324,93.14182043,0.00754793,0.00130491,0.04240106,0.00699848,0.0016954,0.03224301,32.0861208,0.0,0.0,0.0,0.0,0.0,0.0,0.0,0.0,3.945e-05,0.00035598,0.00035598,5.4e-05,5.134e-05,5.461e-05,0.00067454,7.904e-05,2.004e-05,0.00026357,1.02969422
"Gypsum plaster (CaSO4 alpha hemihydrates), production mix, at plant, via calcination of calcium sulphate dihydrate, grinded and purified product",Raw Materials,Systems > Construction,0.0,0.0,0.00029964,0.00024746,0.00015416,0.00014019,0.00016254,0.00034079,0.00030767,0.00035838,0.00037788,0.00017519,0.24578677,0.27081132,0.0,0.01524064,0.00104197,0.00103938,0.00104744,0.0,0.0,0.24245,1372.28502403,6.04200116,0.00218112,0.00046255,0.01104862,0.00274627,0.00097937,0.0105414,2.40056096,1e-08,0.0,0.0,0.0,0.0,0.0,0.0,0.0,1.101e-05,2.8e-05,2.8e-05,2.212e-05,1.785e-05,1.89e-05,3.865e-05,5.56e-06,1.97e-06,1.759e-05,0.24254099
"Process steam from heavy fuel oil, consumption mix, at plant, heat plant, MJ",Product-as-a-Service,Energy carriers and technologies > Heat and steam,0.0,0.0,0.00078799,0.00028833,8.932e-05,6.084e-05,0.00015101,0.00018506,0.00013025,0.00031612,0.00063753,0.00027866,0.10058874,0.10786677,0.0,0.01318765,0.01103431,0.01103212,0.01103812,0.0,0.0,0.0996285,1304.47856054,5.83439088,0.00529793,0.00098985,0.02791931,0.00576043,0.00153157,0.0266706,2.8121931,0.0,0.0,0.0,0.0,0.0,0.0,0.0,0.0,5.46e-06,4.365e-05,4.365e-05,1.121e-05,8.94e-06,1.034e-05,4.586e-05,5.72e-06,1.67e-06,1.765e-05,0.09968727
"Process steam from light fuel oil, consumption mix, at plant, heat plant, MJ",Product-as-a-Service,Energy carriers and technologies > Heat and steam,0.0,0.0,0.00027502,0.00027675,4.467e-05,4.136e-05,4.682e-05,9.133e-05,8.284e-05,9.631e-05,0.00010529,5.14e-05,0.09325795,0.0979453,0.0,0.00343724,0.00068729,0.0006865,0.0006899,0.0,0.0,0.0926661,1046.37339064,1.27119417,0.00217533,0.00046533,0.01088234,0.002759,0.00099026,0.01049592,0.78353512,0.0,0.0,0.0,0.0,0.0,0.0,0.0,0.0,4.61e-06,1.789e-05,1.789e-05,8.84e-06,7.14e-06,7.88e-06,4.65e-06,1e-06,6.6e-07,2.16e-06,0.09272266
"Process steam from Heavy fuel oil 90 %, consumption mix, at power plant, heat plant, MJ, 90 % efficiency",Product-as-a-Service,Energy carriers and technologies > Heat and steam,0.0,0.0,0.00084829,0.00032157,8.386e-05,6.363e-05,0.00010714,0.00016879,0.00013669,0.00019899,0.00021074,0.00011348,0.09901013,0.10070897,0.0,0.01965851,0.01855353,0.01855135,0.01855733,0.0,2.184e-05,0.09882335,358.38931501,5.44015062,0.00104014,0.00018038,0.00590518,0.0008311,0.00020295,0.00396072,1.97060402,0.0,0.0,0.0,0.0,0.0,0.0,0.0,0.0,1.26e-06,4.203e-05,4.203e-05,2.38e-06,1.93e-06,2.14e-06,9.602e-05,4.58e-06,1.18e-06,1.376e-05,0.09886463
"Electricity grid mix, consumption mix, at consumer, AC, 230V",Product-as-a-Service,Energy carriers and technologies > Electricity,3e-08,2e-08,0.00183025,0.00098789,0.00132885,0.0012648,0.00135525,0.00286511,0.00272293,0.00290462,0.00293752,0.0013752,0.33268981,0.36587166,0.0,0.03257471,0.01634531,0.01633289,0.01637629,0.0,0.00017567,0.32836933,5665.23613231,125.3524504,0.00603772,0.00097392,0.0322326,0.00610506,0.00153742,0.02726537,42.65707159,0.0,0.0,0.0,0.0,0.0,0.0,0.0,0.0,1.853e-05,0.0001074,0.0001074,3.283e-05,2.749e-05,2.651e-05,0.00023817,2.563e-05,7.72e-06,8.608e-05,0.32883965
"Process steam from Heavy fuel oil 90 %, consumption mix, at power plant, heat plant, MJ, 90 % efficiency",Product-as-a-Service,Energy carriers and technologies > Heat and steam,0.0,0.0,0.00050574,0.00034786,3.331e-05,2.942e-05,3.656e-05,6.756e-05,6.012e-05,7.192e-05,7.468e-05,3.83e-05,0.10062948,0.10301703,0.0,0.00604245,0.0048167,0.00481478,0.00482348,0.0,4.902e-05,0.10037139,765.29878394,1.2188231,0.00468816,0.00077893,0.02507386,0.00618734,0.00164292,0.02593115,0.94254428,0.0,0.0,0.0,0.0,0.0,0.0,0.0,0.0,2.41e-06,2.721e-05,2.721e-05,4.9e-06,3.93e-06,4.69e-06,2.432e-05,1.19e-06,4.2e-07,3.68e-06,0.10044978
"Pine log with bark, production mix entry to saw mill, at plant, refostered managed forest, 44% water content",Raw Materials,Materials production > Wood,0.0,0.0,6.165e-05,8.99e-05,4.5e-06,4.13e-06,4.71e-06,1.033e-05,9.37e-06,1.081e-05,1.153e-05,6.37e-06,0.00673194,0.00717484,0.0,0.00150686,0.00010865,0.0001086,0.00010881,0.0,0.0,0.00678672,20.96934437,0.07112935,0.00011059,2.523e-05,0.00054392,0.00014469,5.617e-05,0.00052882,0.04305419,0.0,0.0,0.0,0.0,0.0,0.0,0.0,0.0,2.12e-06,1.326e-05,1.326e-05,4.93e-06,3.86e-06,5.27e-06,3.5e-07,3e-08,1e-08,9e-08,0.00701988
"Process steam from natural gas 90 %, consumption mix, at power plant, heat plant, MJ, 90 % efficiency",Product-as-a-Service,Energy carriers and technologies > Heat and steam,0.0,0.0,7.476e-05,7.401e-05,1.585e-05,1.477e-05,1.595e-05,3.152e-05,2.868e-05,3.174e-05,3.219e-05,1.633e-05,0.08380645,0.09897286,0.0,0.00053089,0.00042824,0.00042815,0.00042851,0.0,1.329e-05,0.08171765,1005.21167413,0.07832924,6.762e-05,1.023e-05,0.00036957,8.894e-05,2.072e-05,0.00038256,0.03217482,0.0,0.0,0.0,0.0,0.0,0.0,0.0,0.0,6.85e-06,1.266e-05,1.266e-05,1.489e-05,1.184e-05,1.242e-05,1.53e-06,5.3e-07,4.4e-07,8.4e-07,0.08177521
"Electricity grid mix 1kV-60kV, consumption mix, at consumer, AC, 1kV - 60kV",Product-as-a-Service,Energy carriers and technologies > Electricity,4e-08,2e-08,0.00038989,0.00025051,0.00146485,0.00141156,0.00147053,0.00324591,0.00310947,0.00325391,0.00327235,0.00148403,0.10577204,0.11639752,0.0,0.00889117,0.00257359,0.00256648,0.00259386,1e-08,0.00010289,0.1046359,7799.30294672,10.29961095,0.00567538,0.00088027,0.02989711,0.00603422,0.00151944,0.02670274,4.62709982,1.5e-07,0.0,0.0,0.0,0.0,0.0,0.0,0.0,4.16e-06,2.447e-05,2.447e-05,8.66e-06,6.96e-06,7.79e-06,3.896e-05,4.24e-06,1.15e-06,1.441e-05,0.10473905
"Process steam from Heavy fuel oil 90 %, consumption mix, at power plant, heat plant, MJ, 90 % efficiency",Product-as-a-Service,Energy carriers and technologies > Heat and steam,0.0,0.0,0.00046922,0.00027469,4.176e-05,3.64e-05,4.52e-05,9.504e-05,8.387e-05,9.976e-05,0.00010312,4.722e-05,0.10307189,0.10523454,0.0,0.00549731,0.00461878,0.00461797,0.00462105,0.0,2.458e-05,0.10292048,462.50122679,1.13034447,0.00105418,0.00017285,0.00569819,0.00132402,0.00034174,0.00563707,0.49750341,0.0,0.0,0.0,0.0,0.0,0.0,0.0,0.0,1.82e-06,2.502e-05,2.502e-05,3.59e-06,2.89e-06,3.35e-06,2.529e-05,1.3e-06,4.2e-07,4.11e-06,0.10299767
"Light fuel oil, consumption mix, at refinery, from crude oil, 2000 ppm sulphur",Product-as-a-Service,Energy carriers and technologies > Crude oil based fuels,0.0,0.0,0.00238512,0.00106473,0.00157666,0.00144588,0.00166149,0.00352476,0.00318886,0.00372215,0.0040815,0.00183116,0.40534947,0.58445714,0.0,0.08033188,0.01305625,0.01302628,0.0131541,0.0,0.0,0.38085552,12305.6990042,47.7135529,0.08149016,0.01711818,0.40982307,0.10310721,0.03624231,0.39607511,29.35134736,1e-08,0.0,0.0,0.0,0.0,0.0,0.0,0.0,0.00011156,0.00029668,0.00029668,0.00026788,0.0002083,0.00026806,0.00015484,1.696e-05,3.9e-06,6.078e-05,0.38170064
"Electricity grid mix 1kV-60kV, consumption mix, at consumer, AC, 1kV - 60kV",Product-as-a-Service,Energy carriers and technologies > Electricity,5e-08,3e-08,0.00830734,0.00168079,0.00057552,0.0004668,0.00066037,0.00111805,0.00095349,0.00124815,0.00132074,0.00069335,0.59406687,0.6277004,0.0,0.0467795,0.01449429,0.01445375,0.01455553,0.0,6.771e-05,0.59017238,393.06936473,238.37619941,0.00759541,0.00129194,0.04237872,0.00740391,0.001779,0.0336652,79.78639078,1e-08,0.0,0.0,0.0,0.0,0.0,0.0,0.0,1.715e-05,0.00040935,0.00040935,3.444e-05,2.809e-05,3.339e-05,0.00156163,0.00018134,3.994e-05,0.00067257,0.5913519
"Process steam from natural gas 90%, consumption mix, at power plant, heat plant, MJ, 90 % efficiency",Product-as-a-Service,Energy carriers and technologies > Heat and steam,0.0,0.0,7.373e-05,7.66e-05,1.698e-05,1.574e-05,1.721e-05,3.475e-05,3.164e-05,3.519e-05,3.58e-05,1.764e-05,0.08160149,0.09230142,0.0,0.00057439,0.00044239,0.00044225,0.0004428,0.0,2.969e-05,0.08015397,1032.8389529,0.25143297,0.00011387,1.779e-05,0.00061958,0.00014675,3.562e-05,0.0006292,0.09464748,0.0,0.0,0.0,0.0,0.0,0.0,0.0,0.0,5.15e-06,1.027e-05,1.027e-05,1.096e-05,8.75e-06,9.12e-06,3.42e-06,7e-07,4.5e-07,1.58e-06,0.0802046
"Process Steam from Light fuel oil 90 %, consumption mix, at power plant, heat plant, MJ, 90 % efficiency",Product-as-a-Service,Energy carriers and technologies > Heat and steam,0.0,0.0,0.00011279,0.0001161,3.678e-05,3.444e-05,3.703e-05,7.704e-05,7.089e-05,7.754e-05,7.851e-05,3.79e-05,0.09608842,0.09874769,0.0,0.00149322,0.00045328,0.00045208,0.0004578,0.0,1.362e-05,0.09588972,885.23030623,0.88722277,0.00321333,0.00053157,0.0171672,0.00428637,0.00113567,0.01793777,0.65972523,0.0,0.0,0.0,0.0,0.0,0.0,0.0,0.0,3.1e-06,9.31e-06,9.31e-06,5.46e-06,4.49e-06,4.63e-06,4.55e-06,8.3e-07,5.6e-07,1.79e-06,0.09594703
"Electricity grid mix 1kV-60kV, consumption mix, at consumer, AC, 1kV - 60kV",Product-as-a-Service,Energy carriers and technologies > Electricity,1.2e-07,6e-08,0.00034064,0.00024384,0.00079809,0.00076541,0.00080502,0.00176342,0.0016832,0.00177487,0.00179351,0.00081603,0.16216854,0.1770576,0.0,0.00740964,0.0021485,0.00214269,0.00216383,0.0,7.91e-05,0.1603702,22799.11872344,21.33835636,0.00347904,0.0005491,0.01844156,0.00374302,0.00094054,0.01655139,7.74446217,4e-08,0.0,0.0,0.0,0.0,0.0,0.0,0.0,5.48e-06,2.38e-05,2.38e-05,1.061e-05,8.73e-06,9.52e-06,0.00012544,1.432e-05,3.38e-06,5.29e-05,0.16055635
"Process steam from heavy fuel oil, consumption mix, at plant, heat plant, MJ",Product-as-a-Service,Energy carriers and technologies > Heat and steam,0.0,0.0,0.00073406,0.00023112,0.0001029,8.168e-05,0.00015187,0.00021856,0.00017286,0.00033069,0.00064243,0.00027526,0.10130714,0.10721764,0.0,0.01292417,0.01064872,0.01064693,0.01065301,0.0,0.0,0.10060479,1128.73314406,5.51944854,0.00614709,0.0011458,0.03213327,0.00716078,0.001963,0.0320223,2.77541375,0.0,0.0,0.0,0.0,0.0,0.0,0.0,0.0,5.1e-06,4.1e-05,4.1e-05,1.049e-05,8.37e-06,9.73e-06,4.242e-05,4.4e-06,1.32e-06,1.473e-05,0.10066613
"Chlorine, production mix for PVC production, at plant",Raw Materials,Materials production > Inorganic chemicals,0.0,0.0,0.00794987,0.00330506,0.00134831,0.00121626,0.00142353,0.00341425,0.0030625,0.00360961,0.00387381,0.00155222,1.1811184,1.51003355,0.0,0.02715708,0.00496434,0.00492656,0.00507053,0.0,0.0,1.13573006,11.01522503,124.0726211,0.02345286,0.00365537,0.13390819,0.03345469,0.00729974,0.14544468,41.84833739,2e-08,0.0,0.0,0.0,0.0,0.0,0.0,0.0,3.611e-05,0.00054826,0.00054826,8.198e-05,6.392e-05,7.183e-05,0.01919415,0.00214288,0.00045217,0.00831771,1.13716945
"Process steam from light fuel oil, consumption mix, at plant, heat plant, MJ",Product-as-a-Service,Energy carriers and technologies > Heat and steam,0.0,0.0,0.00023881,0.00027669,4.999e-05,4.649e-05,5.22e-05,9.921e-05,9.019e-05,0.00010434,0.0001137,5.675e-05,0.09340168,0.09823929,0.0,0.00286193,0.00070981,0.00070901,0.0007124,0.0,0.0,0.09277201,1473.71553748,1.24659393,0.0021227,0.00044671,0.01067184,0.00268522,0.00094388,0.01031479,0.76542367,0.0,0.0,0.0,0.0,0.0,0.0,0.0,0.0,5.63e-06,1.681e-05,1.681e-05,1.006e-05,8.24e-06,8.53e-06,4.94e-06,1.31e-06,9.6e-07,2.46e-06,0.09283807
"Electricity from wind power, production mix, at power plant, AC, <1kV",Product-as-a-Service,Energy carriers and technologies > Electricity,-1.5e-07,-7e-08,2.668e-05,1.912e-05,3.22e-06,3.04e-06,3.28e-06,6.82e-06,6.53e-06,6.76e-06,5.48e-06,3.16e-06,0.01095837,0.01243343,0.0,-0.00039629,-0.0013544,-0.0013542,-0.00135714,0.0,4.735e-05,0.01080914,-828.38788908,0.4756989,5.19e-06,8.87e-06,-2.433e-05,2.432e-05,2.982e-05,-2.656e-05,0.1615268,0.0,0.0,0.0,0.0,0.0,0.0,0.0,0.0,9.6e-07,3.31e-06,3.31e-06,2.16e-06,1.71e-06,2.19e-06,-5.65e-06,2.3e-07,6e-08,7.3e-07,0.01089229
"Waste incineration of plastics (rigid PVC), at plant, average European waste-to-energy plant, without collection, transport and pre-treatment",Transport & Packaging,End-of-life treatment > Energy recycling,9e-08,4e-08,4.70922888,1.3418463,0.55882361,0.50649888,0.63922437,1.26591672,1.14115348,1.46236642,2.08124614,0.88886824,2492.08748983,2740.68197894,-0.0,23.51437989,9.78299693,9.73973511,9.84872636,1.23e-06,-0.0,2457.8148357,33030977.89223594,35865.49738388,4.23337208,1.24358014,19.96096833,6.11354722,2.88544122,20.11999217,12529.56040818,6.173e-05,3.232e-05,3.232e-05,3.226e-05,3.231e-05,3.235e-05,3.234e-05,3.233e-05,0.03372545,0.13093554,0.13093554,0.07499928,0.05897238,0.06570356,0.55776334,0.04458629,0.00979514,0.17142679,2458.83589743
"Electricity grid mix 1kV-60kV, consumption mix, at consumer, AC, 1kV - 60kV",Product-as-a-Service,Energy carriers and technologies > Electricity,0.0,0.0,0.00202975,0.0010079,0.00050849,0.00046557,0.00053277,0.0010793,0.00100008,0.00111355,0.0011362,0.0005462,0.43840626,0.5016092,0.0,0.02328016,0.01542601,0.01541407,0.01544696,0.0,0.00012999,0.43003082,18830.42543523,20.35881494,0.00346644,0.00057055,0.01883909,0.00356665,0.000897,0.01587558,7.37599504,2e-08,0.0,0.0,0.0,0.0,0.0,0.0,0.0,2.67e-05,0.00013855,0.00013855,5.892e-05,4.649e-05,5.594e-05,0.00014309,1.405e-05,4.22e-06,4.355e-05,0.43042806
"Electricity grid mix 1kV-60kV, consumption mix, at consumer, AC, 1kV - 60kV",Product-as-a-Service,Energy carriers and technologies > Electricity,1e-08,1e-08,0.00296702,0.001565,0.00034467,0.00026848,0.00040052,0.00061498,0.00050676,0.00068755,0.00071475,0.00041608,0.52100315,0.61764925,0.0,0.03911258,0.02264052,0.02261334,0.02267822,0.0,0.00021002,0.50817626,63618.49342515,67.00575372,0.00417691,0.00072118,0.02330229,0.0036931,0.00094125,0.01677777,22.86325395,0.0,0.0,0.0,0.0,0.0,0.0,0.0,0.0,4.422e-05,0.00021075,0.00021075,8.541e-05,7.025e-05,8.112e-05,0.00022716,2.765e-05,9.13e-06,7.713e-05,0.50902045
"Process steam from heavy fuel oil, consumption mix, at plant, heat plant, MJ",Product-as-a-Service,Energy carriers and technologies > Heat and steam,0.0,0.0,0.00080465,0.00029018,8.861e-05,6.009e-05,0.00015035,0.00018329,0.00012846,0.00031442,0.00063582,0.000278,0.1011587,0.10846636,0.0,0.01324679,0.01103863,0.01103641,0.01104248,0.0,0.0,0.10018645,1304.38267689,6.51612145,0.00529947,0.00099019,0.02792923,0.00576118,0.00153172,0.02667427,3.03659794,0.0,0.0,0.0,0.0,0.0,0.0,0.0,0.0,5.47e-06,4.446e-05,4.446e-05,1.122e-05,8.95e-06,1.035e-05,4.702e-05,5.86e-06,1.7e-06,1.816e-05,0.10024499
"Process steam from natural gas, consumption mix, at plant, heat plant, MJ",Product-as-a-Service,Energy carriers and technologies > Heat and steam,0.0,0.0,0.00012335,0.00016014,2.709e-05,2.483e-05,2.896e-05,4.996e-05,4.424e-05,5.43e-05,5.899e-05,3.108e-05,0.07803689,0.09026999,0.0,0.00111119,0.00095374,0.00095349,0.00095431,0.0,0.0,0.07637502,1608.5776062,0.15611271,0.00014252,2.457e-05,0.00078011,0.00017009,4.358e-05,0.00076073,0.08991166,0.0,0.0,0.0,0.0,0.0,0.0,0.0,0.0,7.84e-06,1.486e-05,1.486e-05,1.553e-05,1.258e-05,1.257e-05,1.88e-06,1.12e-06,1e-06,1.42e-06,0.07642346
"Process steam from natural gas 90 %, consumption mix, at power plant, heat plant, MJ, 90 % efficiency",Product-as-a-Service,Energy carriers and technologies > Heat and steam,0.0,0.0,5.542e-05,7.956e-05,1.394e-05,1.307e-05,1.401e-05,2.522e-05,2.29e-05,2.537e-05,2.573e-05,1.423e-05,0.07267718,0.07517256,0.0,0.0005718,0.00052987,0.0005298,0.00053011,0.0,1.133e-05,0.07236504,106.34494002,0.05130274,8.153e-05,1.293e-05,0.0004439,0.00011028,2.694e-05,0.00046718,0.02425352,0.0,0.0,0.0,0.0,0.0,0.0,0.0,0.0,2.89e-06,5.47e-06,5.47e-06,4.96e-06,4.16e-06,3.85e-06,1.11e-06,6.2e-07,5.8e-07,7.7e-07,0.07242676
"Electricity from hydroelectric power plants, production mix, at power plant, AC, < 1kV",Product-as-a-Service,Energy carriers and technologies > Electricity,1e-08,0.0,7.93e-06,1.002e-05,4.22e-06,2.41e-06,1.074e-05,1.021e-05,5.73e-06,2.677e-05,7.868e-05,3.119e-05,0.0244046,0.02456465,0.0,0.00035167,0.00012702,0.00012587,0.00012998,0.0,0.0,0.02438819,22.48756877,0.16969138,5.177e-05,1.743e-05,0.00028744,8.188e-05,4.178e-05,0.00030221,0.07405116,0.0,0.0,0.0,0.0,0.0,0.0,0.0,0.0,1.4e-07,6.2e-07,6.2e-07,3.1e-07,2.4e-07,3.2e-07,7.47e-06,6.4e-07,1.3e-07,2.56e-06,0.02440087
"Process steam from Light fuel oil 90 %, consumption mix, at power plant, heat plant, MJ, 90 % efficiency",Product-as-a-Service,Energy carriers and technologies > Heat and steam,0.0,0.0,0.00016043,0.00014813,6.838e-05,6.423e-05,6.859e-05,0.00014676,0.00013567,0.00014718,0.00014821,6.96e-05,0.09891277,0.10365244,0.0,0.00135445,0.00037766,0.00037647,0.00038193,0.0,1.491e-05,0.09827827,1036.81457597,0.79112953,0.00295965,0.00048676,0.01582746,0.00394028,0.00103857,0.01651611,0.61124582,0.0,0.0,0.0,0.0,0.0,0.0,0.0,0.0,4.19e-06,1.285e-05,1.285e-05,8.09e-06,6.53e-06,7.22e-06,2.98e-06,7e-07,5.4e-07,1.27e-06,0.09831916
"Steel sections, including recycling, production mix, at plant, blast furnace route / electric arc furnace route, 1kg",End-of-Life,Materials production > Metals and semimetals,-1.64e-06,-8e-07,0.00364593,0.00253338,0.00089381,0.00080261,0.00096872,0.00185788,0.00167313,0.00200836,0.00225008,0.00106887,1.22705015,1.38853856,0.0,0.05152029,0.03289171,0.03275476,0.03301421,0.0,0.0,1.21998737,-71298.60745504,170.12025722,0.01569862,0.00452671,0.0742929,0.0233077,0.01022699,0.07751144,57.39817059,5e-08,2e-08,2e-08,2e-08,2e-08,2e-08,2e-08,2e-08,0.00023664,0.00057439,0.00057439,0.00053706,0.00042281,0.00056939,0.00246094,0.00027809,6.041e-05,0.0010614,1.24658772
"Waste incineration of plastics (PET, PMMA, PC), at plant, average European waste-to-energy plant, without collection, transport and pre-treatment",Transport & Packaging,End-of-life treatment > Energy recycling,2e-08,1e-08,0.25928281,0.38724202,0.03068766,0.02804276,0.0324876,0.06740508,0.06152823,0.07104568,0.07674524,0.03558921,2424.31173978,2427.90919042,-0.0,2.77364029,0.86798566,0.86492722,0.86913661,7e-08,-0.0,2424.06200574,630948.11108186,4055.41631077,0.41001711,0.12972041,1.81738853,0.60110715,0.30456489,1.81883607,1398.21369848,3.05e-06,1.3e-06,1.29e-06,1.29e-06,1.29e-06,1.28e-06,1.28e-06,1.3e-06,0.00497521,0.01735665,0.01735665,0.0110632,0.00874311,0.01132264,0.00910334,0.00117549,0.00035456,0.00392015,2424.52679101
"Electricity Mix, consumption mix, at consumer, AC, 1kV - 60kV",Product-as-a-Service,Energy carriers and technologies > Electricity,0.0,0.0,0.00069145,0.00044429,0.00192559,0.00184413,0.00195716,0.00424121,0.00403328,0.00430948,0.00447697,0.00203131,0.18055927,0.20397845,0.0,0.01469489,0.0057483,0.00573895,0.00577473,1e-08,0.0,0.1768135,2167.62744565,15.1345309,0.00933753,0.00151316,0.04932522,0.01008645,0.00255087,0.04509084,6.89331338,3.6e-07,1.7e-07,1.7e-07,1.7e-07,1.7e-07,1.7e-07,1.7e-07,1.7e-07,1.321e-05,4.979e-05,4.979e-05,2.67e-05,2.159e-05,2.347e-05,3.474e-05,5.1e-06,2e-06,1.469e-05,0.17806613
"Rail transport, technology mix, electricity driven, cargo",Transport & Packaging,Transport services > Rail,0.0,0.0,0.00018295,5.676e-05,4.356e-05,3.973e-05,4.634e-05,9.177e-05,8.441e-05,9.676e-05,0.00010456,4.966e-05,0.02655322,0.02914035,0.0,0.00158574,0.00038272,0.00038168,0.00038451,0.0,0.0,0.02620601,948.13472051,10.0164992,0.0003878,6.722e-05,0.00207957,0.00040604,0.00010633,0.00180787,3.3681219,1e-08,0.0,0.0,0.0,0.0,0.0,0.0,0.0,9.1e-07,9.85e-06,9.85e-06,1.63e-06,1.37e-06,1.44e-06,1.878e-05,2.37e-06,5.9e-07,8.32e-06,0.02624007
"Process steam from Light fuel oil 90 %, consumption mix, at power plant, heat plant, MJ, 90 % efficiency",Product-as-a-Service,Energy carriers and technologies > Heat and steam,0.0,0.0,0.00025472,0.00026529,4.248e-05,3.894e-05,4.286e-05,9.57e-05,8.649e-05,9.648e-05,9.796e-05,4.402e-05,0.10135668,0.10416246,0.0,0.00135376,0.00061491,0.00061465,0.00061568,0.0,2.997e-05,0.10102875,1003.8243428,0.36839379,0.00017653,2.502e-05,0.00097593,0.00022585,4.912e-05,0.00099102,0.13851329,0.0,0.0,0.0,0.0,0.0,0.0,0.0,0.0,2.88e-06,1.541e-05,1.541e-05,4.77e-06,3.98e-06,3.85e-06,5.12e-06,9.7e-07,6.1e-07,2.21e-06,0.10109791
"Excavator, technology mix, 100 kW, Construction",Manufacturing,Transport services > Other transport,0.0,0.0,0.0,0.0,0.0,0.0,0.0,0.0,0.0,0.0,0.0,0.0,0.0,0.0,0.0,0.0,0.0,0.0,0.0,0.0,0.0,0.0,0.0,0.0,0.0,0.0,0.0,0.0,0.0,0.0,0.0,0.0,0.0,0.0,0.0,0.0,0.0,0.0,0.0,0.0,0.0,0.0,0.0,0.0,0.0,0.0,0.0,0.0,0.0,0.0
"Electricity grid mix 1kV-60kV, consumption mix, at consumer, AC, 1kV - 60kV",Product-as-a-Service,Energy carriers and technologies > Electricity,2e-08,1e-08,0.00097095,0.00100492,0.00027092,0.00024195,0.00028618,0.00058321,0.0005302,0.00060624,0.00062546,0.00029597,0.46599238,0.52018452,0.0,0.0131881,0.00456373,0.00455308,0.00458356,0.0,0.00037669,0.45882983,14483.80490695,56.61912548,0.00288221,0.00047934,0.01565386,0.0032456,0.00083434,0.01407149,19.07030035,0.0,0.0,0.0,0.0,0.0,0.0,0.0,0.0,1.17e-05,6.199e-05,6.199e-05,2.212e-05,1.829e-05,1.983e-05,0.00022333,2.634e-05,6.37e-06,9.446e-05,0.45923398
"Process steam from Light fuel oil 90 %, consumption mix, at power plant, heat plant, MJ, 90 % efficiency",Product-as-a-Service,Energy carriers and technologies > Heat and steam,0.0,0.0,0.00013507,0.00012821,3.873e-05,3.559e-05,3.91e-05,8.602e-05,7.788e-05,8.677e-05,8.815e-05,4.019e-05,0.10092069,0.10336294,0.0,0.00133902,0.00048378,0.00048325,0.00048561,0.0,2.707e-05,0.10065114,945.72262405,0.94754917,0.00101514,0.00016507,0.00544652,0.00134664,0.00034927,0.00566768,0.42452918,0.0,0.0,0.0,0.0,0.0,0.0,0.0,0.0,2.59e-06,9.73e-06,9.73e-06,4.1e-06,3.45e-06,3.17e-06,5.48e-06,9.9e-07,6.2e-07,2.3e-06,0.10069757
"Process steam from natural gas, consumption mix, at plant, heat plant, MJ",Product-as-a-Service,Energy carriers and technologies > Heat and steam,0.0,0.0,9.944e-05,7.199e-05,3.273e-05,2.845e-05,3.658e-05,7.803e-05,6.724e-05,8.701e-05,9.846e-05,4.133e-05,0.07924239,0.0971691,0.0,0.00041783,0.00028027,0.00027984,0.0002812,0.0,0.0,0.07680275,620.6476292,0.22399131,0.00017811,2.756e-05,0.00101701,0.00021293,4.921e-05,0.00099344,0.13349852,0.0,0.0,0.0,0.0,0.0,0.0,0.0,0.0,5.81e-06,1.22e-05,1.22e-05,1.294e-05,1.025e-05,1.042e-05,1.98e-06,5.1e-07,2.9e-07,1.1e-06,0.07685195
"Electricity Mix, consumption mix, at consumer, AC, 1kV - 60kV",Product-as-a-Service,Energy carriers and technologies > Electricity,0.0,0.0,0.00116151,0.00075578,0.00083234,0.00077518,0.0008584,0.00182722,0.00170507,0.00187152,0.00191853,0.00088158,0.6911411,0.75065081,0.0,0.01480301,0.0024289,0.0024149,0.00245482,0.0,0.0,0.68337545,1174.05973657,59.15800982,0.0049298,0.00081075,0.02661692,0.00530436,0.00133526,0.02346382,20.39544067,1.2e-07,6e-08,6e-08,6e-08,6e-08,6e-08,6e-08,6e-08,1.199e-05,7.397e-05,7.397e-05,2.123e-05,1.805e-05,1.823e-05,0.0003712,4.439e-05,1.019e-05,0.00016305,0.68384287
"Copper tube, consumption mix, at plant, technology mix, diameter 15 mm, 1 mm thickness",Raw Materials,Materials production > Metals and semimetals,0.0,0.0,5.66770865,3.32641828,1.02217963,0.94902405,1.10423339,2.04024929,1.89437141,2.20533368,2.52739745,1.24483978,991.5901859,1092.09771207,0.0,54.6908772,20.83000633,20.79376752,20.86938149,3.26e-06,0.0,978.30646596,94953182.33266668,322870.4873201,10.51802917,2.21339473,53.63535789,11.89225369,3.95661795,49.0407114,108103.96432344,0.00019901,0.00010784,0.00010791,0.00010776,0.00010798,0.0001082,0.00010827,0.00010778,0.0423498,0.37403976,0.37403976,0.08670848,0.06993124,0.08032311,0.63962414,0.07652313,0.01829248,0.27991567,980.36797661
"Electricity from hydro power, production mix, at power plant, AC, 230V",Product-as-a-Service,Energy carriers and technologies > Electricity,2.9e-07,1.4e-07,9.17e-06,1.005e-05,4.4e-06,3.62e-06,6.16e-06,1.018e-05,8.44e-06,1.433e-05,2.56e-05,1.066e-05,0.00596112,0.00612446,0.0,-0.00027581,-0.00046809,-0.00046868,-0.00046579,0.0,3.588e-05,0.00595186,83.29086085,0.20791258,0.00020425,3.739e-05,0.00107508,0.00023774,6.239e-05,0.00107798,0.09941223,0.0,0.0,0.0,0.0,0.0,0.0,0.0,0.0,2.3e-07,8.4e-07,8.4e-07,5.1e-07,4.1e-07,5.4e-07,1.8e-07,3.5e-07,8e-08,1.28e-06,0.005975
"Process steam from light fuel oil, consumption mix, at plant, heat plant, MJ",Product-as-a-Service,Energy carriers and technologies > Heat and steam,0.0,0.0,0.00024636,0.0002896,4.653e-05,4.303e-05,4.873e-05,9.729e-05,8.828e-05,0.00010242,0.00011178,5.328e-05,0.09351691,0.09832236,0.0,0.00282182,0.00066972,0.00066893,0.00067231,0.0,0.0,0.09290167,949.35358917,1.24648374,0.00212192,0.00044602,0.01067056,0.00268443,0.00094322,0.0103135,0.76537824,0.0,0.0,0.0,0.0,0.0,0.0,0.0,0.0,4.47e-06,1.643e-05,1.643e-05,8.83e-06,7.09e-06,8.01e-06,4.55e-06,9.1e-07,5.7e-07,2.06e-06,0.09295681
"Electricity grid mix 1kV-60kV, consumption mix, at consumer, AC, 1kV - 60kV",Product-as-a-Service,Energy carriers and technologies > Electricity,1e-08,1e-08,0.00170145,0.00101758,0.00096243,0.00089956,0.00099333,0.00210236,0.00196859,0.00215048,0.002184,0.00101215,0.50362058,0.57976112,0.0,0.02476016,0.01083948,0.0108262,0.01086738,0.0,0.00016438,0.4939714,6949.3288728,107.11937705,0.00510845,0.00082556,0.02763187,0.00525215,0.00129551,0.0235017,36.30829306,0.0,0.0,0.0,0.0,0.0,0.0,0.0,0.0,3.272e-05,0.0001305,0.0001305,6.417e-05,5.302e-05,5.748e-05,0.00034796,3.902e-05,9.58e-06,0.00014019,0.49515588
"Nylon 6 glass filled (PA 6 GF), production mix, at plant",Raw Materials,Materials production > Plastics,0.0,0.0,0.0279684,0.01888016,0.02502051,0.02300231,0.02526813,0.06323817,0.05784693,0.06387506,0.06614097,0.02647933,7.35186295,9.31491987,0.0,0.55928527,0.10177309,0.10174983,0.10180935,0.0,0.0,7.19572897,345.0115683,316.2670849,0.11207785,0.01613398,0.60606144,0.14054444,0.03149462,0.62857133,117.88666012,1.3e-07,0.0,0.0,0.0,0.0,0.0,0.0,0.0,0.00029867,0.00252719,0.00252719,0.00066499,0.00052198,0.00061122,0.00045677,3.929e-05,8.22e-06,0.00015951,7.21308759
"Process steam from natural gas, consumption mix, at plant, heat plant, MJ",Product-as-a-Service,Energy carriers and technologies > Heat and steam,0.0,0.0,0.00010825,0.00010736,1.958e-05,1.821e-05,2.098e-05,3.014e-05,2.681e-05,3.337e-05,3.85e-05,2.341e-05,0.08363954,0.09656725,0.0,0.00133072,0.00103479,0.00103458,0.00103521,0.0,0.0,0.08192043,3405.40864251,0.45218857,0.00019541,3.527e-05,0.00104535,0.00024012,6.426e-05,0.00104634,0.18335879,0.0,0.0,0.0,0.0,0.0,0.0,0.0,0.0,8.96e-06,1.717e-05,1.717e-05,1.834e-05,1.469e-05,1.642e-05,2.42e-06,1.15e-06,1.01e-06,1.58e-06,0.08199701
"Process steam from Light fuel oil 90 %, consumption mix, at power plant, heat plant, MJ, 90 % efficiency",Product-as-a-Service,Energy carriers and technologies > Heat and steam,0.0,0.0,0.00023907,0.00022268,8.115e-05,7.636e-05,8.144e-05,0.00017564,0.00016283,0.00017618,0.00017744,8.279e-05,0.10519869,0.11683905,0.0,0.00151799,0.00060962,0.00060899,0.00061148,0.0,1.023e-05,0.10367221,1224.84642522,0.41706329,0.00109137,0.00017531,0.0058638,0.00143428,0.00036847,0.00606547,0.28431825,0.0,0.0,0.0,0.0,0.0,0.0,0.0,0.0,8.14e-06,2.32e-05,2.32e-05,1.843e-05,1.446e-05,1.796e-05,4.01e-06,6.4e-07,3.8e-07,1.55e-06,0.10374283
"Steel tinplate without EoL recycling  (collection year 2012/2013), European, production mix, at plant, blast furnace route, 1kg, typical thickness between 0.13 - 0.49 mm. typical width between 600 - 1100 mm.",End-of-Life,Materials production > Metals and semimetals,3.43e-06,1.67e-06,0.00435127,0.00382425,0.00106776,0.00092926,0.00123656,0.00236087,0.00208317,0.00269424,0.00329913,0.0014884,2.30104382,2.58983916,0.0,0.06960653,0.03697851,0.03691403,0.03716457,0.0,0.00535308,2.28045699,34121.48456634,104.32289813,0.02084135,0.0036571,0.11309992,0.02466937,0.00611099,0.109674,36.80497985,0.0,0.0,0.0,0.0,0.0,0.0,0.0,0.0,0.00033975,0.00073068,0.00073068,0.00077565,0.00060968,0.00082151,0.000738,7.436e-05,1.709e-05,0.0002689,2.31904216
"Process steam from natural gas, consumption mix, at plant, heat plant, MJ",Product-as-a-Service,Energy carriers and technologies > Heat and steam,0.0,0.0,0.00020692,0.00020173,5.134e-05,4.518e-05,5.599e-05,0.00011539,9.991e-05,0.00012598,0.00014094,6.22e-05,0.0792748,0.09457902,0.0,0.00128898,0.00089097,0.00089037,0.00089219,0.0,0.0,0.07716928,623.12522013,3.14672477,0.00029269,4.652e-05,0.00165594,0.00034925,8.011e-05,0.00160767,1.11065474,0.0,0.0,0.0,0.0,0.0,0.0,0.0,0.0,6.14e-06,1.636e-05,1.636e-05,1.22e-05,9.89e-06,9.53e-06,5.59e-06,1.34e-06,8.3e-07,2.91e-06,0.07723698
"Aerated concrete block, production mix, at plant, type P4 05 reinforced, average density 485 kg/m3",Raw Materials,Systems > Construction,0.0,0.0,0.00102296,0.00087389,0.00027873,0.00024376,0.00031641,0.00058585,0.00052061,0.00065112,0.00072902,0.00035475,0.5211047,0.55167678,0.0,0.02857023,0.00560165,0.00553154,0.0058742,0.0,0.0,0.51703252,3858.38751447,58.04479724,0.00410013,0.00076233,0.02209296,0.0046819,0.0013079,0.02009023,19.73905193,3e-08,1e-08,1e-08,1e-08,1e-08,1e-08,1e-08,1e-08,1.969e-05,8.152e-05,8.152e-05,4.212e-05,3.366e-05,4.114e-05,0.00073311,8.202e-05,1.81e-05,0.00031046,0.51848195
"Electricity Mix, consumption mix, at consumer, AC, 1kV - 60kV",Product-as-a-Service,Energy carriers and technologies > Electricity,0.0,0.0,0.01291512,0.00152983,0.00096405,0.00085199,0.0010415,0.00195214,0.00176873,0.00207313,0.00217378,0.00108658,0.5955638,0.67326503,0.0,0.04144045,0.00592955,0.00588971,0.00599149,0.0,0.0,0.58483812,593.13398201,268.93019827,0.00868339,0.00147289,0.04765539,0.00852635,0.00211839,0.03843937,90.11657289,1.5e-07,7e-08,7e-08,7e-08,7e-08,7e-08,7e-08,7e-08,2.051e-05,0.00064808,0.00064808,2.926e-05,2.723e-05,2.747e-05,0.00128798,0.00015454,3.462e-05,0.00056895,0.58567407
"Electricity Mix, consumption mix, at consumer, AC, 1kV - 60kV",Product-as-a-Service,Energy carriers and technologies > Electricity,0.0,0.0,0.02430688,0.00301795,0.00143034,0.00126357,0.00159226,0.00295395,0.00265578,0.00324938,0.00360848,0.00174339,0.78381455,0.84342331,0.0,0.06301599,0.0176767,0.01762735,0.01776275,1e-08,0.0,0.77565066,1239.37410597,373.49218105,0.017151,0.00296402,0.09331315,0.01791098,0.00445602,0.08128075,125.98733109,2.2e-07,1e-07,1e-07,1e-07,1e-07,1e-07,1e-07,1e-07,2.226e-05,0.00118642,0.00118642,3.515e-05,3.126e-05,3.3e-05,0.00142712,0.00017188,3.872e-05,0.0006287,0.77690462
"Compressed air, production mix, 10 bar, high efficiency, low power consumption",Raw Materials,Energy carriers and technologies > Mechanical energy,0.0,0.0,0.0,0.0,0.0,0.0,0.0,0.0,0.0,0.0,0.0,0.0,0.0,0.0,0.0,0.0,0.0,0.0,0.0,0.0,0.0,0.0,0.0,0.0,0.0,0.0,0.0,0.0,0.0,0.0,0.0,0.0,0.0,0.0,0.0,0.0,0.0,0.0,0.0,0.0,0.0,0.0,0.0,0.0,0.0,0.0,0.0,0.0,0.0,0.0
"Process steam from natural gas, consumption mix, at plant, heat plant, MJ",Product-as-a-Service,Energy carriers and technologies > Heat and steam,0.0,0.0,4.619e-05,6.249e-05,3.22e-06,2.97e-06,3.54e-06,4.18e-06,3.58e-06,4.89e-06,5.27e-06,3.71e-06,0.06886272,0.07216265,0.0,0.00028228,0.00024286,0.00024279,0.00024306,0.0,0.0,0.06844789,97.84987802,0.07085155,0.00010635,1.972e-05,0.00055614,0.00013089,3.865e-05,0.00054152,0.04093635,0.0,0.0,0.0,0.0,0.0,0.0,0.0,0.0,1.86e-06,4.05e-06,4.05e-06,3.74e-06,3.01e-06,3.5e-06,5.2e-07,2.6e-07,2.3e-07,3.5e-07,0.0684707
"Process steam from Light fuel oil 90 %, consumption mix, at power plant, heat plant, MJ, 90 % efficiency",Product-as-a-Service,Energy carriers and technologies > Heat and steam,0.0,0.0,0.00019084,0.0001674,7.086e-05,6.66e-05,7.111e-05,0.00015366,0.00014226,0.00015415,0.00015531,7.231e-05,0.10163584,0.11037307,0.0,0.00130864,0.00051487,0.00051445,0.00051604,0.0,1.005e-05,0.10047289,1211.23398124,0.28156193,0.0005914,9.287e-05,0.00319176,0.00077009,0.00019277,0.00328238,0.17866023,0.0,0.0,0.0,0.0,0.0,0.0,0.0,0.0,6.29e-06,1.82e-05,1.82e-05,1.395e-05,1.099e-05,1.344e-05,3.92e-06,6.4e-07,3.8e-07,1.59e-06,0.10053772
"Electricity Mix, consumption mix, at consumer, AC, 1kV - 60kV",Product-as-a-Service,Energy carriers and technologies > Electricity,0.0,0.0,0.00076165,0.00060861,0.00061847,0.00056671,0.0006428,0.00138749,0.00126822,0.00143339,0.00147818,0.00066406,0.58927156,0.62990061,0.0,0.01040617,0.00256701,0.00255699,0.00258519,0.0,0.0,0.58403043,1231.88722894,38.90553637,0.00383591,0.00062136,0.02105284,0.00437537,0.00107176,0.01932923,13.50702959,7e-08,3e-08,3e-08,3e-08,3e-08,3e-08,3e-08,3e-08,1.046e-05,5.03e-05,5.03e-05,1.801e-05,1.531e-05,1.48e-05,0.00023056,2.856e-05,7.13e-06,0.00010233,0.58434134
"Polycarbonate granulate (PC), production mix, at plant",Raw Materials,Materials production > Plastics,0.0,0.0,0.02425355,0.014463,0.02264885,0.02256538,0.02291761,0.00898812,0.00877249,0.00968102,0.01138547,0.02374718,8.10831093,11.76537188,0.0,0.38965798,0.07474344,0.07469404,0.07488838,0.0,0.0,7.60293374,55.17417291,304.44898518,0.04693321,0.00814298,0.25811207,0.06202424,0.01477856,0.27459867,104.13998198,9e-08,0.0,0.0,0.0,0.0,0.0,0.0,0.0,0.000399,0.0022566,0.0022566,0.00089424,0.00069907,0.00077488,0.02696036,0.00301206,0.00063563,0.01169183,7.61752319
"Electricity grid mix, consumption mix, at consumer, AC, 230V",Product-as-a-Service,Energy carriers and technologies > Electricity,0.0,0.0,0.00216314,0.00156835,0.00046576,0.00043122,0.00048303,0.00100833,0.00094033,0.00103452,0.00105871,0.00049545,0.59476692,0.66207254,0.0,0.02405473,0.01711718,0.0171058,0.01714108,0.0,0.02966803,0.58598171,262754.73980636,27.21924997,0.00363128,0.00059493,0.01964307,0.00405228,0.00102688,0.01771872,9.58612762,1e-08,0.0,0.0,0.0,0.0,0.0,0.0,0.0,1.492e-05,0.00010984,0.00010984,2.915e-05,2.374e-05,2.523e-05,0.00031017,3.115e-05,7.75e-06,0.00011246,0.58644937
"Process steam from natural gas, consumption mix, at plant, heat plant, MJ",Product-as-a-Service,Energy carriers and technologies > Heat and steam,0.0,0.0,6.323e-05,6.417e-05,2.897e-05,2.543e-05,3.174e-05,6.683e-05,5.79e-05,7.32e-05,7.841e-05,3.4e-05,0.07266805,0.08184947,0.0,0.00048153,0.00034949,0.00034909,0.00035035,0.0,0.0,0.07141854,255.35501477,0.18380982,0.00018264,2.919e-05,0.00102211,0.00021985,5.309e-05,0.00100036,0.11558068,0.0,0.0,0.0,0.0,0.0,0.0,0.0,0.0,3.89e-06,7.47e-06,7.47e-06,8.11e-06,6.52e-06,6.33e-06,1.69e-06,5.7e-07,3.9e-07,1.07e-06,0.07143895
"High impact polystyrene granulate (HIPS), production mix, at plant",Raw Materials,Materials production > Plastics,0.0,0.0,0.01182119,0.00675155,0.00837162,0.00761187,0.00889292,0.02104881,0.01903082,0.0223893,0.02675315,0.01094528,3.61405488,5.11536353,0.0,1.00769204,0.18152816,0.18151941,0.18154525,0.0,0.0,3.40877093,1408.27193489,111.29226802,0.08903111,0.01519375,0.46911562,0.10636884,0.02651547,0.48316425,49.38857138,8e-08,0.0,0.0,0.0,0.0,0.0,0.0,0.0,0.00029016,0.00137671,0.00137671,0.00028406,0.00035734,0.00043066,0.00051983,3.566e-05,7.35e-06,0.00015315,3.41912925
"Electricity grid mix, consumption mix, at consumer, AC, 230V",Product-as-a-Service,Energy carriers and technologies > Electricity,1e-08,0.0,0.00738826,0.00171484,0.00083462,0.00066656,0.00105197,0.00179077,0.00147741,0.00218777,0.00240373,0.00114918,1.34186917,1.54264449,0.0,0.08113207,0.06405843,0.06401791,0.06414077,0.0,0.00045527,1.31475991,4776.37935872,86.32510686,0.01359988,0.00236014,0.07566997,0.01403359,0.00342785,0.06506267,31.52438036,0.0,0.0,0.0,0.0,0.0,0.0,0.0,0.0,3.217e-05,0.00039908,0.00039908,6.384e-05,5.203e-05,5.487e-05,0.00099965,9.948e-05,2.288e-05,0.00035279,1.315654
"Steel hot rolled coil, including recycling, production mix, at plant, blast furnace route, 1kg, typical thickness between 2 - 7 mm. typical width between 600 - 2100 mm",End-of-Life,Materials production > Metals and semimetals,1.88e-06,9.1e-07,0.00247591,0.00176467,0.00100298,0.00091926,0.00107228,0.0023613,0.00216114,0.00251769,0.00286915,0.00122154,0.92942191,1.04478818,0.0,0.05622212,0.03014814,0.03000028,0.03033747,0.0,0.0,0.9194832,26869.03565863,79.73949176,0.02012153,0.00534842,0.09744882,0.02991465,0.01197848,0.10489707,27.7395294,4e-08,2e-08,2e-08,2e-08,2e-08,2e-08,2e-08,2e-08,0.00011709,0.00032006,0.00032006,0.00026542,0.00020885,0.00027809,0.00232883,0.00025787,5.558e-05,0.00099377,0.93208355
"Continuous filament glass fibre (dry chopped strands), at plant",Raw Materials,Materials production > Glass and ceramics,9.6e-07,4.7e-07,0.00263183,0.00422708,0.03082032,0.0291292,0.03107702,0.06507986,0.06066148,0.06564321,0.06676559,0.03190245,1.91855974,2.13129681,0.0,1.06924681,0.10357922,0.10334087,0.10436069,2e-08,0.0,0.10117569,31097.13399816,2091.61884979,0.11679223,0.01817879,0.6265273,0.13087153,0.03119694,0.57678554,706.55805265,1.7e-07,2.3e-07,2.2e-07,2.1e-07,2e-07,1.9e-07,1.8e-07,2.5e-07,0.00040991,0.00051841,0.00051841,0.00070988,0.00059765,0.00029637,0.00209734,0.00015026,3.442e-05,0.00056098,0.1050778
"Process steam from natural gas, consumption mix, at plant, heat plant, MJ",Product-as-a-Service,Energy carriers and technologies > Heat and steam,0.0,0.0,0.00017436,0.00019841,2.898e-05,2.565e-05,3.2e-05,6.148e-05,5.319e-05,6.848e-05,7.72e-05,3.563e-05,0.08104298,0.10017034,0.0,0.00086219,0.00071302,0.00071265,0.00071381,0.0,0.0,0.07840539,484.50389351,0.5831014,0.00015483,2.527e-05,0.00087175,0.00018317,4.438e-05,0.00084179,0.24102562,0.0,0.0,0.0,0.0,0.0,0.0,0.0,0.0,8.27e-06,1.771e-05,1.771e-05,1.746e-05,1.399e-05,1.375e-05,3.3e-06,1e-06,7.1e-07,1.88e-06,0.07847661
"Electricity Mix, consumption mix, at consumer, AC, 220V",Product-as-a-Service,Energy carriers and technologies > Electricity,0.0,0.0,0.01873134,0.0023944,0.00082486,0.00069921,0.00091627,0.00157529,0.00138408,0.00171433,0.00180617,0.00095779,0.81744737,0.88652186,0.0,0.06557695,0.00818127,0.00813317,0.0082534,0.0,0.0,0.80867633,797.73177554,545.28736122,0.00921604,0.00158147,0.05093055,0.00872491,0.00215113,0.03947038,181.09533767,1.1e-07,5e-08,5e-08,5e-08,5e-08,5e-08,5e-08,5e-08,2.183e-05,0.00092116,0.00092116,3.177e-05,2.932e-05,2.917e-05,0.00169161,0.00020232,4.515e-05,0.00074691,0.80939455
"Process steam from natural gas 90%, consumption mix, at power plant, heat plant, MJ, 90 % efficiency",Product-as-a-Service,Energy carriers and technologies > Heat and steam,0.0,0.0,5.214e-05,7.435e-05,2.8e-06,2.72e-06,2.85e-06,2.95e-06,2.75e-06,3.05e-06,3.24e-06,2.97e-06,0.07403393,0.07807117,0.0,0.00029388,0.00026104,0.00026099,0.00026121,0.0,1.16e-05,0.0735753,144.39341025,0.02468777,8.148e-05,1.36e-05,0.00043777,0.00011077,2.919e-05,0.0004615,0.01515393,0.0,0.0,0.0,0.0,0.0,0.0,0.0,0.0,1.99e-06,4.74e-06,4.74e-06,3.95e-06,3.19e-06,3.43e-06,6.8e-07,2.7e-07,2.4e-07,3.9e-07,0.07361954
"Process steam from Heavy fuel oil 90 %, consumption mix, at power plant, heat plant, MJ, 90 % efficiency",Product-as-a-Service,Energy carriers and technologies > Heat and steam,0.0,0.0,0.00040353,0.00027298,3.468e-05,3.07e-05,3.8e-05,7.146e-05,6.385e-05,7.589e-05,7.865e-05,3.97e-05,0.10165586,0.10368517,0.0,0.00580081,0.00462478,0.004623,0.00463091,0.0,9.81e-06,0.10141574,490.38392749,1.11093475,0.00418622,0.00069564,0.02239646,0.00551242,0.00146305,0.02311566,0.85335895,0.0,0.0,0.0,0.0,0.0,0.0,0.0,0.0,2.08e-06,2.177e-05,2.177e-05,4.16e-06,3.34e-06,3.87e-06,2.462e-05,1.19e-06,4.2e-07,3.66e-06,0.10146935
"Process steam from natural gas, consumption mix, at plant, heat plant, MJ",Product-as-a-Service,Energy carriers and technologies > Heat and steam,0.0,0.0,5.508e-05,5.481e-05,4.867e-05,4.274e-05,5.281e-05,0.00011454,9.947e-05,0.00012401,0.00012846,5.492e-05,0.06983001,0.0755069,0.0,0.00065839,0.00044565,0.00044497,0.00044708,0.0,0.0,0.06906469,205.30304188,0.20851208,0.00027947,4.352e-05,0.00157325,0.00033621,7.844e-05,0.00154506,0.15793215,0.0,0.0,0.0,0.0,0.0,0.0,0.0,0.0,3.44e-06,6.34e-06,6.34e-06,6.69e-06,5.45e-06,5.22e-06,1.84e-06,7.6e-07,5.1e-07,1.34e-06,0.06911267
"Articulated lorry transport, Euro 0, 1, 2, 3, 4 mix, 40 t total weight, 27 t max payload",Transport & Packaging,Transport services > Road,0.0,0.0,0.0,0.0,0.0,0.0,0.0,0.0,0.0,0.0,0.0,0.0,0.0,0.0,0.0,0.0,0.0,0.0,0.0,0.0,0.0,0.0,0.0,0.0,0.0,0.0,0.0,0.0,0.0,0.0,0.0,0.0,0.0,0.0,0.0,0.0,0.0,0.0,0.0,0.0,0.0,0.0,0.0,0.0,0.0,0.0,0.0,0.0,0.0,0.0
"Articulated lorry transport, Euro 0, 1, 2, 3, 4 mix, 40 t total weight, 27 t max payload",Transport & Packaging,Transport services > Road,0.0,0.0,0.0002956,0.00046233,2.204e-05,2.021e-05,2.322e-05,4.927e-05,4.458e-05,5.203e-05,5.705e-05,2.598e-05,0.05001101,0.05253897,0.0,0.00234053,0.00120573,0.00120531,0.0012071,0.0,0.0,0.04973875,172.31677693,0.66700681,0.00113962,0.0002394,0.00573124,0.00144196,0.00050688,0.00553897,0.41039171,0.0,0.0,0.0,0.0,0.0,0.0,0.0,0.0,2.7e-06,1.918e-05,1.918e-05,6.12e-06,4.85e-06,6.42e-06,2.21e-06,2.4e-07,5e-08,8.5e-07,0.04987652
"Lorry transport, Euro 0, 1, 2, 3, 4 mix, 22 t total weight, 17,3 t max payload",Transport & Packaging,Transport services > Road,0.0,0.0,0.0,0.0,0.0,0.0,0.0,0.0,0.0,0.0,0.0,0.0,0.0,0.0,0.0,0.0,0.0,0.0,0.0,0.0,0.0,0.0,0.0,0.0,0.0,0.0,0.0,0.0,0.0,0.0,0.0,0.0,0.0,0.0,0.0,0.0,0.0,0.0,0.0,0.0,0.0,0.0,0.0,0.0,0.0,0.0,0.0,0.0,0.0,0.0
"Lorry transport, Euro 0, 1, 2, 3, 4 mix, 22 t total weight, 17,3t max payload",Transport & Packaging,Transport services > Road,0.0,0.0,0.00041221,0.0006481,2.909e-05,2.668e-05,3.066e-05,6.504e-05,5.884e-05,6.868e-05,7.53e-05,3.44e-05,0.06605938,0.06940219,0.0,0.00332554,0.00177717,0.00177662,0.00177898,0.0,0.0,0.06572283,227.51857345,0.88046476,0.00150433,0.00031602,0.00756537,0.00190343,0.00066909,0.00731157,0.54172675,0.0,0.0,0.0,0.0,0.0,0.0,0.0,0.0,3.91e-06,2.743e-05,2.743e-05,8.79e-06,6.97e-06,9.28e-06,2.92e-06,3.1e-07,7e-08,1.12e-06,0.06594262
"Small lorry transport, Euro 0, 1, 2, 3, 4 mix, 7,5 t total weight, 3,3 t max payload",Transport & Packaging,Transport services > Road,0.0,0.0,0.0,0.0,0.0,0.0,0.0,0.0,0.0,0.0,0.0,0.0,0.0,0.0,0.0,0.0,0.0,0.0,0.0,0.0,0.0,0.0,0.0,0.0,0.0,0.0,0.0,0.0,0.0,0.0,0.0,0.0,0.0,0.0,0.0,0.0,0.0,0.0,0.0,0.0,0.0,0.0,0.0,0.0,0.0,0.0,0.0,0.0,0.0,0.0
"Small lorry transport, Euro 0, 1, 2, 3, 4 mix, 7,5 t total weight, 3,3 t max payload",Transport & Packaging,Transport services > Road,0.0,0.0,0.0008258,0.00129593,6.006e-05,5.508e-05,6.329e-05,0.00013429,0.00012149,0.0001418,0.00015547,7.141e-05,0.13695459,0.14387679,0.0,0.00757203,0.00418399,0.00418285,0.00418772,0.0,0.0,0.13633253,470.83133927,1.81781179,0.00310585,0.00065245,0.0156195,0.00392982,0.0013814,0.0150955,1.11845162,0.0,0.0,0.0,0.0,0.0,0.0,0.0,0.0,8.38e-06,5.862e-05,5.862e-05,1.858e-05,1.482e-05,1.974e-05,6.08e-06,6.4e-07,1.5e-07,2.31e-06,0.13680837
"Process steam from light fuel oil, consumption mix, at plant, heat plant, MJ",Product-as-a-Service,Energy carriers and technologies > Heat and steam,0.0,0.0,0.00024802,0.00028351,2.768e-05,2.607e-05,2.858e-05,4.339e-05,3.945e-05,4.533e-05,4.8e-05,3.001e-05,0.09066544,0.09250401,0.0,0.0017595,0.0006125,0.00061157,0.00061603,0.0,0.0,0.09047823,678.46721372,1.81486541,0.00342214,0.00073562,0.01704357,0.0041701,0.00151154,0.01586749,1.2047108,0.0,0.0,0.0,0.0,0.0,0.0,0.0,0.0,2.91e-06,1.46e-05,1.46e-05,5.12e-06,4.21e-06,4.45e-06,3.79e-06,7.8e-07,5.2e-07,1.65e-06,0.09056896
"Process steam from natural gas, consumption mix, at plant, heat plant, MJ",Product-as-a-Service,Energy carriers and technologies > Heat and steam,0.0,0.0,0.00025906,0.00028627,4.056e-05,3.622e-05,4.454e-05,8.211e-05,7.135e-05,9.129e-05,0.00010305,4.942e-05,0.07579141,0.08967522,0.0,0.00137841,0.00117968,0.0011792,0.00118071,0.0,0.0,0.07390265,606.10114983,0.78868441,0.00019875,3.259e-05,0.00112018,0.00023312,5.551e-05,0.00108033,0.32194509,0.0,0.0,0.0,0.0,0.0,0.0,0.0,0.0,6.81e-06,1.856e-05,1.856e-05,1.251e-05,1.032e-05,9.4e-06,5.05e-06,1.62e-06,1.2e-06,2.92e-06,0.07396791
"Electricity Mix, consumption mix, at consumer, AC, 1kV - 60kV",Product-as-a-Service,Energy carriers and technologies > Electricity,0.0,0.0,0.00019682,0.0001581,0.00092913,0.00089428,0.00093645,0.00204672,0.00195576,0.00206335,0.00211513,0.00096074,0.10580607,0.11016246,0.0,0.00545068,0.00100198,0.00099703,0.00101595,0.0,0.0,0.10492086,708.22240363,6.27633558,0.00401652,0.00065692,0.0210498,0.0043811,0.00116874,0.01906221,2.90602847,1.8e-07,8e-08,8e-08,8e-08,8e-08,8e-08,8e-08,9e-08,2.14e-06,1.301e-05,1.301e-05,3.73e-06,3.17e-06,3.49e-06,1.631e-05,1.98e-06,5.8e-07,6.71e-06,0.1053929
"Electricity grid mix 1kV-60kV, consumption mix, at consumer, AC, 1kV - 60kV",Product-as-a-Service,Energy carriers and technologies > Electricity,3e-08,1e-08,0.0015709,0.00085042,0.00122075,0.00116309,0.00124376,0.00263517,0.00250633,0.0026694,0.00269824,0.00126149,0.28999676,0.31832139,0.0,0.02849347,0.0142626,0.01425165,0.01429025,0.0,0.00015181,0.28631781,5028.82355111,107.07365127,0.00546379,0.00087997,0.0291421,0.00552753,0.0013933,0.02467794,36.51712932,0.0,0.0,0.0,0.0,0.0,0.0,0.0,0.0,1.618e-05,9.26e-05,9.26e-05,2.864e-05,2.398e-05,2.317e-05,0.00020061,2.155e-05,6.57e-06,7.197e-05,0.28673695
"Electricity Mix, consumption mix, at consumer, AC, 1kV - 60kV",Product-as-a-Service,Energy carriers and technologies > Electricity,1e-08,0.0,0.00184678,1.243e-05,3.9e-06,2.47e-06,9.06e-06,9.26e-06,5.64e-06,2.249e-05,6.43e-05,2.552e-05,0.02244692,0.02268636,0.0,0.00046402,0.00031309,0.00031251,0.00031401,0.0,0.0,0.02241985,2275458.83216843,0.19889924,6.472e-05,1.918e-05,0.0003427,9.729e-05,4.557e-05,0.00035765,0.08391895,0.0,0.0,0.0,0.0,0.0,0.0,0.0,0.0,1.8e-07,8.4e-07,8.4e-07,3.7e-07,3e-07,3.7e-07,4.33e-06,3.4e-07,8e-08,1.38e-06,0.02243046
"Electricity grid mix, consumption mix, at consumer, AC, 230V",Product-as-a-Service,Energy carriers and technologies > Electricity,0.0,0.0,0.00623884,0.00268537,0.00049419,0.00035358,0.00060775,0.00092584,0.00071988,0.00109652,0.00118361,0.00064745,1.10879703,1.18723211,0.0,0.06083599,0.03309872,0.03304492,0.03317774,0.0,0.00020144,1.09917603,8302.82363058,100.00256618,0.00809913,0.00139982,0.04549748,0.00752415,0.00182205,0.03465278,34.44465509,0.0,0.0,0.0,0.0,0.0,0.0,0.0,0.0,4.216e-05,0.00038039,0.00038039,5.773e-05,5.488e-05,5.838e-05,0.00074654,8.734e-05,2.203e-05,0.0002928,1.10085148
"Very fine milled silica sand d50 = 20 micrometer, at plant, Production, median diameter of silica sand grains is 20 micrometers",Raw Materials,Materials production > Other mineral materials,0.0,0.0,0.00016037,0.00025127,0.03083576,0.00636453,0.13536596,0.07801031,0.01507427,0.34753107,1.20868709,0.473154,0.12158521,0.13492756,0.0,0.0899544,0.00741332,0.00670826,0.01051296,0.0,0.0,0.00689648,2274.33693781,349.60573362,0.05749257,0.00246585,1.33394601,0.07979764,0.0048376,1.43604567,335.18308283,1e-08,1e-08,1e-08,1e-08,1e-08,1e-08,1e-08,1e-08,6.67e-05,5.585e-05,5.585e-05,9.978e-05,8.498e-05,6.09e-05,0.06676261,0.00438703,0.00090043,0.01918505,0.00848166
"Process steam from natural gas, consumption mix, at plant, heat plant, MJ",Product-as-a-Service,Energy carriers and technologies > Heat and steam,0.0,0.0,0.0001023,0.00015239,1.697e-05,1.547e-05,1.818e-05,3.109e-05,2.731e-05,3.387e-05,3.576e-05,1.914e-05,0.070764,0.07457746,0.0,0.0008146,0.00068492,0.00068473,0.00068536,0.0,0.0,0.07027688,1393.1514693,0.10347631,0.00013971,2.421e-05,0.00075584,0.00017106,4.489e-05,0.00074923,0.0654291,0.0,0.0,0.0,0.0,0.0,0.0,0.0,0.0,4.08e-06,9.39e-06,9.39e-06,7.75e-06,6.32e-06,6.62e-06,1.23e-06,7.3e-07,6.5e-07,9.4e-07,0.07031478
"Process steam from Light fuel oil 90 %, consumption mix, at power plant, heat plant, MJ, 90 % efficiency",Product-as-a-Service,Energy carriers and technologies > Heat and steam,0.0,0.0,0.00022957,0.00021474,4.42e-05,4.047e-05,4.472e-05,9.944e-05,8.984e-05,0.00010044,0.00010203,4.594e-05,0.10513561,0.10816057,0.0,0.00135318,0.0005903,0.00059001,0.00059113,0.0,3.059e-05,0.10477793,993.45313744,0.5214706,0.00018847,2.697e-05,0.00104204,0.00023784,5.198e-05,0.00104582,0.19134369,0.0,0.0,0.0,0.0,0.0,0.0,0.0,0.0,3e-06,1.46e-05,1.46e-05,5.03e-06,4.18e-06,4.07e-06,5.28e-06,9.9e-07,6.2e-07,2.26e-06,0.10484798
"Electricity grid mix, consumption mix, at consumer, AC, 230V",Product-as-a-Service,Energy carriers and technologies > Electricity,1e-07,5e-08,0.00165353,0.00109387,0.00085768,0.00080231,0.00088555,0.00185889,0.00174681,0.00190122,0.00193506,0.00090359,0.47298624,0.53525753,0.0,0.02309728,0.01320973,0.01319554,0.01323806,0.0,8.548e-05,0.46496486,20822.95387311,35.05810749,0.0047087,0.00076783,0.02545558,0.00485384,0.00120675,0.02170322,12.54898867,0.0,0.0,0.0,0.0,0.0,0.0,0.0,0.0,2.212e-05,0.00011627,0.00011627,3.789e-05,3.279e-05,3.623e-05,0.00041806,4.543e-05,1.076e-05,0.00016553,0.46591695
"Electricity Mix, consumption mix, at consumer, AC, 1kV - 60kV",Product-as-a-Service,Energy carriers and technologies > Electricity,0.0,0.0,0.00539795,0.00251812,0.00048772,0.00036728,0.00060453,0.00080989,0.00062919,0.00100981,0.00132827,0.00073503,0.7703682,0.86292299,0.0,0.08624683,0.01677269,0.01673054,0.01683351,0.0,0.0,0.75837957,32801.6347121,748.92895089,0.01302863,0.00238083,0.0698853,0.01321512,0.00362055,0.0584935,248.64486958,1e-08,0.0,0.0,0.0,0.0,0.0,0.0,0.0,4.567e-05,0.00031496,0.00031496,9.319e-05,7.532e-05,8.896e-05,0.00044693,6.217e-05,1.647e-05,0.00020178,0.7596722
"Process steam from light fuel oil, consumption mix, at plant, heat plant, MJ",Product-as-a-Service,Energy carriers and technologies > Heat and steam,0.0,0.0,9.43e-05,6.528e-05,4.882e-05,4.524e-05,5.103e-05,0.00010004,9.083e-05,0.00010518,0.00011456,5.559e-05,0.09385867,0.09878297,0.0,0.00261797,0.00046428,0.00046348,0.00046687,0.0,0.0,0.09322673,1181.40789819,1.24942241,0.00212528,0.00044671,0.01068863,0.00268893,0.00094434,0.01033234,0.76671069,0.0,0.0,0.0,0.0,0.0,0.0,0.0,0.0,4.74e-06,1.005e-05,1.005e-05,8.83e-06,7.17e-06,7.65e-06,4.74e-06,1.09e-06,7.4e-07,2.24e-06,0.09325597
"Process steam from light fuel oil, consumption mix, at plant, heat plant, MJ",Product-as-a-Service,Energy carriers and technologies > Heat and steam,0.0,0.0,0.00041498,0.00045497,4.69e-05,4.35e-05,4.911e-05,9.483e-05,8.61e-05,9.996e-05,0.0001093,5.364e-05,0.0934194,0.09822754,0.0,0.003019,0.00087071,0.00086992,0.00087328,0.0,0.0,0.09279794,1221.77956194,1.24261551,0.00211743,0.00044572,0.01064424,0.00267876,0.00094226,0.01028727,0.76334757,0.0,0.0,0.0,0.0,0.0,0.0,0.0,0.0,4.99e-06,2.398e-05,2.398e-05,9.27e-06,7.54e-06,8.07e-06,4.73e-06,1.12e-06,7.8e-07,2.26e-06,0.09284851
"Electricity Mix, consumption mix, at consumer, AC, 230V",Product-as-a-Service,Energy carriers and technologies > Electricity,0.0,0.0,0.00095404,0.00089484,0.00045013,0.00040688,0.00047456,0.00099238,0.0008999,0.00103703,0.00107696,0.00049326,0.73504948,0.78119191,0.0,0.01020244,0.00343968,0.00342972,0.00345662,0.0,0.0,0.72916161,1538.3567548,27.6771963,0.00371569,0.00063747,0.02007002,0.00420198,0.0011196,0.01824373,9.81216878,4e-08,2e-08,2e-08,2e-08,2e-08,2e-08,2e-08,2e-08,1.399e-05,6.357e-05,6.357e-05,2.363e-05,2.012e-05,1.95e-05,0.00011974,1.694e-05,5.25e-06,5.462e-05,0.72950249
"Process steam from heavy fuel oil, consumption mix, at plant, heat plant, MJ",Product-as-a-Service,Energy carriers and technologies > Heat and steam,0.0,0.0,0.00098777,0.00028657,3.99e-05,3.334e-05,5.444e-05,7.161e-05,5.749e-05,0.0001049,0.00019821,9.145e-05,0.09426112,0.09538373,0.0,0.00479677,0.00368241,0.00368132,0.00368593,0.0,0.0,0.09417345,633.43717738,2.58340567,0.00441708,0.00100507,0.02170716,0.00551325,0.00208739,0.0209386,1.58179629,0.0,0.0,0.0,0.0,0.0,0.0,0.0,0.0,2.51e-06,4.948e-05,4.948e-05,4.17e-06,3.48e-06,3.51e-06,1.501e-05,1.79e-06,7.4e-07,5.35e-06,0.09426319
"Process steam from light fuel oil, consumption mix, at plant, heat plant, MJ",Product-as-a-Service,Energy carriers and technologies > Heat and steam,0.0,0.0,0.00011049,9.47e-05,2.699e-05,2.481e-05,2.854e-05,5.562e-05,5.013e-05,5.913e-05,6.388e-05,3.093e-05,0.09068306,0.09417006,0.0,0.00156242,0.00053534,0.0005346,0.00053789,0.0,0.0,0.09025344,888.7301059,1.11204674,0.00221402,0.00052383,0.01073581,0.00295088,0.00118988,0.01049559,0.71869042,0.0,0.0,0.0,0.0,0.0,0.0,0.0,0.0,3.55e-06,1.001e-05,1.001e-05,6.54e-06,5.33e-06,5.71e-06,4.97e-06,9.8e-07,5.9e-07,2.3e-06,0.09028393
"Process steam from heavy fuel oil, consumption mix, at plant, heat plant, MJ",Product-as-a-Service,Energy carriers and technologies > Heat and steam,0.0,0.0,0.00099156,0.00028771,4.548e-05,3.853e-05,6.009e-05,8.433e-05,6.92e-05,0.00011777,0.00021045,9.689e-05,0.09507883,0.09683098,0.0,0.00480805,0.00364949,0.00364827,0.00365347,0.0,0.0,0.09490396,673.4569179,2.29511122,0.00465191,0.00096092,0.02350894,0.00552793,0.00185155,0.0223095,1.55679455,0.0,0.0,0.0,0.0,0.0,0.0,0.0,0.0,2.86e-06,5.018e-05,5.018e-05,5.01e-06,4.13e-06,4.34e-06,1.513e-05,1.81e-06,7.4e-07,5.4e-06,0.09499547
"Electricity grid mix, consumption mix, at consumer, AC, < 1kV",Product-as-a-Service,Energy carriers and technologies > Electricity,3e-08,1e-08,0.00201914,0.00097963,0.00072146,0.00066739,0.00075397,0.00155784,0.0014506,0.0016096,0.00164453,0.00077233,0.49468963,0.54481019,0.0,0.02358611,0.01370608,0.01369203,0.01373311,0.0,0.00369871,0.48832101,80033.51983642,47.60051199,0.00469267,0.00077041,0.02544805,0.00490507,0.00122625,0.02190405,16.60263715,3e-08,0.0,0.0,0.0,0.0,0.0,0.0,0.0,1.933e-05,0.00012207,0.00012207,3.695e-05,3.056e-05,3.364e-05,0.00029444,3.208e-05,8.1e-06,0.00011265,0.48888701
"Process steam from heavy fuel oil, consumption mix, at plant, heat plant, MJ",Product-as-a-Service,Energy carriers and technologies > Heat and steam,0.0,0.0,0.00075621,0.00028112,5.174e-05,4.526e-05,6.187e-05,0.0001008,8.675e-05,0.00012257,0.00017443,8.315e-05,0.09884732,0.1033663,0.0,0.00432805,0.00221188,0.00221087,0.0022148,0.0,0.0,0.09827252,1449.70599689,1.54330515,0.00268315,0.00054923,0.01364887,0.00326518,0.00108376,0.01314572,0.95300182,0.0,0.0,0.0,0.0,0.0,0.0,0.0,0.0,5.45e-06,4.137e-05,4.137e-05,9.62e-06,7.9e-06,8.09e-06,1.106e-05,2e-06,1.12e-06,4.73e-06,0.0983388
"Process steam from Light fuel oil 90 %, consumption mix, at power plant, heat plant, MJ, 90 % efficiency",Product-as-a-Service,Energy carriers and technologies > Heat and steam,0.0,0.0,0.00020421,0.00022884,4.911e-05,4.636e-05,4.937e-05,9.393e-05,8.668e-05,9.446e-05,9.55e-05,5.037e-05,0.09822777,0.10327908,0.0,0.00158398,0.00067433,0.00067357,0.00067708,0.0,1.51e-05,0.09758093,2012.17334821,0.60145083,0.00183288,0.00030261,0.00979842,0.00243781,0.00064257,0.01021923,0.41091952,0.0,0.0,0.0,0.0,0.0,0.0,0.0,0.0,6.64e-06,1.662e-05,1.662e-05,1.107e-05,9.19e-06,8.89e-06,5.13e-06,1.57e-06,1.3e-06,2.54e-06,0.09764504
"Particle board, production mix, at plant, P2 (Standard FPY), 7,8% water content",Raw Materials,Systems > Construction,1.6e-07,8e-08,1.69391501,2.02711051,2.82654325,2.79536373,2.85195422,2.08944144,2.01627214,2.14624031,2.26245176,2.90553123,612.34185784,647.78014414,0.0,17.84970108,7.64159178,7.61906205,7.72251246,5.8e-07,0.0,608.87708087,4779148.03864556,33262.4351603,5.07980822,1.35412147,24.50739405,5.93671981,2.05024693,23.72626446,11703.36736582,2.887e-05,1.105e-05,1.1e-05,1.098e-05,1.095e-05,1.093e-05,1.088e-05,1.11e-05,0.52010122,0.28813137,0.28813137,0.33352578,0.38616809,0.13166208,0.37018349,0.29380233,0.28604548,0.32022359,609.91278454
"Electricity Mix, consumption mix, at consumer, AC, 1kV - 60kV",Product-as-a-Service,Energy carriers and technologies > Electricity,0.0,0.0,0.00345111,0.00150017,0.00069601,0.00062046,0.00074085,0.00142471,0.00129737,0.00148996,0.00154662,0.00076706,0.63144489,0.70184021,0.0,0.01979123,0.00626096,0.00623504,0.00630103,0.0,0.0,0.62210749,844.89498888,29.43085154,0.00604762,0.00106614,0.03252522,0.00606147,0.0016683,0.02652416,10.87731251,1e-07,5e-08,5e-08,5e-08,5e-08,5e-08,5e-08,5e-08,2.287e-05,0.00019212,0.00019212,3.778e-05,3.234e-05,3.113e-05,0.00022495,3.388e-05,1.046e-05,0.00010442,0.62285943
"Spruce log with bark, production mix entry to saw mill, at plant, refostered managed forest, 44% water content",Raw Materials,Materials production > Wood,0.0,0.0,6.283e-05,9.167e-05,4.51e-06,4.14e-06,4.71e-06,1.035e-05,9.39e-06,1.082e-05,1.155e-05,6.69e-06,0.00707139,0.00751503,0.0,0.00166839,0.00011047,0.00011041,0.00011063,0.0,0.0,0.00715941,21.00452083,0.07124874,0.00011078,2.527e-05,0.00054483,0.00014494,5.627e-05,0.0005297,0.04312641,0.0,0.0,0.0,0.0,0.0,0.0,0.0,0.0,2.65e-06,1.629e-05,1.629e-05,6.16e-06,4.83e-06,6.61e-06,3.8e-07,3e-08,1e-08,9e-08,0.00745927
"Electricity Mix, consumption mix, at consumer, AC, 220V",Product-as-a-Service,Energy carriers and technologies > Electricity,0.0,0.0,0.00706788,0.00156543,0.00133439,0.0011976,0.0014406,0.00284838,0.002581,0.0030453,0.003342,0.00156473,0.69014562,0.78938475,0.0,0.04227159,0.01271284,0.01267923,0.01276828,0.0,0.0,0.67639688,2810.94029544,209.30791198,0.01177892,0.00200432,0.06399151,0.01229996,0.0030619,0.05589463,71.13729845,1.8e-07,9e-08,9e-08,9e-08,9e-08,9e-08,9e-08,9e-08,3.43e-05,0.00037517,0.00037517,6.575e-05,5.428e-05,5.419e-05,0.00107883,0.00013039,3.045e-05,0.00047563,0.6772225
"Electricity grid mix 1kV-60kV, consumption mix, at consumer, AC, 1kV - 60kV",Product-as-a-Service,Energy carriers and technologies > Electricity,2.2e-07,1.1e-07,2.927e-05,2.385e-05,2.003e-05,1.868e-05,2.151e-05,4.374e-05,4.061e-05,4.709e-05,5.575e-05,2.504e-05,0.02209649,0.02285989,0.0,0.00022358,-0.0002393,-0.00023982,-0.00023762,0.0,2.56e-05,0.02202,610.58242157,3.89348866,0.00023992,4.214e-05,0.00126696,0.00027319,7.13e-05,0.00122023,1.31943457,0.0,0.0,0.0,0.0,0.0,0.0,0.0,0.0,7e-07,2.57e-06,2.57e-06,1.21e-06,1.04e-06,1.2e-06,7.07e-06,1.08e-06,2.7e-07,3.94e-06,0.02206149
"Electricity Mix, consumption mix, at consumer, AC, 230V",Product-as-a-Service,Energy carriers and technologies > Electricity,0.0,0.0,0.00152648,0.00133602,0.0002001,0.00016402,0.00022862,0.00042107,0.00035822,0.00047025,0.0005419,0.00026305,0.79665301,0.87334462,0.0,0.02756311,0.00483542,0.00482293,0.00485617,0.0,0.0,0.78671596,2396.93510228,53.63789143,0.00501708,0.00103531,0.02587356,0.00583991,0.00196912,0.02333723,18.46513104,0.0,0.0,0.0,0.0,0.0,0.0,0.0,0.0,1.573e-05,9.306e-05,9.306e-05,3.031e-05,2.478e-05,2.697e-05,0.00018281,2.355e-05,6.11e-06,8.064e-05,0.78705047
"Process steam from natural gas 90%, consumption mix, at power plant, heat plant, MJ, 90 % efficiency",Product-as-a-Service,Energy carriers and technologies > Heat and steam,0.0,0.0,7.582e-05,9.002e-05,2.657e-05,2.421e-05,2.674e-05,6.237e-05,5.616e-05,6.274e-05,6.356e-05,2.727e-05,0.0890959,0.10660748,0.0,0.00040913,0.00030934,0.00030919,0.00030983,0.0,2.263e-05,0.0866877,233.89638655,0.13803982,0.00011902,1.652e-05,0.00065978,0.00015722,3.444e-05,0.00068402,0.0565997,0.0,0.0,0.0,0.0,0.0,0.0,0.0,0.0,7.88e-06,1.413e-05,1.413e-05,1.783e-05,1.41e-05,1.45e-05,1.66e-06,3.9e-07,2.8e-07,7.8e-07,0.08676107
"Process steam from heavy fuel oil, consumption mix, at plant, heat plant, MJ",Product-as-a-Service,Energy carriers and technologies > Heat and steam,0.0,0.0,0.0004133,0.0002777,7.299e-05,6.354e-05,8.554e-05,0.00015477,0.00013331,0.00018218,0.00024098,0.00010969,0.10117624,0.10796248,0.0,0.00416181,0.00216285,0.00216191,0.00216477,0.0,0.0,0.10027602,1754.80334722,1.60240755,0.0011466,0.00021556,0.00604966,0.00130961,0.00036765,0.00583592,0.74351285,0.0,0.0,0.0,0.0,0.0,0.0,0.0,0.0,6.38e-06,2.612e-05,2.612e-05,1.183e-05,9.62e-06,1.026e-05,1.364e-05,2.38e-06,1.21e-06,6.03e-06,0.10034534
"Process steam from natural gas 90%, consumption mix, at power plant, heat plant, MJ, 90 % efficiency",Product-as-a-Service,Energy carriers and technologies > Heat and steam,0.0,0.0,0.00013885,0.00018897,3.278e-05,2.978e-05,3.312e-05,7.779e-05,6.999e-05,7.843e-05,7.949e-05,3.38e-05,0.08963442,0.10920256,0.0,0.00056139,0.00043345,0.00043326,0.00043406,0.0,2.719e-05,0.08694304,281.06321594,0.19571675,0.00013665,1.872e-05,0.0007597,0.0001759,3.769e-05,0.0007723,0.07819311,0.0,0.0,0.0,0.0,0.0,0.0,0.0,0.0,8.5e-06,1.772e-05,1.772e-05,1.927e-05,1.524e-05,1.548e-05,1.89e-06,4.1e-07,2.8e-07,8.5e-07,0.08702607
"Electricity grid mix 1kV-60kV, consumption mix, at consumer, AC, 1kV - 60kV",Product-as-a-Service,Energy carriers and technologies > Electricity,5e-08,3e-08,0.00123942,0.00083773,0.00063549,0.00060008,0.00065143,0.00137013,0.00129232,0.00139649,0.00142178,0.00066529,0.2914782,0.32046212,0.0,0.02323323,0.00853987,0.00853143,0.00855875,0.0,0.00022689,0.28795209,3420.81696011,152.63806215,0.00341564,0.00056197,0.01827502,0.00353427,0.00089831,0.01564647,50.9081552,0.0,0.0,0.0,0.0,0.0,0.0,0.0,0.0,1.398e-05,7.849e-05,7.849e-05,2.723e-05,2.233e-05,2.452e-05,0.00020478,2.245e-05,5.74e-06,8.04e-05,0.28861533
"Waste incineration of untreated wood (10,7% water content), at plant, average European waste-to-energy plant, without collection, transport and pre-treatment",Transport & Packaging,End-of-life treatment > Energy recycling,2e-08,1e-08,0.26843546,0.37579216,0.03075051,0.02758081,0.03421425,0.06725067,0.06019095,0.07494972,0.08503536,0.03893464,32.46816392,36.01227672,-0.0,2.6801595,0.78058693,0.77761927,0.78384784,7e-08,-0.0,32.14325191,620848.64885548,3954.27301867,0.74650662,0.16616427,3.88446407,1.05650665,0.35869377,4.030106,1375.33942296,2.96e-06,1.3e-06,1.3e-06,1.3e-06,1.29e-06,1.29e-06,1.28e-06,1.31e-06,0.00363661,0.01602368,0.01602368,0.00797052,0.00631866,0.00798065,0.38947569,0.04381035,0.00935279,0.16927767,32.44120911
"Hydrogen chloride gas (HCl), production mix for PVC production, at plant",Product-as-a-Service,Materials production > Inorganic chemicals,0.0,0.0,0.007156,0.00398431,0.0013644,0.00122369,0.00140683,0.00343023,0.00305412,0.00354072,0.00370931,0.00150496,1.5293843,2.15061292,0.0,0.03340233,0.00634673,0.00632583,0.00640376,0.0,0.0,1.44505853,10.90905606,119.54285794,0.01472518,0.00221835,0.08416335,0.02082231,0.00444892,0.09082608,40.06350324,3e-08,0.0,0.0,0.0,0.0,0.0,0.0,0.0,9.185e-05,0.00062887,0.00062887,0.00020892,0.00016316,0.00019188,0.01012285,0.00112647,0.00023766,0.00437404,1.45058099
"Process steam from Heavy fuel oil 90 %, consumption mix, at power plant, heat plant, MJ, 90 % efficiency",Product-as-a-Service,Energy carriers and technologies > Heat and steam,0.0,0.0,0.00014333,7.816e-05,0.0001246,0.00011658,0.00012605,0.00027168,0.00025114,0.00027376,0.00027679,0.00012825,0.10963573,0.11727535,0.0,0.00451574,0.00363528,0.00363457,0.00363698,0.0,8.78e-06,0.10861826,968.03417487,0.46225832,0.00058403,8.834e-05,0.0031898,0.00071635,0.00016927,0.00312968,0.25737986,0.0,0.0,0.0,0.0,0.0,0.0,0.0,0.0,5.5e-06,1.521e-05,1.521e-05,1.187e-05,9.39e-06,1.128e-05,2.027e-05,1.11e-06,5.1e-07,3.23e-06,0.10866389
"Electricity Mix, consumption mix, at consumer, AC, 1kV - 60kV",Product-as-a-Service,Energy carriers and technologies > Electricity,0.0,0.0,0.00111902,0.00086992,0.00133045,0.00127196,0.00134478,0.00291468,0.00277211,0.00294035,0.0029831,0.00136774,0.39888571,0.4246822,0.0,0.01133076,0.00312721,0.00311698,0.00315122,1e-08,0.0,0.39512044,3512.58824666,18.14232502,0.00599036,0.00096434,0.03172029,0.00643513,0.00165286,0.02833689,7.21290628,2.4e-07,1.1e-07,1.1e-07,1.1e-07,1.1e-07,1.1e-07,1.1e-07,1.2e-07,1.2e-05,6.898e-05,6.898e-05,2.215e-05,1.837e-05,1.967e-05,5.007e-05,7.79e-06,2.81e-06,2.304e-05,0.39593477
"Process steam from light fuel oil, consumption mix, at plant, heat plant, MJ",Product-as-a-Service,Energy carriers and technologies > Heat and steam,0.0,0.0,0.00028068,0.00022495,4.501e-05,4.159e-05,4.722e-05,9.415e-05,8.536e-05,9.928e-05,0.00010863,5.176e-05,0.09406122,0.09888952,0.0,0.00275427,0.00060574,0.00060496,0.00060832,0.0,0.0,0.09350757,907.81756469,1.24346165,0.00211779,0.0004454,0.01064851,0.00267954,0.0009421,0.01029195,0.76369349,0.0,0.0,0.0,0.0,0.0,0.0,0.0,0.0,4.4e-06,1.836e-05,1.836e-05,8.79e-06,7.05e-06,8.03e-06,4.5e-06,8.8e-07,5.4e-07,2.03e-06,0.09356489
"Electricity Mix, consumption mix, at consumer, AC, 230V",Product-as-a-Service,Energy carriers and technologies > Electricity,0.0,0.0,0.00053556,0.00034475,0.00173241,0.00166782,0.00174058,0.00381124,0.00364409,0.00382704,0.0038702,0.00176483,0.15455915,0.17139355,0.0,0.00978902,0.00157305,0.00156405,0.00159781,1e-08,0.0,0.15169714,1691.51774577,12.92816854,0.00690514,0.00108889,0.0363788,0.0073856,0.00188274,0.03255515,5.73740864,3.3e-07,1.6e-07,1.6e-07,1.6e-07,1.6e-07,1.6e-07,1.6e-07,1.6e-07,6.06e-06,3.386e-05,3.386e-05,1.16e-05,9.55e-06,1.006e-05,3.241e-05,4.47e-06,1.41e-06,1.439e-05,0.15256234
"Polystyrene expandable granulate (EPS), production mix, at plant",Raw Materials,Materials production > Plastics,0.0,0.0,0.01080321,0.00603691,0.00105994,0.00083907,0.00175313,0.00246303,0.00189137,0.00424558,0.00996071,0.004456,3.55624533,5.27532889,0.0,1.41934089,0.22597988,0.22597787,0.22598725,0.0,0.0,3.31912921,564.279525,117.1709221,0.08486053,0.01591382,0.43978635,0.09813876,0.02615147,0.45049874,51.80372311,1.1e-07,0.0,0.0,0.0,0.0,0.0,0.0,0.0,0.00024541,0.00155208,0.00155208,0.00038134,0.00035734,0.00039949,0.00067942,4.593e-05,9.46e-06,0.00019792,3.32688176
"Electricity grid mix, consumption mix, at consumer, AC, 230V",Product-as-a-Service,Energy carriers and technologies > Electricity,4e-08,2e-08,0.00040667,0.00025903,0.00153625,0.00148035,0.00154221,0.00340412,0.00326103,0.00341253,0.00343188,0.00155637,0.10952158,0.12052659,0.0,0.00932479,0.00269603,0.00268857,0.0027173,1e-08,0.0001096,0.10834818,8245.56055928,10.82345414,0.00595309,0.00092336,0.03136074,0.00632957,0.00159374,0.02800994,4.85989647,1.6e-07,0.0,0.0,0.0,0.0,0.0,0.0,0.0,4.34e-06,2.553e-05,2.553e-05,9.03e-06,7.26e-06,8.14e-06,4.249e-05,4.62e-06,1.24e-06,1.581e-05,0.10845569
"Electricity grid mix 1kV-60kV, consumption mix, at consumer, AC, 1kV - 60kV",Product-as-a-Service,Energy carriers and technologies > Electricity,1e-08,0.0,0.00059093,0.00048137,0.00103777,0.00099661,0.00104495,0.00227871,0.00217719,0.00228952,0.00230645,0.00105639,0.2652376,0.28467372,0.0,0.01119794,0.00431156,0.00430472,0.00432924,0.0,0.00011836,0.26294845,19751.56456,33.0849979,0.00437753,0.00068838,0.02316254,0.00469513,0.00118522,0.02070843,11.7924661,1e-07,0.0,0.0,0.0,0.0,0.0,0.0,0.0,1.176e-05,4.392e-05,4.392e-05,2.085e-05,1.753e-05,1.855e-05,0.00011792,1.398e-05,4.15e-06,4.829e-05,0.26332821
"Process steam from Light fuel oil 90 %, consumption mix, at power plant, heat plant, MJ, 90 % efficiency",Product-as-a-Service,Energy carriers and technologies > Heat and steam,0.0,0.0,0.00040757,0.00051715,0.00012411,0.00011707,0.00012441,0.00026624,0.00024732,0.00026676,0.00026824,0.00012601,0.1067114,0.11869608,0.0,0.00190238,0.00095412,0.00095336,0.00095619,0.0,6.71e-06,0.10509533,1537.97333086,0.4654809,0.00116947,0.00018545,0.00629735,0.00152757,0.00038731,0.00648786,0.32546564,0.0,0.0,0.0,0.0,0.0,0.0,0.0,0.0,8.84e-06,3.051e-05,3.051e-05,1.933e-05,1.525e-05,1.85e-05,4.18e-06,8.4e-07,5.8e-07,1.77e-06,0.10516547
"Process steam from Heavy fuel oil 90 %, consumption mix, at power plant, heat plant, MJ, 90 % efficiency",Product-as-a-Service,Energy carriers and technologies > Heat and steam,0.0,0.0,0.00045742,0.00022411,8.497e-05,7.801e-05,8.834e-05,0.00018224,0.00016651,0.00018676,0.00019002,9.064e-05,0.11151303,0.12237202,0.0,0.00557466,0.00462619,0.00462528,0.00462855,0.0,9.58e-06,0.11009666,1184.52952652,0.65339735,0.00114892,0.00018668,0.00621176,0.00143717,0.00036813,0.00613853,0.37498356,0.0,0.0,0.0,0.0,0.0,0.0,0.0,0.0,7.66e-06,3.308e-05,3.308e-05,1.726e-05,1.356e-05,1.68e-05,2.429e-05,1.31e-06,5.3e-07,3.77e-06,0.1101676
"Heavy fuel oil at refinery (1.0wt.% S), production mix, at refinery, from crude oil, fuel supply, 1 wt.% sulphur",Product-as-a-Service,Energy carriers and technologies > Crude oil based fuels,0.0,0.0,0.00261937,0.00120675,0.00169603,0.0015826,0.00170648,0.00382303,0.00352301,0.00384348,0.00388356,0.00173965,0.43445956,0.60499652,0.0,0.0315305,0.01293969,0.01291049,0.01304187,0.0,0.00059938,0.41130505,15177.05546999,20.95430147,0.06832688,0.01120212,0.365701,0.09080488,0.02384973,0.38111991,14.99197055,1e-08,0.0,0.0,0.0,0.0,0.0,0.0,0.0,0.0001024,0.0003189,0.0003189,0.00024556,0.00019105,0.00024584,0.00016396,1.499e-05,3.36e-06,5.668e-05,0.41227914
"Process steam from heavy fuel oil, consumption mix, at plant, heat plant, MJ",Product-as-a-Service,Energy carriers and technologies > Heat and steam,0.0,0.0,0.0007441,0.00021697,0.00011513,8.459e-05,0.00017729,0.00024428,0.00018408,0.00037632,0.00069667,0.00030465,0.10050881,0.10707721,0.0,0.0131965,0.01098552,0.01098314,0.01098969,0.0,0.0,0.09965829,1208.05662308,6.00340642,0.00539591,0.00100399,0.02846577,0.00588027,0.00155817,0.02720965,2.89481166,0.0,0.0,0.0,0.0,0.0,0.0,0.0,0.0,5.36e-06,4.179e-05,4.179e-05,1.093e-05,8.73e-06,1.01e-05,4.692e-05,5.88e-06,1.7e-06,1.819e-05,0.09974676
"Process steam from natural gas 90 %, consumption mix, at power plant, heat plant, MJ, 90 % efficiency",Product-as-a-Service,Energy carriers and technologies > Heat and steam,0.0,0.0,5.064e-05,7.517e-05,4.72e-06,4.68e-06,4.74e-06,3.7e-06,3.6e-06,3.76e-06,3.87e-06,4.82e-06,0.07080148,0.0729129,0.0,0.00046223,0.0004335,0.00043346,0.00043363,0.0,4.33e-06,0.07060041,82.65913767,0.05319464,6.114e-05,1.069e-05,0.00033037,8.437e-05,2.253e-05,0.00034953,0.02433604,0.0,0.0,0.0,0.0,0.0,0.0,0.0,0.0,2.36e-06,4.65e-06,4.65e-06,4.1e-06,3.42e-06,3.27e-06,7.8e-07,4.9e-07,4.7e-07,5.9e-07,0.07064312
"Rail transport, technology mix, diesel driven, cargo",Transport & Packaging,Transport services > Rail,0.0,0.0,0.0,0.0,0.0,0.0,0.0,0.0,0.0,0.0,0.0,0.0,0.0,0.0,0.0,0.0,0.0,0.0,0.0,0.0,0.0,0.0,0.0,0.0,0.0,0.0,0.0,0.0,0.0,0.0,0.0,0.0,0.0,0.0,0.0,0.0,0.0,0.0,0.0,0.0,0.0,0.0,0.0,0.0,0.0,0.0,0.0,0.0,0.0,0.0
"Gypsum plasterboard, production mix at factory, technology mix of plasterboard production, 12.5 mm thick, 10kg/m2",Raw Materials,Systems > Construction,0.0,0.0,0.00502031,0.00372705,0.00227699,0.00209661,0.00253995,0.00502344,0.00458773,0.00565973,0.00718998,0.00316913,2.14870928,2.36454825,0.0,0.08890107,0.03548494,0.03545649,0.03555453,0.0,0.0,2.12060573,12592.61740447,53.23187969,0.0206903,0.00373061,0.11015014,0.02403584,0.00667558,0.1064395,21.9811058,1.7e-07,1e-07,1e-07,1e-07,1e-07,1e-07,1e-07,1e-07,0.00011061,0.00038145,0.00038145,0.00020762,0.00017052,0.00016616,0.00072158,9.462e-05,3.218e-05,0.00031509,2.12239595
"Polyvinylchloride resin (E-PVC), production mix, at plant, emulsion polymerisation",Raw Materials,Materials production > Plastics,0.0,0.0,0.0149567,0.00879519,0.01267682,0.01212316,0.01276145,0.03892921,0.03716835,0.03914789,0.03973203,0.01310769,3.37156443,4.51900414,0.0,9.46898882,9.42766231,9.37935604,9.42772916,0.0,0.0,3.21349825,315.5341432,223.92970282,1.45313258,1.23969474,1.56872972,3.9626888,3.42062688,4.07333107,78.7437806,5e-08,0.0,0.0,0.0,0.0,0.0,0.0,0.0,0.00082471,0.00118708,0.00118708,0.00167567,0.0013141,0.00028139,0.01173579,0.00135984,0.0003312,0.00511226,3.21902128
"Anhydrite (CaSO4), production mix, at plant, technology mix of natural (33%), thermal (33%) and synthetic (33%) produced anhydrite, grinded and purified product",Raw Materials,Systems > Construction,0.0,0.0,0.00045445,0.00016404,8.964e-05,7.965e-05,0.00010013,0.0001956,0.00017393,0.00021824,0.00026546,0.00012389,0.10080635,0.11402883,0.0,0.01884774,0.00189452,0.00189254,0.0018982,0.0,0.0,0.09906343,341.40923823,20.6082223,0.00155805,0.00029954,0.00811662,0.00180959,0.00054542,0.00768548,7.05924414,1e-08,0.0,0.0,0.0,0.0,0.0,0.0,0.0,4.84e-06,2.86e-05,2.86e-05,1.004e-05,8.1e-06,8.79e-06,3.974e-05,4.91e-06,1.29e-06,1.718e-05,0.09913965
"Process steam from light fuel oil, consumption mix, at plant, heat plant, MJ",Product-as-a-Service,Energy carriers and technologies > Heat and steam,0.0,0.0,0.00031092,0.00027667,4.864e-05,4.523e-05,5.084e-05,9.593e-05,8.717e-05,0.00010107,0.00011041,5.538e-05,0.09343799,0.09827499,0.0,0.00286477,0.00071637,0.00071558,0.00071894,0.0,0.0,0.09281868,1473.73298988,1.24302382,0.00211812,0.00044609,0.01064682,0.00267962,0.00094267,0.01029001,0.76351477,0.0,0.0,0.0,0.0,0.0,0.0,0.0,0.0,5.63e-06,2.027e-05,2.027e-05,1.006e-05,8.24e-06,8.53e-06,4.92e-06,1.31e-06,9.6e-07,2.45e-06,0.09288471
"Process steam from light fuel oil, consumption mix, at plant, heat plant, MJ",Product-as-a-Service,Energy carriers and technologies > Heat and steam,0.0,0.0,0.00017885,0.00011505,4.632e-05,4.282e-05,4.853e-05,9.656e-05,8.757e-05,0.0001017,0.00011106,5.307e-05,0.09374596,0.09860539,0.0,0.00264848,0.00049776,0.00049696,0.00050034,0.0,0.0,0.0931266,971.39939756,1.24625475,0.0021211,0.00044591,0.01066678,0.0026838,0.00094305,0.01031051,0.7650699,0.0,0.0,0.0,0.0,0.0,0.0,0.0,0.0,4.37e-06,1.376e-05,1.376e-05,8.54e-06,6.88e-06,7.66e-06,4.56e-06,9.3e-07,5.9e-07,2.08e-06,0.09316324
"Process steam from Light fuel oil 90 %, consumption mix, at power plant, heat plant, MJ, 90 % efficiency",Product-as-a-Service,Energy carriers and technologies > Heat and steam,0.0,0.0,0.00029195,0.00031634,6.421e-05,5.922e-05,6.47e-05,0.00014791,0.00013492,0.00014883,0.00015046,6.597e-05,0.09855118,0.10033975,0.0,0.00145167,0.00065388,0.00065349,0.00065483,0.0,2.351e-05,0.09835101,371.68821268,0.81372898,0.00025142,3.519e-05,0.00139197,0.0003161,6.88e-05,0.00139369,0.30454986,0.0,0.0,0.0,0.0,0.0,0.0,0.0,0.0,1.28e-06,1.531e-05,1.531e-05,2.45e-06,1.98e-06,2.21e-06,7.18e-06,8.8e-07,3e-07,2.91e-06,0.0983917
"Electricity Mix, consumption mix, at consumer, AC, 230V",Product-as-a-Service,Energy carriers and technologies > Electricity,0.0,0.0,0.0007788,0.00062231,0.00063239,0.00057947,0.00065727,0.00141874,0.00129679,0.00146567,0.00151148,0.00067901,0.60254371,0.64408786,0.0,0.01064055,0.00262483,0.00261458,0.00264342,0.0,0.0,0.59718454,1259.63301011,39.78180529,0.00392231,0.00063536,0.02152701,0.00447392,0.0010959,0.01976459,13.81124825,7e-08,3e-08,3e-08,3e-08,3e-08,3e-08,3e-08,3e-08,1.069e-05,5.144e-05,5.144e-05,1.842e-05,1.565e-05,1.514e-05,0.00023575,2.921e-05,7.29e-06,0.00010464,0.59750245
"Electricity Mix, consumption mix, at consumer, AC, 1kV - 60kV",Product-as-a-Service,Energy carriers and technologies > Electricity,0.0,0.0,0.00360464,0.00140337,0.00063554,0.00053187,0.0007918,0.00128056,0.00108026,0.00161222,0.00240773,0.00110946,0.68641994,0.7625502,0.0,0.05829226,0.03045484,0.03043382,0.03049131,0.0,0.0,0.67640052,201435.38608043,243.63597832,0.01829231,0.00335883,0.09657285,0.02052531,0.00556198,0.09191539,83.18795781,4e-08,2e-08,2e-08,2e-08,2e-08,2e-08,2e-08,2e-08,3.977e-05,0.00021085,0.00021085,7.906e-05,6.402e-05,6.852e-05,0.00026868,3.58e-05,1.116e-05,0.00011321,0.67701763
"Process steam from natural gas 90%, consumption mix, at power plant, heat plant, MJ, 90 % efficiency",Product-as-a-Service,Energy carriers and technologies > Heat and steam,0.0,0.0,0.00013558,0.00018458,2.184e-05,1.996e-05,2.195e-05,5.04e-05,4.543e-05,5.066e-05,5.131e-05,2.243e-05,0.0838908,0.09780076,0.0,0.00049122,0.00038998,0.00038987,0.00039036,0.0,1.971e-05,0.08198763,325.9128952,0.08157449,8.2e-05,1.108e-05,0.00045582,0.0001088,2.316e-05,0.00047528,0.03408978,0.0,0.0,0.0,0.0,0.0,0.0,0.0,0.0,6.4e-06,1.483e-05,1.483e-05,1.437e-05,1.136e-05,1.2e-05,1.04e-06,3.2e-07,2.6e-07,5.4e-07,0.08206344
"Process steam from heavy fuel oil, consumption mix, at plant, heat plant, MJ",Product-as-a-Service,Energy carriers and technologies > Heat and steam,0.0,0.0,0.00048522,0.0001897,7.051e-05,6.196e-05,8.333e-05,0.00015084,0.00013141,0.00017944,0.00025195,0.00011263,0.10421202,0.11332294,0.0,0.00394068,0.0026919,0.00269092,0.00269431,0.0,0.0,0.10305198,1102.28879987,1.27372104,0.00211202,0.0003804,0.01113949,0.00253792,0.00068978,0.01111025,0.74520249,0.0,0.0,0.0,0.0,0.0,0.0,0.0,0.0,7.4e-06,3.306e-05,3.306e-05,1.602e-05,1.267e-05,1.535e-05,1.511e-05,2e-06,7.9e-07,5.99e-06,0.10316064
"Process steam from natural gas 90 %, consumption mix, at power plant, heat plant, MJ, 90 % efficiency",Product-as-a-Service,Energy carriers and technologies > Heat and steam,0.0,0.0,9.42e-05,6.057e-05,1.603e-05,1.506e-05,1.621e-05,3.026e-05,2.777e-05,3.061e-05,3.113e-05,1.705e-05,0.08893494,0.10640236,0.0,0.00082705,0.00047633,0.00047622,0.00047663,0.0,1.102e-05,0.08657458,4527.84350952,0.08317496,8.576e-05,1.363e-05,0.0004672,0.00011123,2.695e-05,0.00047738,0.03670483,0.0,0.0,0.0,0.0,0.0,0.0,0.0,0.0,8.4e-06,1.862e-05,1.862e-05,1.888e-05,1.481e-05,1.788e-05,1.34e-06,5e-07,4.4e-07,7.1e-07,0.08664366
"Vinyl chloride monomer (VCM), production mix for PVC production , at plant",Raw Materials,Materials production > Organic chemicals,0.0,0.0,0.00795749,0.00429806,0.00667864,0.00624596,0.00671564,0.01837679,0.0171548,0.01847268,0.01865911,0.00685069,2.17932119,3.12679287,0.0,2.22860699,2.20233712,2.19094383,2.20239372,0.0,0.0,2.04859048,14.01597062,116.88562409,0.35972467,0.29436375,0.46766288,0.95714202,0.81064378,1.06380062,40.95750771,3e-08,0.0,0.0,0.0,0.0,0.0,0.0,0.0,0.00015379,0.00075069,0.00075069,0.00031406,0.00024901,0.00022228,0.00918228,0.00103802,0.00022948,0.00398928,2.0527341
"Continuous filament glass fibre (wet chopped strands), at plant",Raw Materials,Materials production > Glass and ceramics,7.3e-07,3.6e-07,0.00292609,0.00476976,0.02009754,0.01917708,0.0204826,0.0405517,0.03828236,0.04130717,0.04244519,0.02127889,1.65130205,1.85366159,0.0,1.10180859,0.12251031,0.12219418,0.1235847,2e-08,0.0,0.09912256,25898.52594136,1775.0729027,0.08931356,0.01488546,0.47406923,0.09545437,0.02420724,0.42323935,599.44593844,1.4e-07,2.1e-07,1.9e-07,1.8e-07,1.7e-07,1.7e-07,1.5e-07,2.2e-07,0.00035977,0.00051164,0.00051164,0.00061151,0.00051172,0.00040457,0.00188264,0.00013822,3.232e-05,0.00048873,0.11068031
"Continuous filament glass fibre (assembled rovings), at plant",Raw Materials,Materials production > Glass and ceramics,8.6e-07,4.2e-07,0.00342823,0.00565998,0.0245433,0.02289367,0.02499457,0.05136881,0.04720208,0.05224249,0.05355812,0.02594381,2.01197247,2.27031468,0.0,1.22460285,0.1148363,0.11470054,0.11513097,2e-08,0.0,0.12484378,33798.03621005,1019.65547616,0.10255748,0.01593916,0.55714524,0.11796914,0.0275164,0.52381888,350.32037312,1.7e-07,2.4e-07,2.2e-07,2.1e-07,2e-07,1.9e-07,1.8e-07,2.5e-07,0.00038936,0.00057998,0.00057998,0.00064866,0.00054245,0.00049535,0.00179115,0.00013488,3.232e-05,0.00046717,0.1407896
"Bulk carrier ocean, technology mix, 100.000-200.000 dwt",Raw Materials,Transport services > Water,0.0,0.0,0.0,0.0,0.0,0.0,0.0,0.0,0.0,0.0,0.0,0.0,0.0,0.0,0.0,0.0,0.0,0.0,0.0,0.0,0.0,0.0,0.0,0.0,0.0,0.0,0.0,0.0,0.0,0.0,0.0,0.0,0.0,0.0,0.0,0.0,0.0,0.0,0.0,0.0,0.0,0.0,0.0,0.0,0.0,0.0,0.0,0.0,0.0,0.0
"Electricity Mix, consumption mix, at consumer, AC, 1kV - 60kV",Product-as-a-Service,Energy carriers and technologies > Electricity,0.0,0.0,0.01765394,0.00225668,0.00077741,0.00065899,0.00086356,0.00148468,0.00130447,0.00161573,0.00170228,0.0009027,0.77042903,0.83553047,0.0,0.06180506,0.00771069,0.00766537,0.00777868,0.0,0.0,0.76216249,751.84744992,513.92325663,0.00868594,0.00149051,0.04800111,0.00822307,0.0020274,0.03720011,170.67900765,1e-07,5e-08,5e-08,5e-08,5e-08,5e-08,5e-08,5e-08,2.058e-05,0.00086818,0.00086818,2.994e-05,2.763e-05,2.749e-05,0.00159431,0.00019068,4.256e-05,0.00070395,0.7628394
"Electricity grid mix, consumption mix, at consumer, AC, 230V",Product-as-a-Service,Energy carriers and technologies > Electricity,0.0,0.0,0.00210884,0.00104725,0.00052917,0.00048454,0.00055438,0.00112326,0.00104087,0.00115884,0.00118237,0.00056835,0.45552227,0.52117743,0.0,0.02419207,0.01602968,0.01601727,0.01605145,0.0,0.00013508,0.44682217,19567.02424677,21.15241633,0.00360662,0.00059358,0.01960021,0.00371189,0.00093356,0.01652102,7.66435455,2e-08,0.0,0.0,0.0,0.0,0.0,0.0,0.0,2.775e-05,0.00014395,0.00014395,6.123e-05,4.831e-05,5.813e-05,0.00014869,1.46e-05,4.38e-06,4.525e-05,0.44723492
"Electricity Mix, consumption mix, at consumer, AC, 230V",Product-as-a-Service,Energy carriers and technologies > Electricity,1e-08,0.0,0.00191226,1.287e-05,4.03e-06,2.56e-06,9.38e-06,9.59e-06,5.84e-06,2.329e-05,6.658e-05,2.643e-05,0.02324277,0.0234907,0.0,0.00048048,0.00032419,0.00032359,0.00032514,0.0,0.0,0.02321475,2356135.27892707,0.20595121,6.702e-05,1.986e-05,0.00035485,0.00010074,4.718e-05,0.00037033,0.0868943,0.0,0.0,0.0,0.0,0.0,0.0,0.0,0.0,1.8e-07,8.7e-07,8.7e-07,3.9e-07,3.1e-07,3.8e-07,4.48e-06,3.5e-07,8e-08,1.43e-06,0.02322573
"Process steam from light fuel oil, consumption mix, at plant, heat plant, MJ",Product-as-a-Service,Energy carriers and technologies > Heat and steam,0.0,0.0,0.00031848,0.00028961,4.517e-05,4.176e-05,4.738e-05,9.401e-05,8.526e-05,9.915e-05,0.00010849,5.192e-05,0.09340853,0.09824429,0.0,0.00282468,0.0006763,0.00067552,0.00067888,0.0,0.0,0.09278047,949.36470399,1.24291346,0.00211734,0.0004454,0.01064553,0.00267884,0.00094201,0.01028872,0.76346927,0.0,0.0,0.0,0.0,0.0,0.0,0.0,0.0,4.47e-06,1.99e-05,1.99e-05,8.83e-06,7.1e-06,8.01e-06,4.53e-06,9.1e-07,5.7e-07,2.06e-06,0.0928356
"Process steam from heavy fuel oil, consumption mix, at plant, heat plant, MJ",Product-as-a-Service,Energy carriers and technologies > Heat and steam,0.0,0.0,0.00041231,9.815e-05,2.058e-05,1.655e-05,2.897e-05,3.585e-05,2.823e-05,5.345e-05,9.714e-05,4.711e-05,0.09377397,0.09446776,0.0,0.0028854,0.00170817,0.00170734,0.0017107,0.0,0.0,0.09372809,677.86942075,1.44917523,0.00293415,0.00080973,0.01348375,0.00405626,0.00190443,0.01328435,0.93071512,0.0,0.0,0.0,0.0,0.0,0.0,0.0,0.0,1.8e-06,2.537e-05,2.537e-05,2.38e-06,2.09e-06,1.51e-06,8.59e-06,1.37e-06,6.8e-07,3.43e-06,0.09375005
"Container glass (delivered to the end user of the contained product, reuse rate: 7%), production mix at plant, technology mix",Transport & Packaging,Systems,0.0,0.0,0.00368695,0.00175809,0.0008721,0.00058759,0.0011039,0.00157265,0.00117136,0.00194168,0.00237001,0.00128017,0.79062087,0.87063972,0.0,0.07874291,0.02398179,0.02385795,0.02417369,0.0,0.0,0.78037636,10446.69729789,102.44633984,0.02004827,0.00363443,0.10957039,0.01936571,0.005221,0.08704711,37.42476348,5e-08,2e-08,2e-08,2e-08,2e-08,2e-08,2e-08,2e-08,4.011e-05,0.00022249,0.00022249,8.83e-05,7.013e-05,8.212e-05,0.00035142,6.437e-05,1.76e-05,0.00016256,0.7821988
"Process steam from light fuel oil, consumption mix, at plant, heat plant, MJ",Product-as-a-Service,Energy carriers and technologies > Heat and steam,0.0,0.0,0.00010158,8.276e-05,4.595e-05,4.238e-05,4.817e-05,9.853e-05,8.932e-05,0.00010367,0.00011305,5.272e-05,0.0938018,0.09866484,0.0,0.00259026,0.00043645,0.00043565,0.00043905,0.0,0.0,0.09318698,740.90441952,1.24941918,0.00212476,0.00044615,0.01068826,0.00268843,0.00094382,0.01033193,0.76672735,0.0,0.0,0.0,0.0,0.0,0.0,0.0,0.0,3.97e-06,1.009e-05,1.009e-05,8.27e-06,6.59e-06,7.73e-06,4.41e-06,7.6e-07,4.2e-07,1.91e-06,0.09323343
"Process steam from light fuel oil, consumption mix, at plant, heat plant, MJ",Product-as-a-Service,Energy carriers and technologies > Heat and steam,0.0,0.0,0.00024361,0.00020014,4.795e-05,4.45e-05,5.016e-05,9.662e-05,8.774e-05,0.00010176,0.00011111,5.47e-05,0.09409774,0.09892872,0.0,0.00276766,0.00061791,0.00061712,0.00062049,0.0,0.0,0.0935414,1285.45293273,1.24479005,0.0021199,0.00044611,0.01065799,0.00268203,0.00094299,0.01030142,0.76437753,0.0,0.0,0.0,0.0,0.0,0.0,0.0,0.0,5.14e-06,1.701e-05,1.701e-05,9.44e-06,7.69e-06,8.16e-06,4.79e-06,1.17e-06,8.2e-07,2.32e-06,0.09359392
"Porocalce plaster production, Production mix at plant - Southern Italy, Porocalce plaster - Milling and mixing of sand, perlite, expanded glass, calcium hydroxide, 1 kg, Plaster",Raw Materials,Materials production > Other mineral materials,5e-08,2e-08,0.0007326,0.00084807,0.01258503,0.01201078,0.0126984,0.02744928,0.02593194,0.02773061,0.02836716,0.01300071,0.62788192,0.68802894,0.0,0.03560753,0.01508919,0.01500448,0.0153713,0.0,0.03478488,0.613587,13553.38086197,39.8753232,0.04982233,0.00778336,0.26403782,0.05438268,0.01354295,0.2396908,22.21473147,1e-08,2e-08,2e-08,2e-08,2e-08,2e-08,1e-08,2e-08,2.052e-05,6.57e-05,6.57e-05,4.246e-05,3.423e-05,3.764e-05,0.00123951,0.00018865,8.816e-05,0.00055461,0.61421931
"Lignite mix, consumption mix, at consumer, technology mix",Product-as-a-Service,Energy carriers and technologies > Lignite based fuels,0.0,0.0,0.00016186,6.546e-05,1.775e-05,1.503e-05,2.065e-05,3.686e-05,3.208e-05,4.203e-05,4.6e-05,2.245e-05,0.03848886,0.07310938,0.0,0.00140186,0.00090263,0.00090163,0.00090497,0.0,8.808e-05,0.03367287,769.26503603,2.55936456,0.00022279,3.792e-05,0.00123386,0.00023146,5.758e-05,0.00104967,0.88782829,0.0,0.0,0.0,0.0,0.0,0.0,0.0,0.0,3.26e-06,1.286e-05,1.286e-05,7.01e-06,5.54e-06,5.71e-06,2.321e-05,2.51e-06,5.8e-07,9.06e-06,0.03371208
"Drinking water, production mix, at plant, water purification treatment, from groundwater",Raw Materials,Materials production > Water,0.0,0.0,1.4e-06,1.35e-06,1.98e-06,1.81e-06,2e-06,5.02e-06,4.57e-06,5.07e-06,5.21e-06,2.07e-06,0.00057952,0.00061208,0.0,2.682e-05,3.31e-06,2.77e-06,5.55e-06,0.0,0.0,0.00057573,2.49144171,0.0112185,8.28e-06,1.18e-06,4.522e-05,1.058e-05,2.4e-06,4.661e-05,0.0051963,0.0,0.0,0.0,0.0,0.0,0.0,0.0,0.0,1e-08,7e-08,7e-08,2e-08,1e-08,1e-08,1.2e-07,1e-08,0.0,5e-08,0.00057593
"Drinking water, production mix, at plant, water purification treatment, from surface water",Raw Materials,Materials production > Water,0.0,0.0,1.68e-06,1.46e-06,2.05e-06,1.87e-06,2.07e-06,5.16e-06,4.69e-06,5.22e-06,5.39e-06,2.15e-06,0.00062945,0.00066867,0.0,3.15e-05,4.36e-06,3.82e-06,6.62e-06,0.0,0.0,0.00062479,3.52281491,0.0192155,9.26e-06,1.37e-06,5.039e-05,1.173e-05,2.74e-06,5.153e-05,0.00799714,0.0,0.0,0.0,0.0,0.0,0.0,0.0,0.0,1e-08,9e-08,9e-08,2e-08,2e-08,2e-08,1.5e-07,2e-08,0.0,6e-08,0.00062506
"Process water, production mix, at plant, ion exchange, from groundwater",Raw Materials,Materials production > Water,0.0,0.0,1.903e-05,1.429e-05,1.353e-05,1.241e-05,1.386e-05,3.244e-05,2.967e-05,3.31e-05,3.431e-05,1.444e-05,0.00656385,0.00711408,0.0,0.00032572,4.637e-05,4.404e-05,5.591e-05,0.0,0.0,0.00649435,64.41911925,0.60770233,8.268e-05,1.372e-05,0.00044342,9.969e-05,2.615e-05,0.00042833,0.2148435,0.0,0.0,0.0,0.0,0.0,0.0,0.0,0.0,1.9e-07,1.19e-06,1.19e-06,3.9e-07,3.2e-07,3.6e-07,4.24e-06,5e-07,1.1e-07,1.84e-06,0.00650156
"Process water, production mix, at plant, ion exchange, from surface water",Raw Materials,Materials production > Water,0.0,0.0,1.903e-05,1.429e-05,1.353e-05,1.241e-05,1.386e-05,3.244e-05,2.967e-05,3.31e-05,3.431e-05,1.444e-05,0.00656385,0.00711408,0.0,0.00032572,4.637e-05,4.404e-05,5.591e-05,0.0,0.0,0.00649435,64.41911925,0.60770233,8.268e-05,1.372e-05,0.00044342,9.969e-05,2.615e-05,0.00042833,0.2148435,0.0,0.0,0.0,0.0,0.0,0.0,0.0,0.0,1.9e-07,1.19e-06,1.19e-06,3.9e-07,3.2e-07,3.6e-07,4.24e-06,5e-07,1.1e-07,1.84e-06,0.00650156
"De-ionised water, production mix, at plant, reverse osmosis, from groundwater",Raw Materials,Materials production > Water,0.0,0.0,2.597e-05,1.898e-05,1.963e-05,1.799e-05,2.006e-05,4.751e-05,4.342e-05,4.84e-05,5.014e-05,2.088e-05,0.00858237,0.00926235,0.0,0.00042398,6.215e-05,5.839e-05,7.765e-05,0.0,0.0,0.00849708,87.01656592,0.81336664,0.00011221,1.819e-05,0.00060383,0.00013579,3.471e-05,0.0005873,0.28791984,0.0,0.0,0.0,0.0,0.0,0.0,0.0,0.0,2.3e-07,1.57e-06,1.57e-06,4.7e-07,3.8e-07,4.2e-07,4.88e-06,5.7e-07,1.3e-07,2.12e-06,0.00850549
"De-ionised water, production mix, at plant, reverse osmosis, from surface water",Raw Materials,Materials production > Water,0.0,0.0,2.597e-05,1.898e-05,1.963e-05,1.799e-05,2.006e-05,4.751e-05,4.342e-05,4.84e-05,5.014e-05,2.088e-05,0.00858237,0.00926235,0.0,0.00042398,6.215e-05,5.839e-05,7.765e-05,0.0,0.0,0.00849708,87.01656592,0.81336664,0.00011221,1.819e-05,0.00060383,0.00013579,3.471e-05,0.0005873,0.28791984,0.0,0.0,0.0,0.0,0.0,0.0,0.0,0.0,2.3e-07,1.57e-06,1.57e-06,4.7e-07,3.8e-07,4.2e-07,4.88e-06,5.7e-07,1.3e-07,2.12e-06,0.00850549
"Polyamide 6.6 fibres (PA 6.6), production mix, at plant, from adipic acid and hexamethylene diamine (HMDA), PA 6.6 granulate without additives",Raw Materials,Materials production > Plastics,0.0,0.0,0.03809912,0.02731544,0.01379759,0.01269094,0.01433591,0.03129842,0.02864909,0.03241452,0.03423978,0.01528423,11.14493307,12.17065123,0.0,0.51333132,0.09817019,0.09745696,0.10082816,2e-08,0.0,11.08358977,170328.46649757,1013.12125663,0.22213912,0.04398423,1.13772221,0.27333331,0.08957297,1.08884564,371.65342104,7.4e-07,3e-07,3e-07,3e-07,2.9e-07,2.9e-07,2.9e-07,3e-07,0.0005566,0.00310991,0.00310991,0.00114975,0.00092186,0.00102775,0.00227415,0.00030899,0.00010058,0.00100397,11.09208933
"Polyacrylonitrile fibres (PAN), production mix, at plant, from acrylonitrile and methacrylate, PAN without additives",Raw Materials,Materials production > Plastics,0.0,0.0,0.02124283,0.01785155,0.00959614,0.00884975,0.00992512,0.02222086,0.02038545,0.02291871,0.02401475,0.01047082,5.75184336,6.4651923,0.0,0.27395641,0.05865275,0.05831903,0.05986367,1e-08,0.0,5.67521199,85342.92949519,496.05714435,0.12127869,0.02328569,0.62593301,0.14945731,0.04718859,0.60433044,184.01949246,3.6e-07,1.5e-07,1.5e-07,1.5e-07,1.5e-07,1.5e-07,1.5e-07,1.5e-07,0.00034642,0.00164112,0.00164112,0.0007374,0.00059126,0.00065764,0.00116729,0.00015787,5.013e-05,0.00051531,5.68012948
"Polypropylene fibres (PP), production mix, at plant, crude oil based, PP granulate without additives",Product-as-a-Service,Materials production > Plastics,0.0,0.0,0.00875616,0.00456877,0.00715958,0.00663319,0.00736982,0.01666811,0.01535137,0.01711931,0.01781804,0.00772115,2.38074731,2.85481133,0.0,0.15338653,0.03139356,0.03123582,0.03183148,0.0,0.0,2.31634708,45757.93879232,324.12073184,0.09253855,0.0178614,0.47569726,0.11448568,0.0365699,0.46044029,122.42215931,2e-07,8e-08,8e-08,8e-08,8e-08,8e-08,8e-08,8e-08,0.00022053,0.00090178,0.00090178,0.00048639,0.00038564,0.00043933,0.00069474,9.255e-05,2.815e-05,0.00030581,2.31880832
"Polyethylene terephthalate fibres (PET), production mix, at plant, via dimethyl terephthalate (DMT), PET granulate without additives",Raw Materials,Materials production > Plastics,0.0,0.0,0.01735918,0.00837586,0.00609896,0.00557696,0.00644801,0.01333896,0.01215492,0.01405789,0.01521115,0.00718154,4.51760257,5.14040114,0.0,0.38209826,0.05908522,0.05877783,0.0599344,1e-08,0.0,4.43378983,85115.1154866,738.16293428,0.11034673,0.02178444,0.56722186,0.13365917,0.04336216,0.53731903,262.20592732,6.3e-07,2e-07,1.9e-07,1.9e-07,1.9e-07,1.9e-07,1.9e-07,2e-07,0.00030036,0.00259501,0.00259501,0.00063159,0.00050625,0.00056343,0.0015212,0.00019902,5.951e-05,0.00066371,4.43813083
"Waste water treatment, at waste water treatment plant, chemical reduction/oxidation process, municipal waste water",End-of-Life,End-of-life treatment > Waste water treatment,-0.0,-0.0,-0.0,-0.0,0.0801729,0.07574727,0.0801729,0.19381687,0.18172635,0.19383787,0.19457079,0.08077756,-0.0,-0.0,-0.0,0.84093606,0.02238474,0.02138334,0.02613935,-0.0,-0.0,-0.0,-0.0,127.125772,0.26440396,0.03763384,1.4635425,0.32792144,0.07421033,1.4487977,116.3058,-0.0,-0.0,-0.0,-0.0,-0.0,-0.0,-0.0,-0.0,-0.0,-0.0,-0.0,-0.0,-0.0,-0.0,0.001953,2.079e-05,2.25e-06,0.00016926,-0.0
"Waste water treatment, at waste water treatment plant, industrial waste water according to the Directive 91/271/EEC concerning urban waste water treatment, slightly organic contaminated",End-of-Life,End-of-life treatment > Waste water treatment,0.0,0.0,8.691e-05,8.827e-05,0.00017306,0.00015841,0.00017437,0.00043932,0.00040026,0.00044255,0.0004526,0.000179,0.03660302,0.03826091,-0.0,0.00163405,0.00020644,0.00016905,0.0003635,0.0,-0.0,0.03642034,113.05375475,0.38607412,0.00067405,9.341e-05,0.00369265,0.00086722,0.00019244,0.00382875,0.24092234,0.0,0.0,0.0,0.0,0.0,0.0,0.0,0.0,4e-07,4.41e-06,4.41e-06,8.4e-07,6.7e-07,7e-07,4.76e-06,4.9e-07,1.2e-07,1.84e-06,0.03642661
"Waste water treatment, at waste water treatment plant, industrial waste water according to the Directive 91/271/EEC concerning urban waste water treatment, slightly organic and anorganic contaminated",End-of-Life,End-of-life treatment > Waste water treatment,0.0,0.0,8.691e-05,8.827e-05,0.00010588,9.679e-05,0.00010719,0.00026826,0.0002441,0.00027149,0.00028093,0.00011134,0.036603,0.0382609,-0.0,0.00162925,0.00020581,0.00016848,0.00036278,0.0,-0.0,0.03642032,113.05372184,0.350782,0.00045163,6.546e-05,0.00246285,0.00057703,0.00013263,0.00254254,0.20582162,0.0,0.0,0.0,0.0,0.0,0.0,0.0,0.0,4e-07,4.41e-06,4.41e-06,8.4e-07,6.7e-07,7e-07,4.63e-06,4.9e-07,1.2e-07,1.83e-06,0.03642659
"Waste water treatment, at waste water treatment plant, industrial waste water according to the Directive 91/271/EEC concerning urban waste water treatment, organic contaminated",End-of-Life,End-of-life treatment > Waste water treatment,0.0,0.0,0.00019743,0.00020126,0.0003316,0.0003034,0.00033458,0.0008414,0.00076629,0.00084875,0.00087108,0.00034468,0.08359699,0.08736723,-0.0,0.00371835,0.00046863,0.0003833,0.00082726,0.0,-0.0,0.08318195,252.69268834,0.79051333,0.00132729,0.00018656,0.00726097,0.00170443,0.00038244,0.00752017,0.49761436,0.0,0.0,0.0,0.0,0.0,0.0,0.0,0.0,9.1e-07,1.001e-05,1.001e-05,1.91e-06,1.52e-06,1.6e-06,1.064e-05,1.1e-06,2.8e-07,4.15e-06,0.08319607
"Benzene, production mix, at plant, technology mix, from pyrolysis gasoline, reformate and toluene dealkylation, liquid",Product-as-a-Service,Materials production > Organic chemicals,0.0,0.0,0.00401394,0.00257002,0.00433153,0.00401386,0.00446263,0.0100989,0.00927484,0.0103999,0.01090212,0.00470956,1.39659915,1.74475175,0.0,0.10839416,0.02283968,0.02280362,0.02293872,0.0,0.0,1.34898106,19534.95027283,69.94801755,0.07499597,0.0149227,0.38232662,0.09418864,0.03115318,0.37258512,35.67206432,4e-08,1e-08,1e-08,1e-08,1e-08,1e-08,1e-08,1e-08,0.00017563,0.0005039,0.0005039,0.0003938,0.0003109,0.00035602,0.0002452,3.521e-05,1.356e-05,0.00010638,1.3503296
"Rail transport, technology mix, diesel driven, cargo",Transport & Packaging,Transport services > Rail,0.0,0.0,0.00030578,0.00046724,1.102e-05,1.01e-05,1.161e-05,2.463e-05,2.229e-05,2.601e-05,2.852e-05,1.378e-05,0.02724347,0.02849459,0.0,0.00153085,0.00057001,0.0005698,0.00057069,0.0,0.0,0.02746436,86.02958195,0.3334562,0.00056973,0.00011968,0.00286521,0.00072088,0.0002534,0.00276909,0.20516671,0.0,0.0,0.0,0.0,0.0,0.0,0.0,0.0,2.79e-06,2.366e-05,2.366e-05,6.51e-06,5.09e-06,6.89e-06,1.19e-06,1.2e-07,3e-08,4.2e-07,0.02772107
"Process steam from Heavy fuel oil 90 %, consumption mix, at power plant, heat plant, MJ, 90 % efficiency",Product-as-a-Service,Energy carriers and technologies > Heat and steam,0.0,0.0,0.00018446,0.00011776,4.672e-05,4.186e-05,5.001e-05,9.757e-05,8.753e-05,0.000102,0.000105,5.187e-05,0.1029845,0.10547346,0.0,0.00548774,0.00441324,0.00441179,0.00441807,0.0,1.271e-05,0.10281079,869.64269588,1.09008447,0.00311591,0.00051663,0.01669027,0.00408077,0.00107872,0.01714498,0.72366411,0.0,0.0,0.0,0.0,0.0,0.0,0.0,0.0,3.02e-06,1.275e-05,1.275e-05,5.26e-06,4.33e-06,4.43e-06,2.461e-05,1.49e-06,7.1e-07,3.98e-06,0.10286925
"Electricity grid mix 1kV-60kV, consumption mix, at consumer, AC, 1kV - 60kV",Product-as-a-Service,Energy carriers and technologies > Electricity,9e-08,4e-08,0.00149471,0.00101729,0.00080457,0.00075344,0.00082964,0.00174475,0.00164073,0.0017828,0.00181355,0.00084614,0.44152786,0.49981419,0.0,0.02036882,0.01121435,0.01120127,0.01124054,0.0,7.85e-05,0.43402002,19378.06422752,31.92237119,0.00436424,0.00071082,0.02357911,0.00450536,0.00112037,0.02013397,11.44485719,0.0,0.0,0.0,0.0,0.0,0.0,0.0,0.0,2.073e-05,0.00010646,0.00010646,3.543e-05,3.069e-05,3.392e-05,0.00037977,4.166e-05,9.88e-06,0.00015178,0.43491541
"Process steam from Heavy fuel oil 90 %, consumption mix, at power plant, heat plant, MJ, 90 % efficiency",Product-as-a-Service,Energy carriers and technologies > Heat and steam,0.0,0.0,0.00078718,0.00022203,6.719e-05,4.809e-05,9.037e-05,0.0001267,9.767e-05,0.00015683,0.0001685,9.664e-05,0.10453405,0.10722358,0.0,0.0195291,0.01837514,0.01837288,0.01837935,0.0,2.694e-05,0.10422148,963.51983297,5.41811093,0.00132041,0.00022903,0.00738753,0.00121283,0.00030833,0.00553495,1.98722694,0.0,0.0,0.0,0.0,0.0,0.0,0.0,0.0,2.9e-06,4.124e-05,4.124e-05,4.71e-06,3.95e-06,3.78e-06,9.454e-05,4.8e-06,1.52e-06,1.35e-05,0.10429302
"Electricity grid mix, consumption mix, at consumer, AC, 230V",Product-as-a-Service,Energy carriers and technologies > Electricity,1e-08,0.0,0.00541194,0.00225782,0.00080969,0.00073575,0.00085957,0.00172475,0.00158828,0.00180543,0.00186523,0.00088815,0.83441091,0.89725022,0.0,0.02932425,0.01605818,0.01603559,0.01609872,0.0,5.863e-05,0.82683234,9808.20880261,40.49053691,0.00618478,0.00103217,0.03383941,0.00644997,0.00157598,0.02900903,14.5259493,0.0,0.0,0.0,0.0,0.0,0.0,0.0,0.0,3.515e-05,0.00032317,0.00032317,5.381e-05,4.883e-05,5.429e-05,0.00056532,6.417e-05,1.558e-05,0.00023,0.82854459
"Process steam from Light fuel oil 90 %, consumption mix, at power plant, heat plant, MJ, 90 % efficiency",Product-as-a-Service,Energy carriers and technologies > Heat and steam,0.0,0.0,0.00019515,0.00020318,5.982e-05,5.499e-05,6.024e-05,0.00013629,0.00012363,0.00013714,0.00013885,6.154e-05,0.10873356,0.11143,0.0,0.00133205,0.00056791,0.00056758,0.00056883,0.0,3.281e-05,0.10842105,951.64495824,0.6296819,0.00023047,3.209e-05,0.00127612,0.00029452,6.347e-05,0.00129495,0.23372854,0.0,0.0,0.0,0.0,0.0,0.0,0.0,0.0,2.85e-06,1.271e-05,1.271e-05,4.71e-06,3.93e-06,3.78e-06,5.33e-06,9.8e-07,6.2e-07,2.28e-06,0.10849009
"Oxygen, production mix, at plant, via cryogenic air separation, gaseous",Product-as-a-Service,Materials production > Inorganic chemicals,0.0,0.0,0.0010258,0.00031738,0.00024423,0.00022274,0.00025984,0.00051447,0.00047326,0.00054247,0.00058616,0.00027844,0.1485241,0.16294633,0.0,0.0088936,0.00214578,0.00213994,0.00215577,0.0,0.0,0.14658836,5316.02546028,56.18801661,0.00217464,0.00037694,0.01166126,0.00227678,0.00059626,0.01013722,18.89339576,4e-08,2e-08,2e-08,2e-08,2e-08,2e-08,2e-08,2e-08,5.07e-06,5.52e-05,5.52e-05,9.04e-06,7.63e-06,8e-06,0.00010534,1.332e-05,3.31e-06,4.67e-05,0.14677838
"Electricity Mix, consumption mix, at consumer, AC, 230V",Product-as-a-Service,Energy carriers and technologies > Electricity,1e-08,0.0,0.00016301,0.00011275,0.00090722,0.00087397,0.00091346,0.00199995,0.00191205,0.00201479,0.00206093,0.00093545,0.08559512,0.08938151,0.0,0.00493421,0.00064085,0.00063573,0.00065559,0.0,0.0,0.08480079,1089.71790564,5.9668275,0.00351381,0.00055439,0.0185102,0.00378214,0.00096777,0.01665699,2.72404479,1.7e-07,8e-08,8e-08,8e-08,8e-08,8e-08,8e-08,8e-08,1.45e-06,9.83e-06,9.83e-06,2.93e-06,2.37e-06,2.59e-06,1.69e-05,1.9e-06,4.9e-07,6.83e-06,0.08523487
"Electricity grid mix, consumption mix, at consumer, AC, 230V",Product-as-a-Service,Energy carriers and technologies > Electricity,1e-08,1e-08,0.00191836,0.00113109,0.00104884,0.00097964,0.00108343,0.00228876,0.00214228,0.00234261,0.00237986,0.00110427,0.55006944,0.63283162,0.0,0.02786009,0.01226474,0.01224993,0.01229573,0.0,0.00018304,0.53957756,7537.03484059,121.33575822,0.0056181,0.00090911,0.03039865,0.00576369,0.00142206,0.02580071,41.09248598,0.0,0.0,0.0,0.0,0.0,0.0,0.0,0.0,3.545e-05,0.00014486,0.00014486,6.942e-05,5.738e-05,6.22e-05,0.00038511,4.31e-05,1.057e-05,0.00015477,0.54086092
"Hard coal mix, consumption mix, at consumer, technology mix",Product-as-a-Service,Energy carriers and technologies > Hard coal based fuels,0.0,0.0,0.00146631,0.00151287,0.00041736,0.00038532,0.00042901,0.00103344,0.00095402,0.00105741,0.00109731,0.0004479,0.3365575,0.72538689,0.0,0.0067463,0.00372705,0.0037197,0.0037505,0.0,0.00164975,0.28248363,1990.90775997,12.83082586,0.00293225,0.00045002,0.01588376,0.0036653,0.00089767,0.01596131,4.62352405,0.0,0.0,0.0,0.0,0.0,0.0,0.0,0.0,3.552e-05,0.00012767,0.00012767,7.926e-05,6.199e-05,6.524e-05,7.352e-05,8.12e-06,1.91e-06,2.954e-05,0.28296748
"Waste incineration of plastics (PE, PP, PS, PB), at plant, average European waste-to-energy plant, without collection, transport and pre-treatment",Transport & Packaging,End-of-life treatment > Energy recycling,2e-08,1e-08,0.31679834,0.51517471,0.03236404,0.02957772,0.03427555,0.07175036,0.06550236,0.07566072,0.08209827,0.03786815,3225.51662609,3229.59069672,-0.0,3.21075557,1.19233139,1.18762142,1.1935628,7e-08,-0.0,3225.34886988,669925.22233157,4099.06240314,0.46759694,0.17291453,1.91759002,0.74550736,0.42270687,2.00301375,1414.39712173,3.29e-06,1.32e-06,1.31e-06,1.31e-06,1.31e-06,1.3e-06,1.3e-06,1.32e-06,0.00734095,0.02272237,0.02272237,0.01652735,0.01302656,0.01719184,0.00952901,0.00120383,0.00036325,0.00401862,3226.10168341
"Process steam from Light fuel oil 90 %, consumption mix, at power plant, heat plant, MJ, 90 % efficiency",Product-as-a-Service,Energy carriers and technologies > Heat and steam,0.0,0.0,0.00018691,0.0001368,4.326e-05,3.958e-05,4.373e-05,9.75e-05,8.796e-05,9.845e-05,0.00010009,4.496e-05,0.10684855,0.10979198,0.0,0.00127616,0.00051381,0.00051353,0.00051462,0.0,3.141e-05,0.10664377,1018.52949153,0.41698423,0.00018615,2.656e-05,0.00102966,0.00023786,5.183e-05,0.00104468,0.15547356,0.0,0.0,0.0,0.0,0.0,0.0,0.0,0.0,5.19e-06,1.664e-05,1.664e-05,1.005e-05,8.12e-06,9.53e-06,5.59e-06,1.03e-06,6.4e-07,2.4e-06,0.1069949
"Process steam from natural gas, consumption mix, at plant, heat plant, MJ",Product-as-a-Service,Energy carriers and technologies > Heat and steam,0.0,0.0,4.37e-05,5.905e-05,4.42e-06,4.2e-06,4.68e-06,5.14e-06,4.6e-06,5.73e-06,6.06e-06,4.83e-06,0.06945015,0.07298163,0.0,0.00034869,0.00032004,0.00031998,0.00032022,0.0,0.0,0.06903192,99.56524295,0.06159934,0.00010499,1.956e-05,0.00054757,0.00012912,3.819e-05,0.00053311,0.03723807,0.0,0.0,0.0,0.0,0.0,0.0,0.0,0.0,2.25e-06,4.19e-06,4.19e-06,4.31e-06,3.5e-06,3.8e-06,5.4e-07,3.6e-07,3.4e-07,4.2e-07,0.06904404
"Process steam from light fuel oil, consumption mix, at plant, heat plant, MJ",Product-as-a-Service,Energy carriers and technologies > Heat and steam,0.0,0.0,0.00024361,0.00020014,4.795e-05,4.45e-05,5.016e-05,9.662e-05,8.774e-05,0.00010176,0.00011111,5.47e-05,0.0940977,0.09892868,0.0,0.00276766,0.00061792,0.00061713,0.0006205,0.0,0.0,0.09354139,1285.45288475,1.24478998,0.0021199,0.00044611,0.01065799,0.00268203,0.00094299,0.01030142,0.7643775,0.0,0.0,0.0,0.0,0.0,0.0,0.0,0.0,5.14e-06,1.701e-05,1.701e-05,9.44e-06,7.69e-06,8.16e-06,4.79e-06,1.17e-06,8.2e-07,2.32e-06,0.09359394
"Steel hot rolled coil (ILCD), production mix, at plant, blast furnace route, 1kg, typical thickness between 2 - 7 mm. typical width between 600 - 2100 mm",Raw Materials,Materials production > Metals and semimetals,6.83e-06,3.33e-06,0.00513524,0.00302699,0.00118003,0.00109293,0.00123649,0.00274617,0.00253201,0.00287756,0.00316669,0.00137345,2.05270623,2.33506803,0.0,0.09188226,0.02324038,0.02319454,0.02332427,0.0,0.0,2.03589019,658901.58558461,277.34782951,0.01447872,0.00274611,0.07693841,0.01899003,0.00532708,0.07913528,92.53886864,1e-08,0.0,0.0,0.0,0.0,0.0,0.0,0.0,0.00038577,0.00088364,0.00088364,0.00088928,0.00069714,0.0009474,0.00210327,0.00023136,4.9e-05,0.0008942,2.08136849
"Process steam from Light fuel oil 90 %, consumption mix, at power plant, heat plant, MJ, 90 % efficiency",Product-as-a-Service,Energy carriers and technologies > Heat and steam,0.0,0.0,0.00018169,0.00013658,4.474e-05,4.112e-05,4.513e-05,9.94e-05,8.996e-05,0.00010019,0.0001017,4.631e-05,0.1080002,0.11077648,0.0,0.0012714,0.00050892,0.00050865,0.00050971,0.0,3.093e-05,0.10782039,1130.5568141,0.50776497,0.00018304,2.613e-05,0.00101024,0.00023344,5.103e-05,0.00102375,0.18540617,0.0,0.0,0.0,0.0,0.0,0.0,0.0,0.0,5.37e-06,1.638e-05,1.638e-05,1.017e-05,8.25e-06,9.49e-06,5.11e-06,1.05e-06,7.1e-07,2.25e-06,0.10816806
"Electricity grid mix 1kV-60kV, consumption mix, at consumer, AC, 1kV - 60kV",Product-as-a-Service,Energy carriers and technologies > Electricity,1.4e-07,7e-08,0.00257356,4.6e-06,2.01e-06,1.69e-06,2.77e-06,4.61e-06,3.86e-06,6.45e-06,1.166e-05,4.84e-06,0.01733869,0.01750923,0.0,0.00011711,5.342e-05,5.324e-05,5.4e-05,0.0,1.186e-05,0.01731738,3184423.30614903,0.20336604,8.904e-05,1.67e-05,0.00046446,0.000104,2.819e-05,0.00046908,0.08087731,0.0,0.0,0.0,0.0,0.0,0.0,0.0,0.0,1e-07,4.1e-07,4.1e-07,2.1e-07,1.7e-07,2.1e-07,-7.4e-07,9e-08,2e-08,3.2e-07,0.01732581
"Process steam from heavy fuel oil, consumption mix, at plant, heat plant, MJ",Product-as-a-Service,Energy carriers and technologies > Heat and steam,0.0,0.0,0.00015539,6.729e-05,8.876e-05,7.93e-05,9.981e-05,0.00019292,0.00017089,0.00021679,0.00027065,0.00012628,0.10468486,0.11400939,0.0,0.01754189,0.00194547,0.00194443,0.00194779,0.0,0.0,0.10343934,1384.54110094,0.96406157,0.00150728,0.00026336,0.0080346,0.00178137,0.00046294,0.00793495,0.56741757,0.0,0.0,0.0,0.0,0.0,0.0,0.0,0.0,7.55e-06,1.64e-05,1.64e-05,1.564e-05,1.246e-05,1.447e-05,1.015e-05,1.75e-06,8.9e-07,4.31e-06,0.10347451
"Process steam from Heavy fuel oil 90 %, consumption mix, at power plant, heat plant, MJ, 90 % efficiency",Product-as-a-Service,Energy carriers and technologies > Heat and steam,0.0,0.0,0.0007784,0.00021797,6.536e-05,4.648e-05,8.841e-05,0.0001238,9.506e-05,0.00015375,0.00016535,9.465e-05,0.10549974,0.10841581,0.0,0.0193562,0.01828886,0.01828679,0.01829252,0.0,2.84e-05,0.10515809,972.36469732,5.10404274,0.000973,0.00017119,0.00553016,0.00075278,0.0001859,0.00360934,1.84266004,0.0,0.0,0.0,0.0,0.0,0.0,0.0,0.0,2.97e-06,4.094e-05,4.094e-05,4.95e-06,4.12e-06,3.99e-06,9.321e-05,4.66e-06,1.49e-06,1.303e-05,0.10522878
"Process steam from natural gas, consumption mix, at plant, heat plant, MJ",Product-as-a-Service,Energy carriers and technologies > Heat and steam,0.0,0.0,0.00011115,0.00012558,2.991e-05,2.647e-05,3.269e-05,6.488e-05,5.625e-05,7.125e-05,7.755e-05,3.537e-05,0.07345594,0.08343866,0.0,0.00076761,0.00060718,0.00060679,0.00060801,0.0,0.0,0.07210416,345.86122511,0.63984757,0.00018845,3.076e-05,0.0010507,0.00022614,5.514e-05,0.00102514,0.26356688,0.0,0.0,0.0,0.0,0.0,0.0,0.0,0.0,4.73e-06,1.027e-05,1.027e-05,9.33e-06,7.58e-06,7.27e-06,2.72e-06,8.9e-07,6.3e-07,1.61e-06,0.07214418
"Electricity grid mix 1kV-60kV, consumption mix, at consumer, AC, 1kV - 60kV",Product-as-a-Service,Energy carriers and technologies > Electricity,0.0,0.0,0.00888258,0.00368725,0.00063188,0.00057056,0.00067003,0.00132691,0.00119715,0.00137834,0.00141347,0.00069267,1.15474738,1.21212693,0.0,0.06480015,0.0537209,0.05370808,0.05376045,0.0,0.00017147,1.14739185,10253.60957678,9.47195068,0.02368911,0.00391449,0.12720204,0.03066726,0.00805491,0.12933559,5.99927932,0.0,0.0,0.0,0.0,0.0,0.0,0.0,0.0,4.858e-05,0.00048562,0.00048562,9.919e-05,7.926e-05,9.191e-05,0.00027961,1.598e-05,6.95e-06,4.472e-05,1.1481066
"Nylon 66 GF 30 compound (PA 66 GF 30), production mix, at plant",Raw Materials,Materials production > Plastics,0.0,0.0,0.02441159,0.0132929,0.05780299,0.05320974,0.05801639,0.14693421,0.13465244,0.14748307,0.14976741,0.05927769,7.1542288,8.76569347,0.0,0.47320719,0.08558579,0.08553175,0.08566833,0.0,0.0,6.95498683,67.73138839,402.8836022,0.2177662,0.02941227,1.18709058,0.27752745,0.06007386,1.23519565,158.0419668,8e-08,0.0,0.0,0.0,0.0,0.0,0.0,0.0,0.00023034,0.00194435,0.00194435,0.00050826,0.00039938,0.00045833,0.00039483,3.445e-05,7.22e-06,0.0001397,6.96702155
"Process steam from heavy fuel oil, consumption mix, at plant, heat plant, MJ",Product-as-a-Service,Energy carriers and technologies > Heat and steam,0.0,0.0,0.00079626,0.0002011,7.218e-05,6.311e-05,8.792e-05,0.00015574,0.00013478,0.00019198,0.00029132,0.00012785,0.0990886,0.10495476,0.0,0.00570733,0.00360268,0.00360163,0.00360555,0.0,0.0,0.09837956,936.52449694,1.44682682,0.0031508,0.00063603,0.01608197,0.00385713,0.00123664,0.01590927,0.97741379,0.0,0.0,0.0,0.0,0.0,0.0,0.0,0.0,5.45e-06,4.477e-05,4.477e-05,1.132e-05,9.01e-06,1.063e-05,1.562e-05,1.87e-06,7.6e-07,5.66e-06,0.09848151
"Electricity Mix, consumption mix, at consumer, AC, 230V",Product-as-a-Service,Energy carriers and technologies > Electricity,0.0,0.0,0.01874751,0.00346511,0.00072116,0.00052128,0.00097541,0.00132553,0.001002,0.00181055,0.00256372,0.00127876,1.10486792,1.30241279,0.0,0.07765231,0.03045884,0.0303951,0.03055992,0.0,0.0,1.07776014,1588.82193154,348.14880818,0.02204989,0.00394696,0.12000443,0.02334389,0.00586084,0.10699513,118.31217055,5e-08,2e-08,2e-08,2e-08,2e-08,2e-08,2e-08,2e-08,3.978e-05,0.00093343,0.00093343,6.947e-05,5.882e-05,5.887e-05,0.00221956,0.00026579,6.049e-05,0.00097464,1.07867368
"Process steam from natural gas 90 %, consumption mix, at power plant, heat plant, MJ, 90 % efficiency",Product-as-a-Service,Energy carriers and technologies > Heat and steam,0.0,0.0,4.07e-05,5.821e-05,3.05e-06,2.96e-06,3.1e-06,3.56e-06,3.32e-06,3.66e-06,3.85e-06,3.21e-06,0.07107171,0.07312323,0.0,0.00028053,0.00025,0.00024994,0.00025017,0.0,2.92e-05,0.07080321,302.1238342,0.0373725,8.126e-05,1.355e-05,0.00043699,0.00011027,2.901e-05,0.00045983,0.01954495,0.0,0.0,0.0,0.0,0.0,0.0,0.0,0.0,1.49e-06,3.48e-06,3.48e-06,2.79e-06,2.29e-06,2.27e-06,9.9e-07,3e-07,2.4e-07,5.2e-07,0.07083014
"Process steam from natural gas 90%, consumption mix, at power plant, heat plant, MJ, 90 % efficiency",Product-as-a-Service,Energy carriers and technologies > Heat and steam,0.0,0.0,8.644e-05,0.00010828,3.375e-05,3.105e-05,3.392e-05,7.399e-05,6.687e-05,7.436e-05,7.526e-05,3.451e-05,0.07762202,0.0809886,0.0,0.00073846,0.00062048,0.00062032,0.00062102,0.0,2.532e-05,0.07719252,250.72955836,0.28609215,0.00012168,1.698e-05,0.0006727,0.00015894,3.438e-05,0.00069361,0.10558912,0.0,0.0,0.0,0.0,0.0,0.0,0.0,0.0,2.97e-06,7.3e-06,7.3e-06,5e-06,4.21e-06,3.81e-06,1.92e-06,7.4e-07,6.4e-07,1.09e-06,0.07726219
"Process steam from heavy fuel oil, consumption mix, at plant, heat plant, MJ",Product-as-a-Service,Energy carriers and technologies > Heat and steam,0.0,0.0,0.00078248,0.00027556,9.398e-05,6.544e-05,0.00015566,0.00018947,0.00013453,0.00032049,0.00064176,0.00028326,0.10076872,0.10812479,0.0,0.0132539,0.01107483,0.01107262,0.01107867,0.0,0.0,0.09979792,1821.08157487,6.12104092,0.00530317,0.00099124,0.0279443,0.00576563,0.00153334,0.02669124,2.90762011,0.0,0.0,0.0,0.0,0.0,0.0,0.0,0.0,6.64e-06,4.415e-05,4.415e-05,1.245e-05,1.01e-05,1.086e-05,4.654e-05,6.15e-06,2.07e-06,1.817e-05,0.09986799
"Process steam from natural gas 90 %, consumption mix, at power plant, heat plant, MJ, 90 % efficiency",Product-as-a-Service,Energy carriers and technologies > Heat and steam,0.0,0.0,8.049e-05,9.963e-05,1.447e-05,1.362e-05,1.456e-05,2.788e-05,2.565e-05,2.807e-05,2.847e-05,1.496e-05,0.08168478,0.09213465,0.0,0.00057876,0.0004416,0.00044151,0.00044187,0.0,1.106e-05,0.08034291,1475.0383152,0.05968965,8.8e-05,1.391e-05,0.00047658,0.00011542,2.841e-05,0.00049157,0.02887683,0.0,0.0,0.0,0.0,0.0,0.0,0.0,0.0,5.7e-06,1.169e-05,1.169e-05,1.227e-05,9.76e-06,1.058e-05,1.05e-06,4.7e-07,4.2e-07,6.4e-07,0.08039808
"Electricity Mix, consumption mix, at consumer, AC, 1kV - 60kV",Product-as-a-Service,Energy carriers and technologies > Electricity,0.0,0.0,0.00449922,0.00172414,0.00083969,0.0007547,0.000901,0.00174446,0.00159075,0.00184714,0.00198969,0.00096279,0.63797065,0.70212477,0.0,0.03298934,0.00844142,0.00841695,0.00848109,0.0,0.0,0.6295211,5775.45308432,182.80949604,0.00802269,0.00138408,0.04325765,0.0083288,0.00216797,0.03708079,61.62403509,1.1e-07,5e-08,5e-08,5e-08,5e-08,5e-08,5e-08,5e-08,3.163e-05,0.00026039,0.00026039,6.14e-05,5.044e-05,5.819e-05,0.00031541,4.243e-05,1.127e-05,0.00014182,0.63065619
"Electricity grid mix 1kV-60kV, consumption mix, at consumer, AC, 1kV - 60kV",Product-as-a-Service,Energy carriers and technologies > Electricity,2e-08,1e-08,0.01631357,0.00152324,0.00102401,0.00084235,0.00124754,0.00211122,0.00180034,0.00249835,0.00267094,0.00132889,0.66571134,0.71119977,0.0,0.0938289,0.07557126,0.07552272,0.0756613,0.0,0.00029773,0.66018587,345.674797,44.78549064,0.01292348,0.00225413,0.07192618,0.01216912,0.0030527,0.05709321,18.19244478,0.0,0.0,0.0,0.0,0.0,0.0,0.0,0.0,1.839e-05,0.00081111,0.00081111,3.385e-05,2.854e-05,3.366e-05,0.00083367,7.799e-05,1.814e-05,0.00026298,0.66135014
"Electricity grid mix 1kV-60kV, consumption mix, at consumer, AC, 1kV - 60kV",Product-as-a-Service,Energy carriers and technologies > Electricity,-0.0,-0.0,0.00179738,0.00130092,0.00013042,9.051e-05,0.00016184,0.00022544,0.0001698,0.00027023,0.00029215,0.00017223,0.57557358,0.61395641,0.0,0.01967272,0.01139685,0.01138035,0.01142189,0.0,0.0038913,0.5709625,69866.28538543,22.25811982,0.00417659,0.00071426,0.02286394,0.00463885,0.00120962,0.02013809,7.96545876,0.0,0.0,0.0,0.0,0.0,0.0,0.0,0.0,1.399e-05,0.0001005,0.0001005,2.613e-05,2.166e-05,2.355e-05,0.00013183,1.595e-05,4.77e-06,4.697e-05,0.5713838
"Propene (Propylene), production mix, at plant, from steam cracking, gaseous",Product-as-a-Service,Materials production > Organic chemicals,0.0,0.0,0.00392146,0.00249053,0.00556256,0.00516816,0.0056936,0.01313372,0.01210354,0.01343324,0.0139028,0.00592777,1.35042566,1.74062552,0.0,0.09133632,0.01999065,0.01995316,0.0200906,0.0,0.0,1.29685816,21825.21545463,74.17133078,0.07590714,0.01480537,0.38844338,0.09537573,0.03093841,0.38001881,37.18901575,4e-08,1e-08,1e-08,1e-08,1e-08,1e-08,1e-08,1e-08,0.00018731,0.00052624,0.00052624,0.00042234,0.00033311,0.00037833,0.00022661,3.332e-05,1.293e-05,9.937e-05,1.29817432
"Electricity grid mix 1kV-60kV, consumption mix, at consumer, AC, 1kV - 60kV",Product-as-a-Service,Energy carriers and technologies > Electricity,1.6e-07,8e-08,0.00086094,0.00053379,0.00024447,0.00022364,0.00025579,0.00052498,0.00048293,0.00054366,0.00056305,0.00026514,0.34258298,0.38769281,0.0,0.01085938,0.00421107,0.0042051,0.00422289,0.0,0.00011485,0.33676297,48817.57621235,56.69250949,0.00178405,0.00029724,0.00968997,0.00192265,0.00047916,0.00850868,18.96108483,0.0,0.0,0.0,0.0,0.0,0.0,0.0,0.0,1.589e-05,6.174e-05,6.174e-05,3.088e-05,2.545e-05,2.719e-05,0.00017026,1.974e-05,5.04e-06,7.086e-05,0.33721055
"Sulphur, consumption mix, at refinery, from crude oil, elemental sulphur",Product-as-a-Service,Materials production > Organic chemicals,0.0,0.0,0.00297212,0.00111502,0.00157115,0.00144173,0.0016869,0.00335541,0.00303491,0.00362507,0.00424005,0.00198756,0.56233909,0.68370175,0.0,0.17497701,0.02660568,0.02657898,0.02668066,0.0,0.0,0.54613684,9788.23437521,46.7057626,0.05786182,0.01186678,0.29329129,0.07203133,0.02436057,0.2837984,24.91148664,3e-08,1e-08,1e-08,1e-08,1e-08,1e-08,1e-08,1e-08,7.508e-05,0.00031883,0.00031883,0.00017806,0.00013896,0.0001783,0.00031789,3.52e-05,7.86e-06,0.00012962,0.54713457
"Bulk carrier ocean, technology mix, 100.000-200.000 dwt",Raw Materials,Transport services > Water,0.0,0.0,8.356e-05,6.99e-05,9.6e-07,8.8e-07,1.01e-06,2.14e-06,1.94e-06,2.26e-06,2.48e-06,1.15e-06,0.00243871,0.00254987,0.0,0.00014376,8.254e-05,8.252e-05,8.26e-05,0.0,0.0,0.00243138,7.38370677,0.02876222,4.934e-05,1.036e-05,0.00024815,6.241e-05,2.193e-05,0.00023983,0.01772711,0.0,0.0,0.0,0.0,0.0,0.0,0.0,0.0,1.7e-07,4.22e-06,4.22e-06,3.9e-07,3.1e-07,4.1e-07,1e-07,1e-08,0.0,4e-08,0.00244427
"Electricity Mix, consumption mix, at consumer, AC, 1kV - 60kV",Product-as-a-Service,Energy carriers and technologies > Electricity,0.0,0.0,0.03245065,0.00394059,0.00069043,0.00051465,0.0008423,0.00116335,0.00088312,0.0014176,0.00164155,0.00093727,1.40037932,1.47888739,0.0,0.1320842,0.01701615,0.01695496,0.01710879,0.0,0.0,1.39029215,1197.4865816,1342.10311027,0.01376787,0.00241634,0.07640533,0.01334684,0.00325317,0.06053179,443.87275374,1e-08,1e-08,1e-08,1e-08,1e-08,1e-08,1e-08,1e-08,3.401e-05,0.00159163,0.00159163,4.854e-05,4.505e-05,4.438e-05,0.00228277,0.00027335,6.17e-05,0.00100735,1.39107979
"Electricity grid mix, consumption mix, at consumer, AC, 230V",Product-as-a-Service,Energy carriers and technologies > Electricity,6e-08,3e-08,0.00915082,0.00185367,0.00063434,0.00051458,0.00072781,0.00123234,0.00105104,0.00137567,0.00145565,0.00076416,0.65486164,0.69200518,0.0,0.05158301,0.01600515,0.01596051,0.01607261,0.0,7.509e-05,0.65055846,442.71826505,262.84098379,0.00836746,0.00142327,0.04668578,0.00815637,0.00195985,0.03708656,87.973772,2e-08,0.0,0.0,0.0,0.0,0.0,0.0,0.0,1.893e-05,0.00045096,0.00045096,3.802e-05,3.101e-05,3.684e-05,0.00171942,0.00019966,4.398e-05,0.00074048,0.65185778
"Electricity Mix, consumption mix, at consumer, AC, 115-220V",Product-as-a-Service,Energy carriers and technologies > Electricity,0.0,0.0,0.00477487,0.00182977,0.00089114,0.00080093,0.0009562,0.00185133,0.00168821,0.00196031,0.00211159,0.00102178,0.67705705,0.74514168,0.0,0.03501049,0.0089586,0.00893263,0.0090007,0.0,0.0,0.66808981,6129.29638895,194.00964177,0.00851422,0.00146888,0.0459079,0.00883908,0.0023008,0.03935261,65.39954013,1.2e-07,6e-08,6e-08,6e-08,6e-08,6e-08,6e-08,6e-08,3.357e-05,0.00027634,0.00027634,6.516e-05,5.353e-05,6.175e-05,0.00033473,4.503e-05,1.196e-05,0.0001505,0.66929445
"Electricity Mix, consumption mix, at consumer, AC, 230V",Product-as-a-Service,Energy carriers and technologies > Electricity,0.0,0.0,0.00570124,0.00265961,0.00051512,0.00038792,0.00063849,0.0008554,0.00066454,0.00106655,0.0014029,0.00077633,0.81365293,0.91140811,0.0,0.09109278,0.0177151,0.01767058,0.01777934,0.0,0.0,0.80099069,34644.66257998,791.00907707,0.01376067,0.0025146,0.07381195,0.01395764,0.00382397,0.06178008,262.6154972,1e-08,0.0,0.0,0.0,0.0,0.0,0.0,0.0,4.824e-05,0.00033266,0.00033266,9.842e-05,7.955e-05,9.395e-05,0.00047204,6.567e-05,1.739e-05,0.00021311,0.80235595
"Process steam from heavy fuel oil, consumption mix, at plant, heat plant, MJ",Product-as-a-Service,Energy carriers and technologies > Heat and steam,0.0,0.0,0.0002341,9.532e-05,3.773e-05,3.196e-05,4.723e-05,7.866e-05,6.647e-05,9.892e-05,0.00014647,6.652e-05,0.09658854,0.09991083,0.0,0.00304389,0.00200445,0.00200344,0.00200745,0.0,0.0,0.09618186,876.67286339,1.45948375,0.00282961,0.00063319,0.0140203,0.00359278,0.0013399,0.01362259,0.93278606,0.0,0.0,0.0,0.0,0.0,0.0,0.0,0.0,3.45e-06,1.579e-05,1.579e-05,6.3e-06,5.14e-06,5.47e-06,1.13e-05,1.68e-06,7.5e-07,4.61e-06,0.09621189
"Polyethylene low linear density granulate (PE-LLD), production mix, at plant",Raw Materials,Materials production > Plastics,0.0,0.0,0.00562454,0.00354434,0.00036477,0.00034196,0.00036501,0.00054264,0.00048221,0.00054324,0.00054594,0.00043034,1.91624413,2.66759481,0.0,0.0413319,0.00499788,0.00499771,0.00499849,0.0,0.0,1.81329694,34.17081583,53.7036577,0.00072058,8.539e-05,0.00415616,0.00094251,0.0001691,0.00415122,17.70954169,6e-08,0.0,0.0,0.0,0.0,0.0,0.0,0.0,0.00010068,0.00081703,0.00081703,0.00022262,0.00017441,0.00019587,4.809e-05,4.55e-06,9.6e-07,1.767e-05,1.81806164
"Process steam from light fuel oil, consumption mix, at plant, heat plant, MJ",Product-as-a-Service,Energy carriers and technologies > Heat and steam,0.0,0.0,0.0003117,0.00027788,4.871e-05,4.53e-05,5.092e-05,9.612e-05,8.734e-05,0.00010126,0.00011061,5.547e-05,0.09350306,0.09834333,0.0,0.00286808,0.00071716,0.00071637,0.00071973,0.0,0.0,0.09288363,1473.87965722,1.24374262,0.00211997,0.00044644,0.01065653,0.0026821,0.00094345,0.01029976,0.7640081,0.0,0.0,0.0,0.0,0.0,0.0,0.0,0.0,5.64e-06,2.034e-05,2.034e-05,1.007e-05,8.25e-06,8.55e-06,4.92e-06,1.31e-06,9.6e-07,2.45e-06,0.09295032
"Process steam from Light fuel oil 90 %, consumption mix, at power plant, heat plant, MJ, 90 % efficiency",Product-as-a-Service,Energy carriers and technologies > Heat and steam,0.0,0.0,0.00024091,0.00025829,6.623e-05,6.226e-05,6.648e-05,0.0001439,0.00013331,0.00014438,0.00014547,6.758e-05,0.10230053,0.10909929,0.0,0.00143903,0.00056996,0.00056921,0.00057245,0.0,1.187e-05,0.10155468,856.79591407,0.48801978,0.00158447,0.00025831,0.00848711,0.00209681,0.0005475,0.00881933,0.35695601,0.0,0.0,0.0,0.0,0.0,0.0,0.0,0.0,5.29e-06,1.862e-05,1.862e-05,1.15e-05,9.09e-06,1.104e-05,3.48e-06,6e-07,3.7e-07,1.44e-06,0.10163153
"Gasoline mix (regular) at refinery, production mix, at refinery, from crude oil and bio components, fuel supply, 10 ppm sulphur, 5.75 wt.% bio components",Product-as-a-Service,Energy carriers and technologies > Crude oil based fuels,0.0,0.0,0.00419316,0.00194859,0.00217906,0.00203118,0.00220216,0.0048912,0.00450581,0.00493773,0.00501404,0.00226048,0.81757102,1.0271512,0.0,0.05609521,0.02649688,0.02644299,0.02668023,0.0,0.01494852,0.79041391,19128.20680907,25.24638237,0.07865115,0.01288507,0.42117044,0.10420299,0.02730067,0.43798077,17.62224498,2e-08,0.0,0.0,0.0,0.0,0.0,0.0,0.0,0.00012528,0.00047004,0.00047004,0.00029812,0.00023258,0.00029666,0.00033687,3.193e-05,7.07e-06,0.00012048,0.79204445
"Process steam from heavy fuel oil, consumption mix, at plant, heat plant, MJ",Product-as-a-Service,Energy carriers and technologies > Heat and steam,0.0,0.0,0.00016097,9.325e-05,0.0001366,0.00012542,0.0001461,0.00029699,0.00026993,0.00031727,0.00036763,0.00017138,0.1083884,0.12122083,0.0,0.01761911,0.00195835,0.00195724,0.00196105,0.0,0.0,0.10666501,1033.24806979,0.97394813,0.00194588,0.00033161,0.01037722,0.00236291,0.00061107,0.01037134,0.62686,0.0,0.0,0.0,0.0,0.0,0.0,0.0,0.0,9.38e-06,2.002e-05,2.002e-05,2.139e-05,1.676e-05,2.091e-05,9.18e-06,1.29e-06,5.4e-07,3.6e-06,0.10672636
"Process steam from natural gas 90 %, consumption mix, at power plant, heat plant, MJ, 90 % efficiency",Product-as-a-Service,Energy carriers and technologies > Heat and steam,0.0,0.0,8.644e-05,8.335e-05,1.686e-05,1.553e-05,1.698e-05,3.614e-05,3.263e-05,3.64e-05,3.697e-05,1.735e-05,0.0820382,0.09508015,0.0,0.00045893,0.00037903,0.00037892,0.00037941,0.0,1.759e-05,0.08025337,509.57476195,0.12167154,0.00012498,1.908e-05,0.0006791,0.00016663,4.025e-05,0.00070962,0.05014243,0.0,0.0,0.0,0.0,0.0,0.0,0.0,0.0,4.86e-06,1.022e-05,1.022e-05,1.032e-05,8.25e-06,8.16e-06,1.97e-06,5.2e-07,3.9e-07,9.9e-07,0.08027912
"Electricity grid mix, consumption mix, at consumer, AC, 230V",Product-as-a-Service,Energy carriers and technologies > Electricity,2e-08,1e-08,0.0181261,0.00170031,0.00113827,0.00093629,0.0013864,0.00234622,0.00200074,0.00277579,0.00296743,0.00147671,0.74187902,0.79251782,0.0,0.10424984,0.08376827,0.08371421,0.08386845,0.0,0.00033014,0.7357294,386.72535386,51.60418752,0.01436799,0.0025058,0.07996649,0.01353143,0.00339379,0.06347561,20.81664623,0.0,0.0,0.0,0.0,0.0,0.0,0.0,0.0,2.051e-05,0.0009012,0.0009012,3.776e-05,3.183e-05,3.754e-05,0.00093584,8.785e-05,2.041e-05,0.00029671,0.73702798
"Electricity Mix, consumption mix, at consumer, AC, 1kV - 60kV",Product-as-a-Service,Energy carriers and technologies > Electricity,1e-08,0.0,0.00050427,0.00032403,0.00011559,9.887e-05,0.0001321,0.00025774,0.00022202,0.00029306,0.00035984,0.00016023,0.32788745,0.36907585,0.0,0.00767476,0.00166727,0.00166309,0.00167481,0.0,0.0,0.32237837,1040.05436814,18.32969208,0.0011915,0.00020912,0.00652582,0.00134705,0.00035211,0.00601236,6.27088083,0.0,0.0,0.0,0.0,0.0,0.0,0.0,0.0,1.207e-05,4.028e-05,4.028e-05,2.452e-05,1.989e-05,2.046e-05,7.114e-05,9.12e-06,2.56e-06,3.128e-05,0.32251349
"Process steam from heavy fuel oil, consumption mix, at plant, heat plant, MJ",Product-as-a-Service,Energy carriers and technologies > Heat and steam,0.0,0.0,0.00109674,0.00047847,6.797e-05,5.851e-05,8.631e-05,0.00014587,0.00012421,0.00018869,0.00030928,0.00013442,0.10411144,0.11521925,0.0,0.00607904,0.00462163,0.00462051,0.00462461,0.0,0.0,0.10263896,1167.31603915,2.47538814,0.00337923,0.00062575,0.01764296,0.00406844,0.00114448,0.01765383,1.32847437,0.0,0.0,0.0,0.0,0.0,0.0,0.0,0.0,8.82e-06,6.319e-05,6.319e-05,1.948e-05,1.534e-05,1.882e-05,2.097e-05,2.38e-06,8.7e-07,7.66e-06,0.10275013
"Sodium hydroxide, production mix for PVC production, at plant, 100% NaOH",Raw Materials,Materials production > Inorganic chemicals,0.0,0.0,0.00698147,0.00361119,0.00546828,0.00501652,0.0054874,0.01390927,0.01270183,0.01395925,0.01407294,0.00556579,1.47862433,2.10388109,0.0,0.01961671,0.0048591,0.00484434,0.00489363,0.0,0.0,1.39187861,6.35111077,93.4793857,0.02302469,0.00308988,0.12812165,0.03063253,0.00644872,0.13504992,32.85525699,1e-08,0.0,0.0,0.0,0.0,0.0,0.0,0.0,6.126e-05,0.00050567,0.00050567,0.00013875,0.00010812,0.00011809,0.0049097,0.00054506,0.00011498,0.00211701,1.3936928
"Oriented Strand Board, production mix, at plant, OSB III, 4,8% water content",Raw Materials,Systems > Construction,2e-08,1e-08,0.87413653,0.98083556,0.25025834,0.22854445,0.27082473,0.54687661,0.49217499,0.59606642,0.69852006,0.31927744,466.86818903,502.16923582,0.0,22.81112236,5.0920362,5.08786922,5.10239067,1.6e-07,0.0,463.96313636,1842568.14568332,5401.75435652,4.06565398,0.80736751,20.91810937,5.04690323,1.588645,20.77425645,2447.84892958,1.616e-05,9.42e-06,9.47e-06,9.46e-06,9.51e-06,9.57e-06,9.62e-06,9.37e-06,0.02214034,0.08027575,0.08027575,0.04257305,0.03508827,0.03880047,0.05307182,0.00752876,0.00308851,0.02308352,464.64994924
"Electricity Mix, consumption mix, at consumer, AC, 1kV - 60kV",Product-as-a-Service,Energy carriers and technologies > Electricity,1e-08,0.0,2.046e-05,2.39e-05,4.89e-06,3.06e-06,1.131e-05,1.16e-05,7.07e-06,2.786e-05,7.86e-05,3.131e-05,0.02935255,0.03004714,0.0,0.0004288,0.00017556,0.0001744,0.00017856,0.0,0.0,0.02927019,68.03847078,0.31915428,7.832e-05,2.261e-05,0.00042322,0.00011485,5.147e-05,0.00043906,0.12573441,0.0,0.0,0.0,0.0,0.0,0.0,0.0,0.0,2.7e-07,1.42e-06,1.42e-06,5.6e-07,4.5e-07,5.5e-07,8.05e-06,7.1e-07,1.6e-07,2.82e-06,0.02928792
"Electricity grid mix 1kV-60kV, consumption mix, at consumer, AC, 1kV - 60kV",Product-as-a-Service,Energy carriers and technologies > Electricity,1.2e-07,6e-08,0.0018278,0.00086068,0.00054627,0.00050613,0.00057302,0.00116778,0.00108242,0.00121452,0.00125424,0.00059222,0.43468263,0.48327322,0.0,0.01976385,0.01198368,0.01197499,0.01200352,0.0,0.00017948,0.42831432,17248.57375212,55.1343196,0.00356513,0.00058877,0.01935781,0.00379577,0.00092791,0.01706082,18.84318467,0.0,0.0,0.0,0.0,0.0,0.0,0.0,0.0,1.919e-05,0.00010942,0.00010942,3.234e-05,2.749e-05,2.581e-05,0.00021267,2.441e-05,7.64e-06,8.17e-05,0.42874703
"Electricity Mix, consumption mix, at consumer, AC, 230V",Product-as-a-Service,Energy carriers and technologies > Electricity,1e-08,0.0,0.00052355,0.00033642,0.00012001,0.00010265,0.00013715,0.0002676,0.00023051,0.00030427,0.0003736,0.00016636,0.34042392,0.38318711,0.0,0.00796819,0.00173102,0.00172668,0.00173884,0.0,0.0,0.3347042,1079.81986045,19.03051047,0.00123705,0.00021711,0.00677533,0.00139855,0.00036557,0.00624223,6.51064201,0.0,0.0,0.0,0.0,0.0,0.0,0.0,0.0,1.253e-05,4.182e-05,4.182e-05,2.545e-05,2.065e-05,2.124e-05,7.386e-05,9.47e-06,2.65e-06,3.248e-05,0.33484449
"Process steam from heavy fuel oil, consumption mix, at plant, heat plant, MJ",Product-as-a-Service,Energy carriers and technologies > Heat and steam,0.0,0.0,0.00041078,0.0002897,6.91e-05,5.943e-05,8.201e-05,0.0001528,0.00013084,0.00018101,0.00024071,0.00010651,0.10112131,0.1080963,0.0,0.00417653,0.00212209,0.00212112,0.00212403,0.0,0.0,0.10020395,1270.00759466,2.40717544,0.00108717,0.00019551,0.00580674,0.00121442,0.00031536,0.00557757,1.00258006,0.0,0.0,0.0,0.0,0.0,0.0,0.0,0.0,5.33e-06,2.539e-05,2.539e-05,1.087e-05,8.68e-06,1.001e-05,1.259e-05,1.92e-06,8e-07,5.37e-06,0.10026186
"Steel hot rolled section, production mix, at plant, blast furnace and electric arc furnace route,",Raw Materials,Materials production > Metals and semimetals,0.0,0.0,0.00332563,0.00202423,0.00025196,0.00021661,0.000325,0.00065156,0.0005578,0.00083905,0.00132659,0.000519,1.13438049,1.17282896,0.0,0.0241033,0.02080555,0.02074103,0.02089429,0.0,0.0,1.14373643,75711.952,1.25628562,0.02449699,0.00492333,0.13055923,0.03498477,0.00985745,0.14266315,1.27197069,0.0,0.0,0.0,0.0,0.0,0.0,0.0,0.0,0.00021506,0.00052757,0.00052757,0.00049715,0.00038962,0.0005355,0.0033058,0.00035975,7.589e-05,0.00140124,1.17025944
"Nylon 6 granulate (PA 6), production mix, at plant",Raw Materials,Materials production > Plastics,0.0,0.0,0.03008936,0.02308047,0.01846592,0.01691804,0.01892556,0.04643283,0.0423061,0.04761499,0.0515684,0.02090663,9.17171428,11.67058802,0.0,0.95866971,0.17035822,0.17034111,0.17038533,0.0,0.0,9.09681073,498.89979461,247.12838745,0.11481488,0.01801296,0.61337568,0.14072588,0.03318947,0.63406983,96.5823704,1.6e-07,0.0,0.0,0.0,0.0,0.0,0.0,0.0,0.00036453,0.00291173,0.00291173,0.00080324,0.00063189,0.00072932,0.00074649,6.254e-05,1.305e-05,0.0002558,9.11629181
"Process steam from natural gas 90%, consumption mix, at power plant, heat plant, MJ, 90 % efficiency",Product-as-a-Service,Energy carriers and technologies > Heat and steam,0.0,0.0,9.361e-05,0.00012122,3.687e-05,3.429e-05,3.705e-05,7.224e-05,6.542e-05,7.263e-05,7.352e-05,3.762e-05,0.07678816,0.08009957,0.0,0.00117531,0.00107055,0.00107039,0.00107105,0.0,2.442e-05,0.07636522,264.11984487,0.19919469,0.0001166,1.714e-05,0.0006411,0.00015302,3.372e-05,0.00066452,0.07583531,0.0,0.0,0.0,0.0,0.0,0.0,0.0,0.0,4.56e-06,8.56e-06,8.56e-06,6.92e-06,5.99e-06,4.79e-06,3.16e-06,1.39e-06,1.23e-06,1.96e-06,0.07643275
"Electricity Mix, consumption mix, at consumer, AC, 220V",Product-as-a-Service,Energy carriers and technologies > Electricity,0.0,0.0,0.00356547,0.000915,0.0013795,0.00129926,0.00142078,0.00295313,0.00278129,0.00302676,0.00314674,0.00147446,0.36838456,0.44629145,0.0,0.03598298,0.00568289,0.00566523,0.00571714,1e-08,0.0,0.3572617,1511.19098311,302.41310071,0.00782384,0.00129623,0.04177386,0.0079352,0.002015,0.03555467,101.08698702,2.4e-07,1.1e-07,1.1e-07,1.1e-07,1.1e-07,1.1e-07,1.1e-07,1.1e-07,1.908e-05,0.00019616,0.00019616,3.508e-05,2.944e-05,2.99e-05,0.00033297,4.138e-05,1.001e-05,0.00014746,0.35813225
"Process steam from Heavy fuel oil 90 %, consumption mix, at power plant, heat plant, MJ, 90 % efficiency",Product-as-a-Service,Energy carriers and technologies > Heat and steam,0.0,0.0,0.00047323,0.00023023,5.497e-05,4.998e-05,5.828e-05,0.00010464,9.427e-05,0.00010911,0.00011215,6.022e-05,0.10478529,0.10948176,0.0,0.00560482,0.00466005,0.00465902,0.0046632,0.0,1.405e-05,0.10418896,1988.9245518,0.82006339,0.0018293,0.0003037,0.00982045,0.00235911,0.00062028,0.00995238,0.48997053,0.0,0.0,0.0,0.0,0.0,0.0,0.0,0.0,6.44e-06,2.935e-05,2.935e-05,1.058e-05,8.82e-06,8.42e-06,2.518e-05,2.23e-06,1.45e-06,4.73e-06,0.10425373
"Hard Coal, consumption mix, at power plant, from underground and open pit mining",Product-as-a-Service,Energy carriers and technologies > Hard coal based fuels,0.0,0.0,0.00144417,0.00123534,0.00045655,0.0004158,0.00046714,0.00112126,0.00102383,0.00113868,0.00115864,0.00047843,0.3490753,0.77346238,0.0,0.0108754,0.00218322,0.00217838,0.00219118,0.0,0.0,0.28999497,676.55945038,82.65095965,0.00341115,0.00056817,0.01836429,0.00414556,0.00109922,0.0176131,27.68835021,0.0,0.0,0.0,0.0,0.0,0.0,0.0,0.0,3.814e-05,0.00013147,0.00013147,8.496e-05,6.647e-05,6.983e-05,6.869e-05,8.8e-06,2.09e-06,3.067e-05,0.29051887
"Lignite, consumption mix, at power plant, from open pit mining",Product-as-a-Service,Energy carriers and technologies > Lignite based fuels,0.0,0.0,0.00023991,6.416e-05,2.599e-05,2.259e-05,2.834e-05,5.534e-05,4.86e-05,5.957e-05,6.541e-05,3.085e-05,0.04044882,0.08044338,0.0,0.0016151,0.0003114,0.00031057,0.00031276,0.0,0.0,0.03486104,42.37890562,13.31213889,0.00029979,5.204e-05,0.00163553,0.00032381,8.257e-05,0.00143489,4.43006081,0.0,0.0,0.0,0.0,0.0,0.0,0.0,0.0,3.49e-06,1.679e-05,1.679e-05,7.58e-06,5.97e-06,6.07e-06,2.403e-05,2.9e-06,6.6e-07,1.059e-05,0.03488924
"Special high grade zinc, production mix, at plant, primary production",Raw Materials,Materials production > Metals and semimetals,1.389e-05,6.76e-06,21.51694727,20.81932265,44.54726718,36.36167145,57.56557302,110.55447027,89.99640164,142.27375057,200.20580729,80.92473467,3199.69615343,3410.11012808,0.0,2410.13072371,2077.71342306,2076.03465658,2083.38816186,8.27e-06,0.0,3174.33716834,121149167.6906408,1873558.37676677,2515.26951437,425.73847914,13634.4945243,3155.08774067,726.92994722,14096.38974842,732996.10917501,0.00032428,0.00015227,0.00015158,0.00015123,0.00015089,0.00015055,0.00014986,0.00015295,0.0979554,1.10526399,1.10526399,0.17994607,0.15137601,0.17267045,11.85889512,1.1314652,0.24885457,4.19811509,3178.97275567
"Lead, consumption mix, at plant, primary",Raw Materials,Materials production > Metals and semimetals,0.0,0.0,0.03477616,0.00344904,0.00735556,0.0063732,0.00792257,0.01833006,0.01574435,0.01972512,0.02257382,0.00907516,1.79798662,1.96177919,0.0,0.35084353,0.28515196,0.28477748,0.28651579,0.0,0.0,1.83190974,7828.88841896,321.50125816,0.15596483,0.02542055,0.87033931,0.20848746,0.04574084,0.92157006,113.4081436,1.2e-07,6e-08,6e-08,6e-08,6e-08,6e-08,6e-08,6e-08,0.00092928,0.00322235,0.00322235,0.00213591,0.00167653,0.00229239,0.00300458,0.00024942,5.482e-05,0.00096447,1.94406453
"Electricity Mix, consumption mix, at consumer, AC, 220V",Product-as-a-Service,Energy carriers and technologies > Electricity,0.0,0.0,0.00077963,0.00050095,0.00217117,0.00207933,0.00220677,0.00478213,0.00454767,0.0048591,0.00504796,0.00229038,0.20358749,0.22999351,0.0,0.01656905,0.00648143,0.00647089,0.00651123,1e-08,0.0,0.19936399,2444.08295885,17.0647632,0.01052842,0.00170615,0.05561608,0.01137285,0.0028762,0.05084165,7.77247483,4e-07,1.9e-07,1.9e-07,1.9e-07,1.9e-07,1.9e-07,1.9e-07,1.9e-07,1.49e-05,5.614e-05,5.614e-05,3.011e-05,2.434e-05,2.646e-05,3.917e-05,5.75e-06,2.25e-06,1.657e-05,0.20077638
"Electricity from wind power, production mix, at power plant, AC, < 1kV",Product-as-a-Service,Energy carriers and technologies > Electricity,0.0,0.0,2.557e-05,1.432e-05,8.74e-06,7.6e-06,1.127e-05,1.886e-05,1.611e-05,2.51e-05,4.205e-05,1.812e-05,0.006645,0.00733132,0.0,0.00089083,0.00057868,0.0005781,0.00058027,0.0,0.0,0.00656803,321.32093574,1.39404391,0.00037098,7.013e-05,0.00193555,0.00044522,0.00012066,0.00197228,0.50213463,0.0,0.0,0.0,0.0,0.0,0.0,0.0,0.0,5.2e-07,2.68e-06,2.68e-06,1.05e-06,8.4e-07,9.9e-07,5.61e-06,5.5e-07,1.3e-07,2.08e-06,0.00660398
"Electricity grid mix, consumption mix, at consumer, AC, 230V",Product-as-a-Service,Energy carriers and technologies > Electricity,1.6e-07,8e-08,0.00092422,0.00056781,0.00026314,0.00024064,0.00027574,0.00056518,0.00051978,0.00058631,0.00060829,0.00028621,0.36410296,0.411613,0.0,0.01162307,0.00454416,0.00453756,0.00455733,0.0,0.00011601,0.35798095,51211.86814419,59.66679239,0.00201844,0.00033578,0.01099701,0.00221259,0.0005468,0.00978134,19.9663061,0.0,0.0,0.0,0.0,0.0,0.0,0.0,0.0,1.679e-05,6.602e-05,6.602e-05,3.254e-05,2.684e-05,2.869e-05,0.00028712,3.286e-05,7.86e-06,0.00012136,0.35845813
"Process steam from natural gas 90%, consumption mix, at power plant, heat plant, MJ, 90 % efficiency",Product-as-a-Service,Energy carriers and technologies > Heat and steam,0.0,0.0,0.00010111,0.00012434,3.511e-05,3.216e-05,3.536e-05,7.776e-05,7.001e-05,7.83e-05,7.937e-05,3.603e-05,0.09040866,0.10691975,0.0,0.00077059,0.00065108,0.00065089,0.00065166,0.0,2.778e-05,0.08814716,275.71117546,0.19956687,0.0001329,1.855e-05,0.00073677,0.00017435,3.755e-05,0.00076197,0.07765522,0.0,0.0,0.0,0.0,0.0,0.0,0.0,0.0,8.39e-06,1.529e-05,1.529e-05,1.781e-05,1.427e-05,1.398e-05,2.48e-06,8e-07,6.6e-07,1.31e-06,0.08823114
"Electricity grid mix, consumption mix, at consumer, AC, 230V",Product-as-a-Service,Energy carriers and technologies > Electricity,0.0,0.0,0.00078879,0.00072455,0.00035699,0.00033103,0.00036838,0.00075159,0.00069989,0.00076852,0.00078306,0.00037626,0.49301309,0.52990062,0.0,0.01163875,0.00573969,0.0057318,0.00575511,0.0,0.00024458,0.48816521,44458.65829143,32.18755766,0.00256259,0.00042036,0.01382714,0.00284976,0.00072669,0.01241962,11.01872205,2e-08,0.0,0.0,0.0,0.0,0.0,0.0,0.0,1.519e-05,5.377e-05,5.377e-05,2.483e-05,2.132e-05,2.013e-05,0.00015424,1.944e-05,6.19e-06,6.439e-05,0.48846327
